GNI per capita (constant 2000 US$),1961,1962,1963,1964,1965,1966,1967,1968,1969,1970,1971,1972,1973,1974,1975,1976,1977,1978,1979,1980,1981,1982,1983,1984,1985,1986,1987,1988,1989,1990,1991,1992,1993,1994,1995,1996,1997,1998,1999,2000,2001,2002,2003,2004,2005,2006,2007,2008,2009,2010,2011
Abkhazia,,,,,,,,,,,,,,,,,,,,,,,,,,,,,,,,,,,,,,,,,,,,,,,,,,,
Afghanistan,,,,,,,,,,,,,,,,,,,,,,,,,,,,,,,,,,,,,,,,,,,,,,,,,,,
Akrotiri and Dhekelia,,,,,,,,,,,,,,,,,,,,,,,,,,,,,,,,,,,,,,,,,,,,,,,,,,,
Albania,,,,,,,,,,,,,,,,,,,,,,,,,,,,,,,675.423961182211,623.449264155735,707.283474738817,785.22615834388,913.864634411003,1012.68161395093,913.908902563551,1034.52751843793,1137.07053436573,1233.93961021513,1328.35601262466,1352.6481162626,1424.18388220609,1491.98658115703,1557.33530497235,1642.81967260728,1738.32986253461,1832.73878719347,1833.97038754784,1892.60670452019,1951.94899496706
Algeria,1149,905.611733216718,1134.79047068514,1161.12469053439,1186.03832901872,1093.23231726431,1174.22851491785,1270.10173312388,1348.6751279229,1403.85647166812,1219.2342384743,1512.3072617629,1517.2442534445,1583.11174188144,1604.25089773656,1675.36122531181,1708.44427505889,1800.34998552878,1852.74304551184,1808.50447688997,1799.89778364547,1854.46711310346,1899.2905092586,1940.76267393911,1952.93912596186,1918.22585943575,1853.29794382924,1771.64614588899,1802.89832863224,1770.50327178705,1684.37132357471,1682.06845268698,1624.05982006692,1568.60068731765,1583.47485846047,1615.13532240061,1617.4462004112,1685.40324544354,1707.02907109386,1705.65121842182,1754.5639269513,1799.28715235742,1891.35693772504,1954.05067976263,1999.30867115406,2025.73528394914,2110.14862697214,,,,
American Samoa,,,,,,,,,,,,,,,,,,,,,,,,,,,,,,,,,,,,,,,,,,,,,,,,,,,
Andorra,,,,,,,,,,,,,,,,,,,,,,,,,,,,,,,,,,,,,,,,17539.4420048658,,,,,,,,,,,
Angola,,,,,,,,,,,,,,,,,,,,,,,,,,,,,,,,,,,,,,,,534.915721155101,,,,,,,,,,,
Anguilla,,,,,,,,,,,,,,,,,,,,,,,,,,,,,,,,,,,,,,,,,,,,,,,,,,,
Antigua and Barbuda,,,,,,,,,,,,,,,,,,,,,,,,,,,,,,,,,,,,,,,,9761.09782295026,,,,,,,,,,,
Argentina,5594,5450.30717192226,5085.05425209611,5516.80942763864,6012.20548852518,5970.7471321993,5855.41099208464,5938.25665100115,6470.25949628808,6362.37721719461,6944.07311188735,6762.46286007102,6965.05849032446,7226.20060850591,7178.53571621728,6833.38055340808,7138.25022921539,6725.87512339373,7284.24376693931,7475.00444931644,6840.31241184862,6160.00433444913,6322.08024997444,6399.11756819344,5809.79345259184,6237.66804509704,6319.07301609809,6082.7221459311,5302.67282198281,5337.64604278338,6013.68873696095,6725.16108757918,7070.1613418642,7381.10227372511,7051.965753024,7333.78605501152,7826.44895654166,8002.86972789296,7634.03681353912,7491.21737538265,7073.81827492196,5918.69183328989,6483.67536315074,7039.43692592461,7825.5328015093,8499.515571653,9193.69587522763,9708.5119592633,9614.96190977659,10442.6843817175,11311.916975541
Armenia,,,,,,,,,,,,,,,,,,,,,,,,,,,,,,761.500759969148,707.719276283041,337.387985583663,354.517344873168,423.026069100486,461.291937095366,510.72259914373,550.999046621471,579.952844343681,601.450506170556,638.62193772437,704.101454350343,803.565956002061,913.622385670696,1004.81246746055,1139.70446923587,1297.19312526217,1468.34583636858,1582.37124551051,1326.76078390183,1375.01188427394,1457.09193892782
Aruba,,,,,,,,,,,,,,,,,,,,,,,,,,,,,,,,,,,,,,,,,,,,,,,,,,,
Australia,,,,,10461.7510668213,10461.9522803055,10981.7292444533,11306.4654289837,11853.3742254682,12454.3131291079,12535.3945358334,12812.121509834,12944.9210759568,13165.0178151294,13181.7458333996,13333.5201288609,13642.5833238414,13605.21340714,14000.3291542185,14222.742061346,14506.8065578411,14734.5574494779,14252.0845976615,14638.6393608055,15110.2829898736,15521.9983973691,15664.1231819209,16294.6629872077,16573.0667999939,16838.7004933724,16531.1862224201,16540.4721843164,17127.8497194338,17616.4730573854,17963.6764581174,18460.9509005928,19025.2150915587,19761.4421231989,20568.4748834119,21167.7930972686,21336.9485264564,21908.3037757853,22310.9696577308,22961.5894871476,23131.9790174932,23440.9056174522,23723.4909071611,24264.6890540691,24327.4522575608,24360.9346908515,
Austria,7748,7904.62760066855,8179.0766093694,8622.38040820898,8864.63706472276,9300.86715824933,9499.24865892552,9857.08618119208,10450.7552555441,11016.2445547264,11536.8088279567,12167.8853461029,12683.9927816295,13182.1914423816,13159.3428509195,13766.2042967377,14438.9033299404,14419.5160713311,15238.4459716551,15500.7603166483,15405.3567949486,15715.4436921813,16241.6187284331,16236.4431464122,16631.292912304,16954.2227094612,17174.2503682845,17755.5040494629,18381.6018980873,19049.2651718678,19405.1489364847,19659.0022775797,19606.3587913189,19975.3286036368,20364.9200826017,21036.3612523308,21385.9659903493,22128.9105243214,22768.4725210563,23569.4717459708,23575.736819684,24070.785179896,24228.4109455632,24757.2555532073,25123.0894935892,25889.8869445624,26712.0095514215,27240.4817717662,25995.082037383,26554.6463541729,27333.5360278739
Azerbaijan,,,,,,,,,,,,,,,,,,,,,,,,,,,,,,,,,,558.649493277351,485.403395435785,480.155789481135,511.02376321648,556.559223519325,588.841152436051,619.663494195138,673.766953035188,736.399423116329,812.13065331364,863.63716887194,995.291448935798,1280.76171720126,1500.99163334575,1743.99628209404,2038.50394690461,2169.29169007025,1969.6935682142
Bahamas,,,,,,,,,,,,,,,,,,,,,,,,,,,,,19874.737978916,19057.8713072525,17968.4192944155,17348.3799769119,16826.3296660586,17047.0349647754,20370.8889378364,22394.4204507972,18198.9864815791,19386.072042187,20313.1979703134,20886.7174308166,21145.2386494014,21317.8229216347,20873.637694039,20814.8271634491,21100.8446889125,21364.9293028505,21202.3912719628,20700.5560943725,19427.1822918712,18570.3358655519,
Bahrain,,,,,,,,,,,,,,,,,,,,,,,,,,,,,,,,,,,,,,,,12138.9841859976,,,,,,,,,,,
Bangladesh,,,,,,,,,,,,,230.842489497905,250.181976435154,236.204880190174,244.313191185822,243.7673227985,253.905896272828,258.702920643174,254.161489330405,260.744302879806,259.943527216402,266.332196229332,271.930125929916,270.810958744988,275.518737133346,279.241630294131,277.596920302795,277.446179247743,286.141330192222,288.930643190187,297.44819136701,305.382655925776,312.31660437034,320.806199310597,328.579240120511,340.132729033531,350.984925884296,361.695452743793,377.004780381484,388.974724798394,403.198990457021,420.804030387621,439.425146347183,458.344105833449,488.819792319182,518.721817260839,550.475739365245,577.351381800812,606.867122329444,633.336360763097
Barbados,,,,,,,,,,,,,,,,,,,,,,,,,,,,,,,7921.2081369395,7601.40851832626,7593.92260135708,7914.99810755111,7981.18093166825,8107.90575115102,8638.79729912865,8946.94800207604,9101.62019511585,9258.87177723533,8724.27754387943,8353.67606350089,8521.37038490122,,,,,,,,
Belarus,,,,,,,,,,,,,,,,,,,,,,,,,,,,,,1409.79314276202,1392.19244100678,1255.83171576304,1158.34679252657,1021.51789768538,916.683239552133,946.94478525249,1055.4300326071,1149.09431663296,1195.50644884783,1268.38145778179,1332.36276616112,1408.97360665276,1521.25004979215,1703.45882335862,1872.11672583369,2059.70611261882,2229.81692843051,2470.28089268531,2473.0982087112,2672.77233718789,2780.81915907298
Belgium,7879,8242.69440382622,8523.32266620038,9023.30511435826,9274.00980162087,9504.55030439451,9820.1938969764,10194.955109902,10836.4928887789,11456.0802394194,11874.603679827,12458.9639516874,13190.255082148,13746.630183777,13435.4220016994,14173.5575376878,14205.9185931549,14579.1405069017,14838.1566351787,15441.7799217809,15412.2669026171,15437.9047643209,15478.8697716723,15893.8587807236,16197.3803403094,16498.9054932784,16916.8942995001,17656.4793216887,18147.1820284439,18683.9779194579,19028.4556499904,19236.8583443847,19169.4086992332,19883.366896035,20263.468685144,20563.8955041875,21303.1512131042,21626.220107243,22378.0553490051,23215.4945577226,23167.015419057,23322.2474893408,23450.2117234747,24010.1594316647,24190.0261911788,24731.9449333248,25305.0535956071,25450.0445358353,24047.6830612164,24946.1642970125,25148.2462995848
Belize,,,,,,,,,,,,,,,,,,,,1960.7361357082,1934.78179907599,1846.50292890777,1768.27420885605,1720.29704820372,1689.21334637574,1773.57576257563,1905.58207211797,2022.96553847924,2231.10045106709,2436.9863726201,2602.51001671722,2816.34440240201,2897.98570322004,2812.61124066059,2766.51759820927,2727.67961542638,2733.40315259917,2713.7278767812,2852.73619679709,3103.72789692865,3106.31729768278,3182.86191316887,3368.24433119699,3351.38428538698,3370.4752034943,3410.8805282522,3261.84797939186,3275.6401990683,,,
Benin,261,248.40771359285,256.398072998097,269.307534511246,279.073526768902,284.98270079806,282.801751726248,287.455451580747,289.197466970124,289.505838679785,278.786270333225,291.793568528803,297.64495472172,301.964628620034,278.706892433582,275.02321574433,281.590970621271,278.172935164997,289.015428636664,299.601036617468,320.609071608528,318.21582226493,293.856763006167,303.426703024362,320.132689013513,318.745098223743,305.966478975503,308.608328379088,288.252070510529,289.354861073239,294.692370532342,292.573855960001,295.225437508286,296.779841503606,300.790802590177,308.620294145261,320.712271138641,328.838678199748,334.514929060585,344.075577504059,349.100052929876,353.345271323463,354.560690944091,354.613484225063,354.883581052211,,,,,,
Bermuda,,,,,,,,,,,,,,,,,,,,,,,,,,,,,,,,,,,,,,,,,,,,,,,,,,,
Bhutan,,,,,,,,,,,,,,,,,,,,,,,,,,,,,,,,,,,,,,,,732.870917735456,,,,,,,,,,,
Bolivia,,,,,,,,,,963.500792025745,995.478492651223,1044.82993289867,1077.44478410805,1085.56874009759,1134.34892912114,1159.95101604627,1178.50683069082,1169.60428334403,1134.30204145093,1070.63940336264,1122.0282897354,921.281633934124,897.207464002974,844.425206215496,800.468567509859,765.427938128273,782.131344644695,790.360646116757,805.501932537104,827.016970455846,855.63115503677,860.170092053835,875.075367996737,898.863776519412,918.314191587498,947.112054267826,970.245286232576,1003.28810009208,982.440802664224,983.758785800751,981.186765544388,985.560182609515,980.785159943763,994.910991732873,1024.96627639622,1059.42538534961,1086.80682100219,1140.65685851117,1153.66284960684,1173.63489062005,1219.51747323438
Bosnia and Herzegovina,,,,,,,,,,,,,,,,,,,,,,,,,,,,,,,,,,342.940937662807,428.92962696655,863.906611918424,1161.25764112896,1606.25409085656,1651.2854248375,1650.34576356885,1677.24780792462,1726.99596794851,1770.18864835465,1864.4097904638,1947.34331060737,2047.75954043346,2184.62933867179,2315.40481655222,2254.38229642795,2246.19582836001,2279.79960420044
Botswana,,,,,,,,,,,,,,,789.682120007696,841.185303220452,906.20251183336,996.22712952999,1074.93194516791,1110.03488444799,1258.15044094014,1352.99314946367,1405.37285969193,1398.90267366236,1441.96617644758,1520.61892791978,1565.75692813618,1916.46996894384,2054.08668924358,2278.34492733403,2488.73511723824,2514.05698204758,2596.63700622045,2323.93927552035,2478.28862460159,2433.08367181406,2689.19540162081,3073.24729434382,2945.46856750254,3004.19889154053,3205.82839711545,3107.35573842378,3362.36453731912,3495.2818397944,3559.06342805072,3751.54953854799,3917.66053891016,4039.79816572365,3970.61551232416,4152.08485161428,4314.707289123
Brazil,1549,1581.62542312949,1548.13471540358,1555.61576122416,1558.14856465665,1504.69621407047,1557.4689050084,1708.96180860207,1839.76308753221,1959.94045452323,2136.91450008636,2344.24187298929,2599.99490660213,2780.23644773225,2839.28789893126,3039.45842102216,3100.62404026139,3104.19419799757,3226.96762578423,3418.9331828924,3164.60463022936,3077.68655186472,2881.34998916072,2967.65477912525,3149.88706754758,3366.13187152582,3445.1480503723,3368.24081424146,3445.5008052656,3263.4157783259,3272.67531892421,3217.17988762912,3297.18809426068,3447.46977622174,3553.13820197452,3573.92204925056,3623.01276113554,3558.54434046014,3479.17611662104,3593.3297278322,3564.12983451198,3608.02938206197,3612.42475296245,3780.64025968897,3862.18590215375,3988.3777633176,4208.0562936683,4370.66956383408,4335.72502326348,4627.96223561409,4707.56634226534
British Virgin Islands,,,,,,,,,,,,,,,,,,,,,,,,,,,,,,,,,,,,,,,,,,,,,,,,,,,
Brunei,,,,,,,,,,,,,,,,,,,,,,,,,,,,,19409.3314173278,19075.0174848233,19126.478880879,19478.0978921317,18997.8797349104,19065.319269778,19395.5200358177,19445.2516316959,18685.2384300041,18135.1281789586,18253.7763071888,18350.1306212938,18441.346888961,18749.5770716778,18896.5259193136,18609.152643188,18311.8813535688,18745.8047742332,18547.0711434918,17846.9648613256,17216.0002756163,,
Bulgaria,,,,,,,,,,,,,,,,,,,,1259.62055749211,1330.46817767571,1362.11312962019,1412.87848408798,1463.32080418708,1498.98787015558,1555.2977808195,1634.47703837687,1792.62290374881,1728.75817564072,1517.93625148461,1385.8934219403,1425.24231564282,1413.37901212078,1440.72024429055,1467.79526153121,1327.61387657704,1326.68297996886,1419.05900180172,1466.13853865855,1539.76520642266,1678.5762379183,1825.74579442722,1928.4756745645,2060.58034240485,2182.89824627608,2269.8306033269,2294.7748118644,2524.73065827943,2435.84136458124,2468.27398766121,2500.69241146523
Burkina Faso,,,,,129.358449269218,128.445422031247,137.230797676202,138.821299083044,138.927343539277,136.914303601824,135.959015795423,136.150611313675,134.279110873817,141.986884069771,141.605908865095,150.901448605688,146.683496971419,151.799744615225,154.161232382375,152.248020883341,154.352348631728,164.972630606547,161.392503940588,155.036833492427,163.919478576062,172.620772072634,167.562424980968,172.3959469602,171.56670767891,166.399808874642,176.53810957746,172.071564090146,172.791163756856,170.080663805392,175.494196266427,190.834246354647,196.628497239983,205.172069336666,214.111289415392,211.969820591421,219.649418118487,223.862666413641,235.06297101867,238.691246631125,,,,,,,
Burundi,,,,,,,,,,,,,,,,,,,,,,,,,,,,,,,,,,,,,,,,132.941446127789,,,,,,,,,,,
Cambodia,,,,,,,,,,,,,,,,,,,,,,,,,,,,,,,,,,,225.80017327608,230.344496752434,240.838299957441,246.094326485924,267.338366158548,283.917043837757,301.21976789501,313.296958705583,337.32518775701,366.66273618142,407.847446170294,448.288738212311,487.43587956683,508.232354244926,506.167867367525,527.292546193714,
Cameroon,,,,,,,385.578685433519,406.459551398174,426.618930640786,434.50182149698,450.11771559253,457.941080203277,439.760882530268,476.168107528441,528.889519227855,483.730693264963,464.763567228869,652.261296120841,691.787154683105,583.820199046533,718.388761007442,774.250289599841,809.564996334122,866.687593840408,913.461570584461,963.510997529469,915.657185621565,827.03059314025,776.885961786103,692.205698742873,633.147699617209,603.083683803738,568.938587474353,535.822605732065,538.508556974519,551.784255830861,566.331686459321,588.920291385376,603.85964653437,603.664061636965,628.295719481181,627.351197636177,652.906948264538,670.981617156764,669.689911557441,685.212582157228,700.912785758795,698.405209550929,702.654807076938,706.17715262041,716.000726173098
Canada,9311,9792.33660381241,10105.4428367038,10584.9315066285,11086.7944222175,11597.3573767067,11715.8395037033,12161.4180975571,12655.4750150822,12787.705495303,13118.4520557273,13632.508855069,14325.4861572276,14573.0078413307,14558.1579371296,15069.4167281308,15361.7525070604,15753.7461799379,16147.3465421607,16284.1579455617,16541.8165308584,15854.2430336423,16208.5770345307,16958.542342443,17616.6940365045,17814.0463410481,18382.1689589477,19021.1653397076,19133.4759085252,18857.8397677958,18265.8440971543,18151.1700669406,18408.5428034708,19078.2521538669,19466.564604396,19593.6662288124,20261.423570217,20881.5634985765,21839.6997240824,22946.0594052989,23071.087222571,23616.2139282768,23846.5301264665,24415.5602583804,24941.333078652,25668.0936481115,25869.4676347215,25741.1522648935,24662.3878408055,25103.1230870059,
Cape Verde,,,,,,,,,,,,,,,,,,,,548.190320326441,605.780433802448,590.856912154964,621.292933272631,640.384241776545,686.883374859879,707.150726861542,740.375652576662,781.088364693123,824.170877313775,812.713055011807,803.90594439773,807.758132187766,842.169773395707,873.68093102683,911.306887782356,945.821051675478,998.291616270633,1057.60450187916,1154.7968499799,1201.11726555857,1274.19317034973,1299.12749450927,1346.79270723568,1378.90829777263,1421.64488001348,1533.37416012454,1687.66213461641,1757.63033478541,1817.77205564813,1856.0355134505,
Cayman Islands,,,,,,,,,,,,,,,,,,,,,,,,,,,,,,,,,,,,,,,,,,,,,,,,,,,
Central African Republic,,,,,,,,,,,,,,,,,,,,,,,,,,,,,,,,,,,,,,,,255.775845038327,253.424025661616,247.715958261791,226.689018208666,225.535667345421,227.132073637926,231.487205343466,,,,,
Chad,249,257.045700971846,247.750675547583,236.60041991328,232.96146169911,224.203824173183,224.521631073771,218.05992005512,228.991905598535,228.599198513224,217.985954385443,215.51252332485,192.580779784398,197.45631157706,211.051567546075,212.971830025678,212.711121327134,207.321042155338,158.326868793013,146.789576657365,145.566597844983,150.460928909312,169.831606393994,167.121629395186,198.092189833734,183.617765059256,173.546991081271,194.230851354948,196.616034393399,181.813100610038,193.348715690557,203.234346835474,164.544469260792,173.123000878703,173.454117420273,171.387212385037,174.722665309503,182.891248655877,175.647116527229,166.3256102264,179.167581392509,184.279540720408,175.134286766738,228.771099800874,243.01457640563,231.69494596647,,,,,
Channel Islands,,,,,,,,,,,,,,,,,,,,,,,,,,,,,,,,,,,,,,,,42957.4208147986,,,,,,,,,,,
Chile,1756,1819.57260463361,1872.34965312197,1877.99076683968,1826.2423344094,1973.43005503037,1991.60014049757,2028.33753304386,2054.68632089503,2072.18263042662,2252.00260518683,2201.39938542418,2062.50103934643,2118.2346747061,1810.90749552682,1856.53575240736,2110.28904347764,2112.9139833208,2262.05736779985,2402.84558000488,2452.15536997397,2096.00246899182,1967.2441817371,2060.06171194204,2127.48795864297,2248.41718868378,2414.54937002564,2548.17637075463,2801.25798380617,2898.88163128622,3079.78434358222,3432.37178675386,3632.37277921594,3732.65680258226,4089.17882376119,4352.45784418406,4580.36859370448,4701.12120299859,4578.46683916796,4690.89562206145,4802.66010558468,4823.34531413098,4868.7779550085,4977.21215840967,5120.59260751745,5096.2016256193,5362.29573749071,5767.22974516119,5694.39733813146,5930.13938829722,6310.68296186888
China,,,,,,,,,,,,,,,,,,165.047394672875,174.838422596552,186.349034446336,193.525812507848,208.521658858491,228.62311446383,260.174447713843,290.45228913284,310.490833436448,340.756120672386,373.303254923349,383.1438497292,392.80650676078,422.823907958491,476.210367331952,534.809350071884,598.68437937687,647.188831711301,705.611365646232,765.667136397364,813.413097383294,867.659665589866,937.563125976644,1005.72137815567,1094.83888942439,1203.37077474494,1320.86421947079,1453.97953169369,1637.73088188244,1868.03333806764,2039.93111651857,2211.50687716389,2416.57984319005,2635.64787467494
Christmas Island,,,,,,,,,,,,,,,,,,,,,,,,,,,,,,,,,,,,,,,,,,,,,,,,,,,
Cocos Island,,,,,,,,,,,,,,,,,,,,,,,,,,,,,,,,,,,,,,,,,,,,,,,,,,,
Colombia,1207,1234.29718260314,1230.80406265672,1275.98596385906,1264.56679562507,1297.54229028415,1299.7113168551,1363.37037521831,1402.55231104695,1443.46921398128,1499.49952695754,1575.29421751942,1652.67288364812,1717.78606412511,1700.82218783746,1744.92938691884,1788.77916397944,1898.3614432628,1964.1281020341,2006.39402779365,1995.01257715133,1933.30597975168,1910.58614007999,1922.61468571911,1921.90633188152,2009.14983517167,2060.49210540926,2116.13137553673,2119.86155732118,2202.14150462017,2225.71113701468,2302.74961118381,2334.94255491959,2464.98540113567,2548.35816410094,2544.22156337153,2582.34010922585,2564.23815748264,2415.14971114414,2465.72890965647,2459.27107897195,2474.5968570395,2512.82438224862,2602.76230899418,2680.9808600114,2818.79164672569,2961.72664477568,3008.78282400312,3021.82972799327,3089.38411252762,
Comoros,,,,,,,,,,,,,,,,,,,,,,,,,,,,,,,,,,,,,,,,359.561089773221,,,,,,,,,,,
"Congo, Dem. Rep.",271,326.012707597744,332.999290535936,322.745843957327,318.495018570458,330.009604803297,317.550414272064,321.46029425608,340.994036438652,330.619170539118,340.794739717912,332.429995403598,349.92947466302,350.860603394579,323.002141874438,294.41486771451,285.546596865633,266.705404329024,259.046622935845,254.448354915796,251.533764566428,242.697972890653,240.119354065954,246.850681725247,234.927814021201,248.5254433355,230.557443731216,224.015651732083,216.182664153338,193.368300569383,170.483955757702,145.572044120058,124.375467333976,108.06409048414,102.928343691859,107.913375721732,98.9395823381131,95.9886015098929,87.3981493357598,78.946144892258,75.5077210250676,78.519906168662,82.2552969789812,83.9202916542924,84.9367147326906,89.2486146795691,90.9408687562602,87.962975164411,93.3286995967294,97.1597015081036,99.5411776181508
"Congo, Rep.",,,,,,,,,,,,,,,,,,,,,,,,,,,,,,,,,,,,,,,,725.572576807614,,,,,,,,,,,
Cook Is,,,,,,,,,,,,,,,,,,,,,,,,,,,,,,,,,,,,,,,,,,,,,,,,,,,
Costa Rica,1701,1758.80783397905,1785.13005187899,1789.97913676822,1899.42959656665,1986.17790455037,2035.5170029064,2146.36785801875,2220.48717089186,2332.87244562515,2433.29156640455,2534.66293486698,2678.04952266848,2770.58536855715,2734.90514591968,2815.11353736401,2998.67810220844,3083.37221397722,3134.44491230042,3047.9878943662,2723.20599450697,2317.44100471199,2509.44417687521,2640.31143726792,2612.97928038472,2707.34483044384,2820.21049530071,2837.74970744518,2898.09468665432,3014.44885215274,3041.12374158328,3241.25808092489,3398.42737944654,3515.71117090365,3542.06740139265,3499.23248018396,3586.29103376924,3733.78801282017,3595.80611750748,3749.94925511987,3858.82392302474,3916.3027539076,4073.56653087861,4169.51404828396,4354.31825516636,4692.79460601929,5004.66954938863,5076.25271488809,4923.44494284176,5093.23930578942,5249.89827430824
Cote d'Ivoire,575,551.546233928241,597.782940124842,684.13724859694,636.431313526055,679.396876764207,682.922059655462,741.408984942174,777.326783540891,827.889160740084,854.844096415872,861.8539104281,864.073002655655,869.513173022835,896.979227982928,966.627648489652,990.723429983474,1042.07011807377,1008.67502368285,867.451408938518,849.700891893075,808.669583618773,723.529601019906,691.173462059709,672.713119512648,686.080722237059,654.661582251493,638.006083679926,611.074365142624,587.728789156813,573.112152101522,557.035639362522,533.616676713759,528.073668639942,551.772799951879,587.681087993194,614.573131102792,629.369258406364,621.518791682472,585.889723107452,583.974622816475,567.014759857498,552.630590301428,557.828972833237,556.776285836608,549.857806735321,548.827702362329,551.684520538726,560.806820988569,563.04811748445,525.50498773885
Croatia,,,,,,,,,,,,,,,,,,,,,,,,,,,,,,,,,,,3896.66316592575,4280.46253349212,4506.44336031786,4625.70043001655,4458.277162244,4769.82990242224,4932.03304861936,5183.15014854437,5364.01674325186,5683.76647465269,5861.79706042558,6132.12112531253,6474.9720913393,6566.13561062572,6130.60403948353,6108.64220631225,6114.39383584611
Cuba,,,,,,,,,,1741.76893940402,1858.36494948833,1914.62516675549,1947.96940672284,1937.92472753457,2094.08594765394,2183.50779772367,2351.68014742116,2487.43731741569,2498.09579860656,2362.46655563555,2813.08084294009,3050.31531740626,3202.6838381303,3440.60669526709,3465.50615069524,3441.71526507321,3325.07468179756,3421.78543304039,3415.09108608564,3263.33885418584,2902.18298039198,2559.61413127151,2163.90853623402,2166.15766205424,2193.97123006739,2361.23303345288,2419.43528639721,2419.3707677043,2558.81982811363,2696.54682824593,2785.83423683093,2810.00115472269,2914.69062875328,3070.8235431436,3417.04748140394,3837.41143944959,4095.31382346885,4274.79268353479,4337.26477467197,4429.85741537429,
Cyprus,,,,,,,,,,,,,,,3874.30420594201,4694.98254603753,5528.87174664363,5928.52317218947,6433.81666926027,6745.46600760464,6785.61812018732,7102.22730975178,7350.81652757449,7908.00819123537,8205.86034784309,8399.77352752462,9000.45046883343,9669.21120047815,10312.9314747163,10852.7350595955,10659.4659754594,11307.5085338994,11137.9879605688,11517.6215251575,11598.7372938537,11643.1729950157,11661.4490394152,13215.3304461712,12465.8974920308,12546.144939646,13055.9289430521,13465.2903454851,13642.7879795669,13580.8308001963,13809.3363325874,14010.8124193454,14369.2934712884,14601.3695725976,14948.4577575005,14928.5238827402,
Czech Republic,,,,,,,,,,,,,,,,,,,,,,,,,,,,,,,,4857.43607248175,4804.7113430982,4926.44467405276,5199.18063737507,5393.34644589682,5350.30089972651,5331.96942483594,5398.21696388448,5626.39760971672,5756.26120258609,5839.62536355694,6072.49380026867,6270.08393740053,6722.57561332458,7108.73171349921,7312.42036650083,7672.44448492702,7115.19272348538,7294.75874090113,7404.77321771322
Czechoslovakia,,,,,,,,,,,,,,,,,,,,,,,,,,,,,,,,,,,,,,,,,,,,,,,,,,,
Denmark,,,,,,,,,,16451.7542722573,16807.8555355858,17399.8392450938,18117.5028649826,17755.4325260376,17548.8551182483,18571.6269875189,18936.6293379029,19326.4704336388,19864.428951195,19582.8009342254,19256.1255066555,19852.147462406,20431.9321302328,21194.9799367783,22015.6982997584,23130.7882822242,23245.2120396683,23156.9540690398,23201.7825980377,23480.477672009,23706.924790978,24188.1807749762,24249.2943812023,25533.5320364188,26284.2342764944,26820.0732765448,27525.2525876615,28098.6357325151,28804.5857855721,29346.3374015583,29655.5187232803,29765.7704842862,29967.1530869327,30901.6552596702,31865.4067804763,32991.0640194363,33105.9347477412,32821.1017136117,30747.2578313812,31241.8109745461,31669.1524579341
Djibouti,,,,,,,,,,,,,,,,,,,,,,,,,,,,,,,1134.36544938582,1107.0896463457,1025.62263761483,985.139656016403,931.406409695114,865.827438028078,825.707747119743,795.858650323924,789.270179494519,774.691096692477,766.808573087692,773.818060816994,826.742986488682,855.289909139597,864.012392142162,,,,,,
Dominica,,,,,,,,,,,,,,,,,2204.23105255777,2425.7995246381,1964.2272534413,2248.42216754469,2524.17942054151,2624.13216988826,2689.51738785861,2811.8658087184,2780.08229465389,3093.11264506605,3302.90337772859,3647.91912256213,3605.49564493741,3876.89744550668,3854.08863792397,3941.41676496394,4022.04748014108,3990.42361612897,4033.2269153976,4062.80655468195,4206.3070719602,4467.54291589648,4349.36296161594,4153.99833398987,4374.605952264,4261.09944228986,4631.01422417986,4721.3177356757,4770.96731729738,5228.61260286491,,,,,
Dominican Republic,844,951.826261852229,983.230781307445,1019.29440515393,871.671171250219,952.187133007395,955.218400702333,930.777857547771,1001.46081712492,1167.22094035783,1265.89430341175,1386.16665052888,1501.21000699716,1544.55622961412,1586.32007072065,1650.71505881681,1667.54627778167,1689.10826518384,1739.19490848559,1766.49607826198,1789.75844686301,1794.05210249011,1831.19566178896,1816.03544646497,1699.62864143408,1749.02770187369,1866.64760821909,1844.52699344884,1907.44679656824,1775.27807527919,1766.22325170074,1911.15240427374,1976.65726324161,1997.38589885218,2069.46451020777,2196.39331588289,2329.65345649511,2445.70015794673,2562.32156056473,2671.72658785043,2675.20623268293,2790.15659664095,2681.86282216912,2622.81896047047,2910.53823513353,3189.90201315994,3415.98529514354,3589.04431267175,3665.63336700579,3913.91367057698,4026.95527248982
East Germany,,,,,,,,,,,,,,,,,,,,,,,,,,,,,,,,,,,,,,,,,,,,,,,,,,,
Ecuador,785,799.693682724752,813.299211827461,851.794091440222,849.427560201868,824.585032766282,858.051242234194,851.847583117424,873.334522208388,910.943921536708,937.268956220897,951.066981191959,1049.16881714891,1100.02493239993,1202.42532056811,1248.71916276843,1235.71677410074,1275.95347581673,1288.84544584809,1308.0984313,1306.15995345575,1238.61747729531,1173.33110755996,1167.34062261511,1147.47214338979,1167.96787920555,1097.59789006417,1154.1596661782,1135.32898735762,1140.9461288977,1200.49844736807,1219.74904074644,1229.34621910661,1269.88863912812,1275.77573877261,1280.56888379896,1317.42746679306,1316.6015092449,1181.15746483139,1177.02214633304,1255.82148343079,1308.05985228034,1326.7815260198,1413.26161800253,1482.46347543956,1535.78038224776,1543.66328323923,1659.47330880132,1644.95453754456,1694.48162859866,1744.3316809484
Egypt,438,454.646912809592,482.286680653091,506.206397468766,538.341158563623,530.645944326458,522.509505508093,524.036361009114,543.136948522624,560.35455587541,566.306140316378,565.811671174519,553.715802947867,554.749975537391,585.029507280054,653.054062205521,717.905635839903,729.585758438396,741.162698568051,789.397420721364,792.747312716455,857.311653156813,901.842010918349,932.639383631804,936.791154565337,929.108704187829,1041.77422431359,1079.85586091783,1101.10993779643,1125.56220727553,1132.89980692785,1164.37870629228,1172.29163887962,1210.93969545544,1251.93483429253,1299.41237601393,1353.59241261896,1386.90390048063,1441.57349569973,1489.61856739506,1517.00448521066,1509.91768114597,1525.73594904617,1556.84375015689,1596.3809243253,1687.34536461169,1781.47411199047,1873.77455375316,1913.92164639713,1939.59742467328,1928.96873082682
El Salvador,1447,1567.89371549181,1582.94371955964,1676.73934619329,1710.49328739954,1780.87133404297,1822.01945737541,1830.43382184584,1842.96579748363,1847.15691589179,1867.52374589909,1928.699112101,1969.79099365558,2007.72383564153,2019.26921292763,2104.82919240708,2193.0199508316,2251.54024506846,2130.27719051019,1826.28096522904,1603.31564093006,1472.20184356816,1471.6508535601,1472.51188435081,1470.5853195588,1452.03954433143,1472.04414163279,1483.08642061272,1479.27096409191,1538.1959820569,1566.737263957,1670.11775890232,1760.87161531346,1851.37824688544,1951.00511344726,1966.74109837879,2021.56909939986,2085.60426738647,2124.98358484987,2168.41521908387,2195.54571781938,2230.72574514163,2261.14305715392,2293.98745861566,2367.91905030095,2464.09820046446,2550.12660010866,2583.43841282201,2468.49535307808,2492.33068039399,2510.25552204005
Equatorial Guinea,,,,,,,,,,,,,,,,,,,,,,,,,,,,,,,,,,,,,,,,1698.82274694594,,,,,,,,,,,
Eritrea,,,,,,,,,,,,,,,,,,,,,,,,,,,,,,,,134.920356482794,153.240958783406,185.506745998726,191.549995261164,201.253091759359,213.854295941134,213.93685027075,207.810239244999,172.886848911279,200.828946096119,197.434641866501,183.830066099279,178.618079658722,177.198575090536,169.537491755413,166.790923400152,,,,
Eritrea and Ethiopia,,,,,,,,,,,,,,,,,,,,,,,,,,,,,,,,,,,,,,,,,,,,,,,,,,,
Estonia,,,,,,,,,,,,,,,,,,,,,,,,,,,,,,,,,,,2851.27720414556,3074.10831505449,3380.02803333621,3692.04452751293,3703.74256929941,4008.46422034624,4241.35869061602,4532.37977375352,4845.1525862505,5186.42543387724,5715.20102145753,6204.67545692896,6566.10696588574,6422.43886906794,5665.060490761,5670.83966432923,6104.72813695986
Ethiopia,,,,,,,,,,,,,,,,,,,,,141.717834869031,139.016622192541,145.779242261083,136.998779816035,117.702238904767,125.040263527532,137.667509190284,133.764478184237,128.808792254809,128.22038635149,115.088403116967,101.513753425716,110.512826256959,110.327465401571,113.88292680591,124.649240103559,124.166542071232,116.917486103993,119.906080397437,123.813573637084,130.803168488516,129.606698150769,123.37024219931,136.965475921549,150.046292231285,162.571051889727,177.733692897205,192.631989020909,204.643956010652,219.652256851308,230.707562872178
Faeroe Islands,,,,,,,,,,,,,,,,,,,,,,,,,,,,,,,,,,,,,,,,24119.580066549,,,,,,,,,,,
Falkland Is (Malvinas),,,,,,,,,,,,,,,,,,,,,,,,,,,,,,,,,,,,,,,,,,,,,,,,,,,
Fiji,,,,,,,,,,,,,,,,,,,,,,,,,,,,,,,,,,,,,,,,2115.72373903183,,,,,,,,,,,
Finland,7801,7971.13309677138,8166.14369592312,8539.25007336018,8956.75408090246,9131.39461734982,9265.09506549332,9425.9974087525,10331.2314657505,10919.9666875611,11158.2678318227,11936.5243551298,12693.3567829834,13036.7337037292,13175.0760420849,13165.1077694219,13114.0923074221,13464.8735899444,14419.8912994521,15152.5770555581,15201.7741868018,15532.5935990297,15907.2991424394,16335.7151929314,16851.6389100315,17292.3550055348,17834.4794168957,18748.7824402412,19429.7047406384,19345.2127161816,17921.815915801,16996.1180420281,16656.9597244038,17405.5418599705,18205.1486991809,18936.1405176605,20232.5229453268,21077.2065868374,22090.0834391739,23349.7674092246,23982.9864786757,24440.1868217937,24638.2509578696,25976.6067490313,26562.3775298079,27758.5116654143,28857.4870060986,28940.5097698653,26676.7313595616,27556.9006296448,28066.1474433446
France,7871,8289.33860393673,8614.90504035643,9054.4653551961,9375.32731678195,9755.08079894253,10126.776856979,10469.0780583591,11111.1284515607,11654.9736327163,12186.6551824767,12621.3263504594,13352.8598983051,13892.1007839468,13592.9761377764,14120.2295519067,14555.3731460683,14999.1266171055,15460.8151171457,15702.4955989882,15759.0459528745,15988.257534611,15992.9811471457,16113.4215551535,16355.3933090144,16688.0283532108,17040.717018536,17699.9104372242,18304.9007844548,18695.17960755,18780.4710351057,19019.5080271709,18845.6983460374,19146.9664563643,19449.9842996004,19689.0203115769,20106.4424678212,20719.6739949673,21491.3585910139,22084.3646455668,22312.9177880943,22206.2314022892,22319.5319598949,22790.2321209754,23089.3082969992,23544.615787903,23925.572871938,23776.2991461106,22926.0651356376,23192.6615003972,23448.2233947816
French Guiana,,,,,,,,,,,,,,,,,,,,,,,,,,,,,,,,,,,,,,,,,,,,,,,,,,,
French Polynesia,,,,,,,,,,,,,,,,,,,,,,,,,,,,,,,,,,,,,,,,14507.5414619778,,,,,,,,,,,
Gabon,2081,2195.96215000299,2875.60675486542,2341.7055264645,2509.9641231953,2628.09547199837,2690.95268981936,2728.25562044562,2981.96749931272,3235.33131092236,3450.62794448874,3771.64523212404,3999.71083200771,5288.75852942262,6300.7770708785,8461.71900378574,7236.39460822012,5062.95457404038,4718.06329691179,4694.04173640394,4887.13976902171,4614.69305045477,4731.79311088635,5165.99534305897,4877.95594276897,4786.48212435812,3844.00416961458,4207.49093877351,4504.22533565184,4339.18707361383,4477.53939810452,4090.12074099384,4064.58457157765,4191.82254516758,4214.17469702594,4191.2895469598,4334.25610980019,4551.46687190262,3934.12256129837,3472.1937393449,3654.62972869088,3746.87445941718,3648.77765915623,3334.68918805468,3584.757631961,3388.5812601399,3581.70528631408,3534.73195404466,3702.64038391908,3601.8021856481,3577.20462797424
Gambia,,,,,,,,,,,507.210829223354,488.951256362372,524.740674741717,542.646636529513,598.219592162182,633.70292294037,638.424743205349,644.938845820109,606.511886984795,618.089979553231,618.237087663574,579.316529810862,594.649950948311,645.444656166775,679.691283840267,705.199731167117,676.388396830316,599.92951337166,556.112008074255,539.315578710643,568.389706227641,571.248777149977,571.986583672839,557.992483924911,549.804324403112,547.158878990904,550.969389113721,553.25320168795,569.705511875984,583.066424786958,594.836650363348,550.617756246701,571.53648111939,594.990810388235,574.663119033529,574.855527452484,602.541507134621,630.84607889134,654.808170868669,680.579635572184,696.750719010407
Georgia,,,,,,,,,,,,,,,,,,,,,,,,,,,,,,,,,,,,,,,,718.549430697424,,,,,,,,,,,
Germany,,,,,,,,,,11965.7397103893,12301.2556060696,12757.3049045061,13322.7883044569,13435.7522440669,13387.5105596366,14121.6347393777,14604.54374945,15110.8648345423,15684.17952698,15873.7660267506,15906.6136968986,15845.5779783079,16185.809665646,16762.9026407905,17192.9957766781,17539.9783952091,17733.8666446504,18410.316608169,19002.4969829904,19828.4766367402,20544.3578979761,20748.7039966991,20366.2962349287,20650.381560105,20877.7601484888,21029.0332581006,21325.2861226376,21651.4229380337,22023.6771750281,22703.3080284517,22991.0532696658,22902.7776370153,22919.687644052,23591.4839583672,23830.1268499849,24958.3204871953,25730.1945289796,25943.6994638018,24885.3691711549,25772.3244064262,26575.2083660016
Ghana,,,,,,,,,,,,,,,,,,,,,,,,,,,,,,,,,,,,,,,,252.051410563847,,,,,,,,,,,
Gibraltar,,,,,,,,,,,,,,,,,,,,,,,,,,,,,,,,,,,,,,,,,,,,,,,,,,,
Greece,3782,3819.16481987283,4191.66291143104,4522.13403277216,4918.85169910043,5180.63404395262,5421.10383659447,5746.65362384061,6288.61133345624,6780.7595459159,7320.19923606788,8007.47291038517,8616.5590482824,8103.80191789702,8498.97798289129,8966.89385370072,9121.10975142289,9613.45688050348,9820.33323782476,9823.67396091944,9547.78017104624,9394.85993691852,9205.17379205229,9250.38668769591,9420.40114697587,9387.06347757458,9196.68962870395,9535.49617487807,9861.76731185396,9918.49317502162,10169.043255958,10158.5672780355,9875.40832526367,9995.17639824032,10130.0989446535,10264.0642715841,10575.106080157,10867.0883989544,11038.7048644618,11441.1495349637,11928.5519951665,12252.4205850428,12828.2516005201,13326.3410835695,13459.8189705399,14045.6996951828,14314.0038104574,14172.2367646917,13770.9701543031,13210.0126850487,12254.4023054201
Greenland,,,,,,,,,,,,,,,,,,,,,,,,,,,,,,,,,,,,,,,,18563.7392688985,,,,,,,,,,,
Grenada,,,,,,,,,,,,,,,,,,,,,,,,,,,,,,,,,,,,,,,,4787.1875274087,,,,,,,,,,,
Guadeloupe,,,,,,,,,,,,,,,,,,,,,,,,,,,,,,,,,,,,,,,,,,,,,,,,,,,
Guam,,,,,,,,,,,,,,,,,,,,,,,,,,,,,,,,,,,,,,,,,,,,,,,,,,,
Guatemala,962,970.093620314734,1033.26141481846,1049.70181864548,1071.60791178562,1097.69278665862,1110.44596068915,1168.38182799073,1190.36061970726,1224.77867615068,1257.50769440207,1314.0025187478,1370.87370693237,1424.22945864138,1411.21370249956,1489.13028830528,1574.39448208606,1617.30292634083,1658.76092775008,1670.09551615369,1633.30962069246,1532.82612208475,1457.63690587448,1416.29771792426,1380.75969965635,1334.04050154563,1355.9071608306,1380.66400809525,1404.67404287384,1417.0924387473,1447.37081259138,1483.38060541228,1508.04806154326,1530.44370532199,1569.86180405427,1574.67380184468,1607.92416227422,1658.66664136394,1678.09335063918,1696.60673885583,1708.55057880291,1714.70674064941,1713.95575703879,1718.94316548464,1730.399351194,1770.92738553047,1833.01182209813,1848.84245792954,1801.79931535548,1808.47268366621,1824.48616798587
Guernsey,,,,,,,,,,,,,,,,,,,,,,,,,,,,,,,,,,,,,,,,,,,,,,,,,,,
Guinea,,,,,,,,,,,,,,,,,,,,,,,,,,317.006745599429,326.519418292006,340.253452927516,335.388776694867,340.118623012866,330.766149816117,326.55759287342,329.170595088666,325.897481457647,326.412128976567,332.367167295526,337.123582321378,346.478657444184,362.209507170104,363.679988015993,366.396372365594,381.873119918503,371.503142206595,373.163960348544,492.996883942896,489.484042399637,500.18963780703,503.299823774296,493.820168937712,500.953545875821,
Guinea-Bissau,,,,,,,,,,,,,,,,,,,,,,,,,,,,,,,,,,,,,,,,163.667974032073,,,,,,,,,,,
Guyana,,,,,,,,,,,,,,,,,,,,,,,,,,,,,,,,,,,,,,,,901.044667151263,,,,,,,,,,,
Haiti,,,,,,,,,,,,,,,,,,,,,,,,,,,,,,,,,,,,,,,,,,,,,,,,,,,
Holy See,,,,,,,,,,,,,,,,,,,,,,,,,,,,,,,,,,,,,,,,,,,,,,,,,,,
Honduras,739,749.251646644078,747.603882168949,762.511286395997,799.0575168045,816.800931421638,835.795252437464,868.059391858271,857.847386902404,862.337483454517,874.800328133172,899.330613975137,939.514184512702,919.532282730807,901.705742558132,946.934940415486,1009.64406136076,1079.51375069712,1091.69862236539,1055.78975278319,1061.42770453699,1000.86681703457,979.623324286279,988.336363559492,1002.20991866675,973.520687209984,995.210581576854,1014.08158639709,1033.63295951616,971.312073812009,967.762018578519,986.726071689258,1061.96228289423,1021.81239169504,1022.37033991451,1040.92008469539,1090.59373219006,1103.5250425151,1069.86276802049,1117.79924124912,1094.73815407194,1112.89570142122,1146.30589208168,1186.76159576453,1238.81503107109,1292.16469957153,1368.20870908272,1392.32485930104,1336.4246604715,1344.12679692399,1336.63435505331
"Hong Kong, China",,,,,,,,,,,,,,,,,,,,,,,,,,,,,,,,,,,,,,,24199.0644669105,25543.0747540779,25895.0459567551,25778.5114373349,27129.3233759912,29029.2160963826,30419.8730333354,32903.2970822371,34970.3402212958,36259.7190525461,34398.2080603346,36255.0224131686,
Hungary,,,,,1808.41104449237,1936.37202535711,2073.86753410365,2167.16951585698,2307.05203087988,2379.23215093972,2520.57310136279,2668.29475000136,2842.59255853767,2993.34036967003,3149.09715364239,3266.41906467377,3486.13197626703,3614.53337169856,3689.70318808469,3702.86871052528,3736.2973450801,3799.7860382066,3878.98684529342,3967.25843818718,3964.56547153674,4037.52881444012,4217.31154640554,4222.87402784611,4257.11098900906,4167.93528263557,3616.42875516687,3530.57683739253,3658.23886095976,3755.80801644968,3754.6136997459,3747.34985942766,3808.49211933427,3965.93148505106,4098.24697312615,4317.40480263839,4482.08930410541,4687.12180316823,4910.80131726444,5125.55646466895,5332.60431392425,5552.87006873888,5474.50936654766,5569.56004593816,5307.26612028617,5362.77146652141,
Iceland,9876,10512.9878441201,11400.7063870056,12323.4077963628,12980.4653284527,13886.6592702963,13473.3886961937,12519.5085795299,12670.8854665409,13604.1373433772,15285.0080430782,15935.5081398472,16775.0921455704,17472.1982643176,17189.8329711251,17993.7900199073,19511.8090117281,20441.9129150821,21223.5189459035,22187.0829561942,22714.7284190978,22765.7323888755,21803.5444150244,22334.2892947152,23023.4163905128,24436.8959730532,26516.6927933298,26020.0171156641,25503.1233166625,25650.6117006102,25481.8353286958,24413.4632206065,24442.3427339247,24929.0902510222,24894.700243918,26090.6124918752,27151.0422580751,28587.7394495387,29461.3796789066,30073.3249321293,30714.163352174,31430.7014326377,31525.4744347789,32855.1807823115,34831.1138819837,34806.7535341268,36294.5611708054,29922.8137714507,28508.4596520718,27933.9022265934,29711.8000886823
India,183,184.582061007148,191.764737632682,201.704616976328,192.214792061553,187.787575625475,198.21665512327,200.588995205479,209.064265687402,214.978852902037,213.631329070765,207.674449295313,209.722058793343,207.544752752049,221.407165504355,219.919653912473,230.407409644404,238.069712449992,220.902741984398,230.566864074733,238.327107450428,240.185207298333,251.65021548949,255.085175802727,262.708530725278,269.037313172531,273.230947857461,292.190821004088,302.718840902422,312.429309335087,308.631709445663,319.010351977372,328.063698472055,343.538484160584,363.215749366335,384.197343163429,392.837494683567,409.812052134561,437.198237611967,445.69360882966,461.02353848864,472.390538055082,501.599068188297,532.998096711528,573.658124511924,617.169406218352,670.340437682706,685.283668696302,731.379700396245,786.623775585652,829.814947595679
Indonesia,204,203.315482238482,193.017937999115,194.124424727755,192.28251979708,191.699769263401,189.503509775509,206.627332781922,216.565774744726,227.967508966597,237.263061898964,247.587895820203,264.302688843546,276.451023042849,286.833720018852,299.784080175243,317.00316547361,337.264791099987,345.230194588504,366.254504434152,388.351014956531,377.413988987793,404.638820515212,416.746212362003,424.621625078539,443.346476900065,457.353020097244,481.898167742346,516.680041621341,552.210890090894,539.863319670658,576.193436427703,664.500446590966,711.408491946792,757.579194858767,805.951479343267,829.587192121287,689.981279739038,673.393500877108,704.408015524477,743.43212347838,773.110446145527,793.108506268922,816.643035396084,850.963070676728,892.675671794857,940.872190023517,993.393968081928,1028.77574013016,1088.8106916355,1145.61669505196
Iran,,,,,932.732857852031,1009.04417915376,1085.89215840736,1180.59388279121,1297.10352105295,1385.61274336783,1527.12032586574,1760.68234206752,1809.65716264286,1952.17542594715,2003.8938109993,2293.80565491527,2176.61712145056,1889.21506816027,1793.75535059727,1491.95003254934,1364.04298040989,1477.05870323889,1600.74704857817,1516.70790290137,1487.72210708415,1303.33835649893,1238.11734280293,1122.44929271004,1156.86059420722,1279.79031758219,1414.35816542311,1449.01113086391,1380.08226634317,1349.9647273382,1379.63568167025,1452.85723795162,1482.16468348863,1498.52754754103,1496.80150361482,1550.83180794979,1586.88096059948,1649.2574362413,1740.08362169859,1808.62284732905,1866.47056140358,1957.74881817944,2098.08864753776,,,,
Iraq,,,,,,,,,,,,,,,,,,,,,,,,,,,,,,,,,,,,,,,,,,,,,,,,,,,
Ireland,,,,,,,,,,,,,,,,,,,,,,,,,,,,,,,,,,,,,,,,22122.1376322591,22319.7991088586,22770.8873214196,24168.9648354419,24894.9955993217,25829.8228275519,27033.098855433,27544.627742155,26375.7031975194,23314.0162392045,23062.821097561,
Isle of Man,,,,,,,,,,,,,,,,,,,,,,,,,,,,,,,,,,,,,,,,21195.4031515547,,,,,,,,,,,
Israel,,,,,,,,,,,,,,,,,,,,,,,,,,,,,,,,,,,15916.3162564877,16743.1365919865,16888.0371743868,16985.7914810916,16852.3567534755,18124.1895347758,18405.0623741862,18128.8677269668,18066.8666372739,18957.1775758375,19815.8114347578,20665.3049176549,21501.8397394235,21568.7307856259,21095.0671325016,21660.6064432518,22341.5522090108
Italy,6299,6641.61690056541,6962.09783595545,7102.29568899141,7285.64736516311,7668.90772932955,8152.35813392111,8636.0997515704,9117.31054806401,9542.65892273648,9672.52225410846,9977.31497906008,10589.1772954233,11034.6367812905,10755.2259020996,11456.0978261253,11712.6462774829,12052.4070278055,12767.0423611141,13185.5905200274,13184.0343952654,13214.7103747915,13381.6752551892,13808.0683590606,14172.6841107622,14534.9728790876,15028.3436542754,15657.5863469219,16139.6367506613,16344.5972016754,16557.7101778336,16620.0589486151,16505.095118502,16833.2661268477,17380.2160317278,17614.943875005,18044.0427331698,18278.4800457337,18619.9034126829,19241.3666031518,19603.8070785356,19628.9480310464,19463.4426089697,19675.3494485738,19787.5349971323,20162.2297715861,20279.8249178083,19688.7690550009,18610.5082546329,18848.5657802885,18811.2792609757
Jamaica,,,,,,,,,,,,,,,,,,,,,,,,,,,,,,,,,,,,,,,,3345.26667185889,,,,,,,,,,,
Japan,8439,9100.94857383378,9768.23869820554,10785.9932901725,11295.3109435142,12387.0246757884,13635.6828717755,15332.4199317352,16896.7227393151,16623.4563757898,17195.8006649237,18410.7843969348,19727.9290239495,19077.8320421854,19370.6907534008,19994.7588112315,20681.814742732,21594.798778988,22608.2795340921,23026.7603764263,23775.4721315986,24464.2785675843,25063.9320373042,26036.2366972819,27565.0925167007,28166.8699371907,29243.4209002738,31206.5589058948,32775.6890097851,34469.6691381231,35515.6938456529,35781.6148189155,35765.3757877676,35922.8596683596,36542.0884026372,37497.5053959867,38045.6810773946,37205.2083573196,37037.1375248458,37839.9621347068,37963.3924696823,37966.0096443403,38538.7545077019,39513.4855269023,40199.0820617124,41080.9974777755,42175.7215874835,41712.3608653916,39246.0113410725,40957.2119062978,
Jersey,,,,,,,,,,,,,,,,,,,,,,,,,,,,,,,,,,,,,,,,,,,,,,,,,,,
Jordan,,,,,,,,,,,,,,,,1394.54300930653,1424.37472879729,1623.6446747799,1708.02108851313,1957.95196105998,1987.76987807307,2047.82362314823,1986.38114439338,2032.21895832661,2018.06833056845,2066.72815124377,2024.22365265995,1877.86211242309,1561.57403135835,1525.13058645758,1352.49319122094,1556.52330179586,1572.19832339253,1592.3433122147,1653.82426895087,1635.14570538324,1662.69411655304,1679.83510143568,1703.23337133121,1785.18547352433,1843.91570802471,1885.9679562102,1924.46412469226,2058.50087667428,2179.99105729735,2310.58444576203,2463.88121107634,2574.09178387288,2632.63726599127,2572.38894885702,2575.90719454656
Kazakhstan,,,,,,,,,,,,,,,,,,,,,,,,,,,,,,,,,1232.00303490532,1089.05391813357,1014.91675461744,1032.59625823467,1062.5424695675,1060.89581416342,1080.16916770081,1144.74369180892,1324.99922871263,1472.41167230161,1588.50249356149,1708.63000142214,1797.33779510525,1909.22843866288,2034.17193494514,1985.14999161969,2091.14549616113,2158.12605296485,2215.97165460192
Kenya,226,240.228034829522,252.332467109925,256.459041379255,254.243180601979,281.186635528036,280.625717923769,293.685570342216,310.156477644343,286.60667829455,338.277508656993,381.188623675725,379.382021513189,383.90092999105,375.640587751756,364.607728214473,385.808926727438,398.212566301726,412.665258526238,421.783998817082,421.227264907454,409.010766455614,401.872543717896,393.467802129591,395.19816794399,408.528583394476,416.527713984298,425.439065611477,434.305910676924,432.40537457774,422.378866394974,406.477886670473,386.812482917987,389.446938263611,401.709298397803,413.832709273743,406.999977761144,411.275113023335,408.453977979703,401.924960868479,405.771887771982,398.323366732224,398.694104626946,409.171666091508,425.794179711234,440.019629790893,457.918473469502,454.950654301035,455.171690835149,466.245969210871,478.248314040444
Kiribati,,,,,,,,,,,,,,,,,,,,,,,,,,,,,,,,,,,,,,,,1309.81776089433,,,,,,,,,,,
North Korea,,,,,,,,,,,,,,,,,,,,,,,,,,,,,,,,,,,,,,,,,,,,,,,,,,,
South Korea,1196,1186.41257747345,1269.18977758528,1329.60757402708,1349.16340255952,1463.16624455233,1506.21354680683,1646.24884037386,1829.59431234737,2019.16994308135,2122.78607503467,2164.22717187117,2371.59443698241,2495.66599943943,2569.60383413881,2803.85985333531,3036.94714469392,3282.03714390966,3438.66309773832,3303.12547761095,3426.51500495513,3624.14619121017,3970.15322780206,4227.38988783382,4458.76185673972,4896.75500501606,5437.20819831222,5999.81446940466,6376.34430044584,6891.64967127007,7462.85457136567,7829.09555840287,8231.53477259115,8849.40986829061,9514.1325900545,10079.377620984,10432.2967931331,9527.00029788053,10417.0332733566,11288.7838969362,11684.8386410098,12488.5498053057,12777.9008972061,13346.179825975,13791.4757848429,14470.8790971932,15143.6057393026,15461.0070994122,15394.6659276148,16226.7129377178,
"United Korea (former)
",,,,,,,,,,,,,,,,,,,,,,,,,,,,,,,,,,,,,,,,,,,,,,,,,,,
Kosovo,,,,,,,,,,,,,,,,,,,,,,,,,,,,,,,,,,,,,,,,,,,,,,,,,,,
Kuwait,,,,,,,,,,,,,,,,,,,,,,,,,,,,,,,,,,,23920.7834335471,23912.4127075,24670.7266431081,24028.5776450437,21989.7287240491,22886.2316518443,21093.4241347439,19977.9462774687,22499.3830835879,24791.1470635151,,,,,,,
Kyrgyz Republic,,,,,,,,,,,,,,,,,,,,,,,,,,,,,,,,360.274975864978,303.562589771332,239.961098259788,223.06967412114,235.836026990312,251.825618386326,251.452699128869,253.336922695338,262.881317031511,279.81451589379,278.230106585058,295.769743103457,308.717130927211,308.202084140911,320.080056313925,345.057128910006,363.969707596339,367.78449392998,349.048566369087,375.236266800202
Lao,,,,,,,,,,,,,,,,,,,,,,,,,,,,,,,,,,,,,,289.205433323863,308.640412427869,312.279394790049,325.288195520285,339.947704972522,347.887894983397,370.260922165704,397.537948849469,411.708998136977,445.620033823036,467.379505666681,504.711859909677,519.410404143405,547.186469988955
Latvia,,,,,,,,,,,,,,,,,,,,,,,,,,,,,,,3435.16350648884,2367.33827959218,2299.92590570791,2386.7071555186,2403.33947649444,2530.11732723103,2770.64903183618,2927.08684647862,3035.65799887982,3292.9441915141,3602.38342653402,3864.30591664179,4140.15337211617,4440.17275389706,4982.47753132883,5527.26878786094,6087.17355605507,5994.5770705207,5379.88393953177,5118.00849629548,
Lebanon,,,,,,,,,,,,,,,,,,,,,,,,,,,,,,,,,,4623.13677128452,4821.30222567946,4907.58611722794,4681.22445906994,4733.79835403863,4670.70863945809,4697.9741338761,4694.95317658204,4561.67312832067,3988.92402319869,4945.72067620276,5082.85636536827,5142.21019274653,5591.129787402,5974.86061425297,6303.85861538022,6750.00624093565,6556.09105218704
Lesotho,,,,,,216.199419822964,231.706580346548,229.308786017258,228.727982838213,234.443004962682,242.598106485412,244.589876073764,305.334991981442,379.499537816725,343.745777955823,405.63812233388,468.24165237917,501.231554531022,498.275050552908,453.508602508168,455.905936512497,496.948180008369,479.391230068455,510.541602067984,496.375313309036,484.268493913149,462.205476846884,468.342244278946,470.492259860916,484.330395684116,473.980078401436,480.353296462411,471.886993034421,482.660013783984,472.722283798058,483.02575570921,486.313572224635,488.98562128569,479.194685584939,495.730040435373,496.085464167466,497.478460891771,533.116394721863,528.85082585055,590.807800524424,585.548240160318,588.991108711875,649.55273960618,652.929377632472,645.862194406626,657.54616966144
Liberia,,,,,,,,,,,,,,,,,,,,,,,,,,,,,,,,,,,,,,,,180.545236580689,153.064240310639,192.486882464932,47.8367301218207,132.735693775695,152.371438640428,172.341437207478,191.893970065962,206.830305972486,222.28741233522,232.744081027227,257.06550785448
Libya,,,,,,,,,,,,,,,,,,,,,,,,,,,,,,,,,,,,,,,,,,,,,,,,,,,
Liechtenstein,,,,,,,,,,,,,,,,,,,,,,,,,,,,,,,,,,,,,,,,74110.2641147721,,,,,,,,,,,
Lithuania,,,,,,,,,,,,,,,,,,,,,,,,,,,,,,,,,,,2531.59297305065,2659.77434166665,2854.24607555779,3085.24297356438,3069.64377911718,3211.96867241829,3453.94350007436,3713.40271296575,4052.52241029098,4363.79503266633,,,,,,,
Luxembourg,9450,9643.03253447504,9931.157461669,10564.2508587846,10382.1421939056,10424.37378854,10378.815522692,10762.9309380853,11624.2638808562,11743.7380154798,12398.0671765001,13267.6639594368,13755.5875308641,13961.7545050076,14681.2516560362,15349.7718768764,16123.4552000512,16726.8257835648,17080.8957712596,17466.2329076668,18020.6527531804,19971.905006294,21102.222073294,22123.6155035548,22862.0246933432,24423.0481945419,25520.5651007318,26949.4682745046,28998.6761295531,30666.1234084161,33133.3103034699,33151.6838989153,33418.1146698128,32981.2811034418,33993.8326750722,34161.8640730539,37001.8566528115,37297.995972511,38894.6934656408,40481.4578730696,41897.3634565941,40402.9270348829,37623.5316541613,43605.8282026928,44411.8081500953,40055.5016544136,44438.4185401142,40743.7925596022,33640.2194806685,35552.2706476205,35617.7550726024
"Macao, China",,,,,,,,,,,,,,,,,,,,,,,,,,,,,,,,,,,,,,,,14350.9112639522,,,,,,,,,,,
"Macedonia, FYR",,,,,,,,,,,,,,,,,,,,,,,,,,,,,,2035.46262113151,1907.23049334232,1728.43153981578,1606.66848148271,1582.76352676921,1564.16052821786,1570.51871862364,1580.93305507154,1626.2194461203,1680.97386455294,1750.43539041111,1685.22907845278,1687.33423167969,1728.27661681944,1815.26233755971,1866.26472956296,1982.94767938987,2009.72345583378,2185.0474403368,2166.3182621515,2190.36519525341,2250.78484269532
Madagascar,393,392.037719069595,378.805365275052,384.431752000373,373.407817652051,385.511061973406,396.714770919248,413.161031680208,415.456555316678,426.978025257784,430.753787732303,415.775000715999,393.419459862733,388.672426484001,383.629587798107,361.638198605929,361.844598278606,342.614984786379,365.060716362372,358.004533149312,311.630076269993,297.208087208113,290.630548767005,282.317177994415,280.002788139435,276.559673009999,268.298518414326,267.045759786739,269.145076924206,278.426068931751,247.785795502584,247.712368609287,246.440549236735,236.614114347564,233.151986287895,233.010770919971,237.278828937631,240.236722099029,245.678939987759,247.787302390115,255.810567319152,215.954851632344,230.308681067236,234.553472926195,238.903304833574,243.787609530459,253.184061031722,263.867294180476,243.374260157371,,
Malawi,,,,,,,,,,,,,,,,,,,,,,,,,,,,,,,,,,,,,,,,152.034539654428,,,,,,,,,,,
Malaysia,823,856.217747702492,889.077827848308,902.808095401004,941.330962683208,990.496283233986,1015.97209850414,1069.47394716451,1080.47094250346,1111.52352636169,1148.5415611845,1228.44408924028,1326.01631628825,1389.86962201682,1386.35452808307,1498.6465872522,1576.7789108539,1630.11723218899,1738.66166381137,1839.85647340908,1925.578116317,1966.99576146307,1999.3017218366,2081.58311646631,1997.62808923023,1985.30369758637,2035.91775847269,2187.33437209972,2314.81658414114,2487.24490603812,2631.47021426516,2782.83223841845,2995.06354232502,3187.48159287509,3416.43458730305,3663.39732306958,3807.05215428032,3436.93574642226,3498.06657319721,3680.65087347373,3654.18639613893,3792.01373844045,3966.50791722679,4152.20629283576,4307.55728178214,4553.05949099895,4809.26415824444,4899.45892400642,4798.34787735091,4986.87673488968,
Maldives,,,,,,,,,,,,,,,,,,,,,,,,,,,,,,,,,,,1606.02781529286,1717.48724243756,1848.76105677507,1994.47828089303,2101.0892166328,2175.1859985336,2230.72384354459,2336.23917887233,2688.98118541864,2938.27431641823,,,,,,,
Mali,,,,,,,,,,,,,,,,,,,,,,,,,,,,,,186.557314981851,186.576645128167,197.055811237781,188.569543519261,182.898521202608,187.902701121769,188.798262635213,195.735094758127,202.191983199122,210.337937621074,211.803701290234,219.586195030321,220.681632297555,236.842458941911,234.025540311657,240.950631901634,241.303854466456,,,,,
Malta,,,,,,,,,,2211.32205729316,2269.1347947643,2417.3816466487,2487.0043120676,2793.76778017616,3400.50002573061,3879.17728715708,4287.91457440191,4631.76896511395,4963.97188408328,5424.78726721583,5650.08682391331,5765.78785797448,5496.39114945467,5617.2263833076,5585.98009793959,5575.49730337452,5770.26884163713,6165.59198772924,6643.16821820682,7125.50337621996,7409.72930408148,7577.38771167742,7770.95493772872,8005.6646012082,8397.15426159236,8600.44118038714,8988.27845273713,9210.28972205703,9863.79027265025,10116.776392193,10005.0964635688,10175.4238602806,10007.3877677912,9817.7997556894,9776.07319500279,10020.5044146989,10341.4090447895,10745.4390287729,9903.33305123877,10157.8392695918,
Marshall Islands,,,,,,,,,,,,,,,,,,,,,,,,,,,,,,,,,,,,,,,,2822.9280505302,,,,,,,,,,,
Martinique,,,,,,,,,,,,,,,,,,,,,,,,,,,,,,,,,,,,,,,,,,,,,,,,,,,
Mauritania,,,,,,,,548.495587772204,523.583355006344,582.892745967499,572.321918489466,556.752195560341,531.419910642338,587.273315202417,509.566078429627,500.9665333663,501.612980512111,505.246366859029,516.244474556669,525.03359933918,511.520097724171,487.408042066807,483.383731318154,466.309264847446,455.953856594131,461.536667561348,459.174585687504,462.451840632779,477.248533302817,458.047571690844,462.361806050101,459.810016302047,468.972502998108,447.344638820087,478.643357998606,516.082170130415,480.05746623184,489.864618313555,513.497380408733,493.46497019201,474.065680495995,518.43721196986,506.724934268054,520.421355951235,548.632452571508,598.137793777433,608.471807288696,621.466530768888,605.705898801075,594.179375289572,569.760413052687
Mauritius,,,,,,,,,,,,,,,,1644.00962239811,1701.25687326128,1729.49141663638,1750.48129752616,1540.5549150273,1578.84355083474,1642.86059097664,1637.88000192972,1691.00362522595,1799.94835863804,1961.43357998776,2153.20236946724,2286.03787614796,2402.36422637072,2551.83716368375,2667.9830058925,2808.97986494509,2909.41472362488,2961.75498963386,3069.66472600824,3189.18509961717,3349.96280405527,3506.89825547468,3556.65547522149,3835.90605281996,3933.36809033013,3981.69122083666,4047.69437775253,4258.57840056696,4281.87489278311,4458.26817536069,4791.00744415783,4915.43615442448,4980.11478227244,5244.09818115574,5458.43372373294
Mayotte,,,,,,,,,,,,,,,,,,,,,,,,,,,,,,,,,,,,,,,,,,,,,,,,,,,
Mexico,2427,2464.78910982192,2582.51943117608,2789.42678077755,2891.85886750814,2969.2256069349,3111.75039766075,3306.89587857556,3320.00882577024,3425.51855614401,3447.94655085851,3620.1558903282,3798.94880291986,3891.15917199918,3979.58973693979,4022.4812321881,4037.13283282373,4276.42300773587,4564.52045718138,4852.7270438602,5121.40804184617,4815.5398450856,4567.25903774765,4665.11929775217,4741.49264769556,4432.46478113822,4464.00694966886,4476.02281461141,4582.38705314572,4741.91240696693,4877.30625700141,4967.37475744791,4963.65471294022,5081.66080078168,4607.85891570482,4785.8406891447,5078.11090774523,5245.55878996347,5390.06125488859,5666.384416585,5601.01416408499,5590.41774371849,5607.70602893173,5786.7039049634,5870.7345111539,6088.51552683191,6212.56099770599,6229.49584756886,5766.70511554394,6034.59139914566,6180.19275419162
"Micronesia, Fed. Sts.",,,,,,,,,,,,,,,,,,,,,,,,,,,,,,,,,,,,,,,,2240.10968766829,,,,,,,,,,,
Moldova,,,,,,,,,,,,,,,,,,,,,,,,,,,,,,,,580.666043256814,574.365636635172,394.305342651938,388.10503375758,386.895022178913,391.467150549439,365.43613515926,353.285051514084,359.928163008524,401.854856159013,434.81485380341,489.871605997916,530.775485029931,567.062499998952,596.190665718478,603.504379159973,652.972367246129,588.380257043804,649.793870994341,688.919264688086
Monaco,,,,,,,,,,,,,,,,,,,,,,,,,,,,,,,,,,,,,,,,75382.4466260392,,,,,,,,,,,
Mongolia,,,,,,,,,,,,,,,,,,,,,,,,,,,,,,,,,,,,,,,,469.317343552538,,,,,,,,,,,
Montenegro,,,,,,,,,,,,,,,,,,,,,,,,,,,,,,,,,,,,,,,,1634.40433998909,,,,,,,,,,,
Montserrat,,,,,,,,,,,,,,,,,,,,,,,,,,,,,,,,,,,,,,,,,,,,,,,,,,,
Morocco,618,675.10481152919,693.219674162233,684.919736891107,662.403739676793,631.494213369039,676.82487658518,720.937950590633,761.731460871048,783.589701575628,803.876434980531,803.01194842307,810.709339523171,838.253968610174,879.73274294356,948.749369074368,980.246876899578,972.410366978807,990.250622053024,995.861336847298,936.394069591354,1010.4851371977,965.96693015259,975.888112775694,996.914833839391,1063.76282342728,1011.7397011301,1093.56807847434,1078.76610289415,1127.9893130135,1180.76169550609,1116.72869757848,1078.94508780481,1180.12935825002,1083.40280966175,1203.27090732383,1160.19988396728,1244.84227467279,1235.42296829756,1238.57558220007,1316.25361766736,1346.53023698334,1419.31419027101,1476.4813120768,1511.00646638065,1608.94913829886,1637.237386576,1705.64319745815,1750.20223919459,1800.10878921766,1880.00342676415
Mozambique,,,,,,,,,,,,,,,,,,,,206.51048735003,209.71061383861,189.408189884218,155.477242711081,142.122370072478,140.589629871569,134.438055849028,148.229266125291,165.003708952252,170.200327832155,174.32209340425,178.853038855383,159.241502561392,168.530908406184,171.518517060209,171.587344173571,183.900986109762,198.146244098166,213.686553842592,225.687002749147,220.732415689349,237.050762129753,260.901708107548,268.895138216473,279.345636939699,297.977263299457,298.379857832703,317.928561926383,335.709193069355,362.194728002079,384.004468437779,404.44355293077
Myanmar,,,,,,,,,,,,,,,,,,,,,,,,,,,,,,,,,,,,,,,,,,,,,,,,,,,
Namibia,,,,,,,,,,,,,,,,,,,,1861.91779701928,2105.09995920389,2008.48979451155,1997.6024788016,1888.99671253543,1538.47208436074,1666.02219890109,1871.33403550547,1667.59647751117,1744.60088079304,1858.10758050085,1976.58707496561,1995.91267691852,1922.55328142152,1998.82554294549,2073.25136604328,2034.22156953082,2054.06498444898,2077.29340155283,2029.94894527406,2079.10199721434,2041.30688058247,2122.13681108259,2251.30576070038,2403.10692913427,2352.16108196418,2496.00525099524,2539.40544900696,2560.88433594868,2547.82535166528,2585.54656541886,2652.01876194468
Nauru,,,,,,,,,,,,,,,,,,,,,,,,,,,,,,,,,,,,,,,,,,,,,,,,,,,
Nepal,,,,,,,,,,,,,,,,,,,,,,,,,,,,,,,,,,,,,,,,225.988330285937,,,,,,,,,,,
Netherlands,8475,8998.65120665608,9152.03795001198,9781.44174051228,10676.6230528464,10817.0394809345,11268.4188126289,11856.2356415823,12476.5261037947,13011.8051392,13336.5656013641,13568.4915812799,14284.7033030183,14738.1229498158,14439.03407503,15090.9228866739,15269.4863352318,15465.865514285,15805.508428371,16119.2954610216,15761.8867813629,15493.3537172412,15837.3035147713,16313.6845172471,16437.1511106512,16821.317199814,17236.1320019194,17646.876165004,18356.460610688,18721.8882229083,19108.7233750701,19212.8416934978,19457.3957417634,20045.8773180584,20732.8440802734,21216.630814975,22107.3118703635,22301.9201114645,23685.9652891527,24701.5544940859,24648.1707087057,24549.5488383333,24569.71164981,25409.7588173001,25319.8962000208,26709.7335266673,27419.2985100148,26772.423932268,25600.8214240644,26335.0184577905,27003.9575498053
Netherlands Antilles,,,,,,,,,,,,,,,,,,,,,,,,,,,,,,,,,,,,,,,,,,,,,,,,,,,
New Caledonia,,,,,,,,,,,,,,,,,,,,,,,,,,,,,,,,,,,,,,,,12579.5951055864,,,,,,,,,,,
New Zealand,,,,,,,,,,,,,,,,,9815.18019277994,9794.67355864878,10102.5175193686,10164.2653513677,10572.1551585175,10487.5674838254,10524.7550592756,10826.1630271148,10782.9568658076,11106.8048391392,11131.2002758274,11183.8082197251,11188.417864101,11194.1567781016,10234.5143675439,10272.507361629,10708.2721548319,11153.9921774274,11510.4670037315,11616.8714161982,11808.555882063,11952.3230923864,12328.7733058652,12597.8460963004,13047.5530401431,13476.7161390132,13811.3629333494,13986.9022593678,14159.5888604807,14048.1738822632,14205.8396935173,13912.9647484236,14147.4611431054,14372.5407560596,
Ngorno-Karabakh,,,,,,,,,,,,,,,,,,,,,,,,,,,,,,,,,,,,,,,,,,,,,,,,,,,
Nicaragua,924,999.888638417225,1069.67850586134,1148.06820777764,1204.43146217512,1191.48410980425,1230.72340910317,1191.90093244367,1233.0725472883,1195.88735193377,1202.71098967767,1180.94690363088,1218.34226536663,1362.24481239879,1329.60837461481,1341.76436884638,1433.88410795068,1242.16985495702,883.421766437877,937.66437432809,949.046638700935,922.144786665158,938.884871106204,906.331501814575,840.527971320844,851.001967514812,841.992024176538,639.654346242,577.384445607053,669.879214915369,537.638133418635,504.184911377986,501.81395364677,537.784200381195,585.015508514517,624.200339136648,650.522623333544,680.524679346268,716.967373030477,736.055516281376,741.582218803998,743.468317308582,753.937590363651,788.640255782719,822.077490832458,850.500428424581,871.24300191996,883.302818893634,845.248935162835,871.677702331316,906.577580977188
Niger,,,,,,,,,,,,,,,,,,,,,,,,,,,,,,,,,,,,,,,,163.144423451882,,,,,,,,,,,
Nigeria,,,,,,,,,,,,,,,,,,,,,,,,,,,,,,,,,,,,,,,,325.460997051414,,,,,,,,,,,
Niue,,,,,,,,,,,,,,,,,,,,,,,,,,,,,,,,,,,,,,,,,,,,,,,,,,,
Norfolk Island,,,,,,,,,,,,,,,,,,,,,,,,,,,,,,,,,,,,,,,,,,,,,,,,,,,
Northern Cyprus,,,,,,,,,,,,,,,,,,,,,,,,,,,,,,,,,,,,,,,,,,,,,,,,,,,
Northern Mariana Islands,,,,,,,,,,,,,,,,,,,,,,,,,,,,,,,,,,,,,,,,,,,,,,,,,,,
Norway,11106,11322.5900954797,11650.7882290035,12135.0344019554,12679.71753861,13051.9618753096,13749.8008913894,13950.0935313381,14496.3352307478,14683.2213585323,15441.7100121027,16116.7852434828,16728.379024317,17246.29628776,18006.0798603684,18888.2523897649,19468.8429567133,20008.4053459958,20708.2692516872,21648.2914775433,21916.3862860103,21833.2301765154,22660.1400642006,23992.7776627294,25433.6668562144,26443.7180150081,26828.4780445122,26400.6959019883,26491.9500694775,26869.1007091335,27488.9347847883,28580.4734451829,29162.5269808342,30628.287771619,31870.0232337149,33343.2284891109,34978.1672031799,35691.654655759,36241.7114467755,36967.1894825342,38030.2069440886,38468.1599815674,38729.332270386,39873.920963263,40834.0087904654,41247.7148714506,41737.5463857062,41160.9532210456,40399.6328685268,40436.2061150744,40757.860809129
Oman,,,,,,,,,,,,,,,,,,,,,,,,,,,,,,6638.93934195831,6849.10932873734,6993.11799826559,7144.76684458639,7180.41432504371,7397.04871097825,7491.53251393933,7902.62539941664,8086.78398606989,8048.60958411005,8442.27587185644,9093.62219523254,9071.16830270699,9234.2949603455,9480.21051236625,,,,,,,
Pakistan,,,,,,,250.080712978085,261.367761729473,268.42034017492,291.154914864715,284.015974662777,279.617683101009,292.633371326263,294.37543783945,298.487366970744,308.338126405122,315.246443598984,340.744743253437,344.622442368132,368.207635864716,383.08956570584,392.810197350922,416.416698140257,417.897509279139,429.526291126511,416.328326495149,443.75623589999,453.546702611324,458.678767817209,468.109477839045,469.745655514653,486.769958647049,481.571640098706,484.795389508457,498.436519747849,503.546904750791,493.036863382782,491.869242523243,497.674242994161,505.288805471795,504.570060041486,520.315889586933,549.073785503615,574.268018411502,606.529991221355,631.671697978611,654.739736340225,654.370339152537,669.996698476964,692.155163001353,700.336009421528
Palau,,,,,,,,,,,,,,,,,,,,,,,,,,,,,,,,,,,,,,,,6538.85875234717,,,,,,,,,,,
Panama,,,,,,,,,,,,,,,,,,,,2864.25898661727,2992.09979447987,3248.16632837568,3180.29348725987,3072.66769050772,3257.10725141894,3154.0507241964,3363.89517274239,2731.06221268743,2629.1645783394,2801.65792701798,2959.39962753352,3148.62912073311,3309.40726101916,3370.25471699067,3309.19618067534,3369.5181098082,3486.65993874192,3640.15215126404,3663.7404369795,3723.45427765934,3680.12193932859,3812.8534348743,3740.10859141679,3889.70428412313,4091.19952314326,4366.490987741,4894.52977027034,5319.50832293006,5419.43619016288,5686.07797990703,6250.01077262096
Papua New Guinea,440,460.959153161346,470.800882108274,500.10047844121,540.590754405418,562.11635588675,572.628325135385,581.195847507571,609.618067794489,642.844344547276,649.37887691752,665.906226574984,673.361016583454,662.788124072063,661.645613497554,634.889388409335,633.389046355696,675.854302839818,661.180188135975,629.335152924766,604.557537070481,580.681212390064,578.401010789837,577.106180085898,582.335877119002,601.193342137409,590.399801833699,596.938857926305,576.981536752903,546.663772757323,587.442866376521,615.39148264668,716.448134768124,751.932838702277,715.711954886051,724.474398362484,695.844610268267,647.409260485576,631.858257948684,614.035951872875,589.221107471568,576.325714548738,552.371439251136,564.952487008866,,,,,,,
Paraguay,690,680.814750010761,687.219900835146,693.252029336957,711.112471208215,701.106118320787,736.282421564608,738.924632449585,745.305267919635,766.249603327155,789.370626958802,815.958534526067,856.270957649918,909.409209117593,947.749596920065,987.599443743616,1069.19108838244,1157.56619607109,1261.93583064389,1429.42872208375,1512.08342145349,1411.96287316507,1330.56515218879,1312.45678601324,1316.25558645871,1276.36790910934,1274.4079102578,1351.45020527437,1422.8731195003,1431.98484556215,1376.83326262052,1401.98214616412,1442.62082445809,1473.47574553598,1513.70460057202,1484.64560018844,1482.53922480811,1454.94589012963,1405.73556271646,1327.51936392308,1330.62711224256,1298.51694226507,1323.02356659874,1327.65142988873,1354.91224303079,1384.83928145016,1447.55085169451,1502.30285853285,1403.69023969841,1593.4370396261,1630.19402980719
Peru,1668,1770.41813449552,1788.00025105729,1848.34760795761,1893.44158554316,1986.21528067072,1999.68021658448,1940.70596086694,1958.06765608669,2039.658112037,2076.38313673398,2076.99164228778,2121.99031954917,2263.28485144619,2275.47173365069,2235.68235957985,2038.42718518864,2081.2501939623,2101.13031111697,2149.10299329724,2266.60846327472,2196.72680125056,1855.99065368003,1891.07367158846,1906.22662147431,2092.83100488751,2214.85399187118,1843.63858220576,1539.47516485679,1612.62306847864,1597.63095521997,1561.94696236792,1593.43340626593,1772.8652579374,1882.99314820235,1922.35695358301,2026.10398986534,2001.48130143936,1987.25563024296,2005.94594678989,1990.71469676309,2056.22628647663,2087.89789085268,2122.82356391364,2237.7875915572,2448.5435228244,2662.02914764528,2829.04779485381,2838.48331183449,3116.40958872877,3305.77548514863
Philippines,701,713.838644652677,739.558840046161,740.346733916039,754.473480848596,765.625407440665,782.590637887773,789.978651956314,806.101758662398,804.183690144855,828.975137381428,847.726204982879,901.170456155047,914.097988068418,933.99062375856,981.996976189245,1015.64881341546,1039.79678209758,1065.71207968625,1084.20431835167,1089.25092383221,1083.25484705892,1076.41820017937,951.188007177513,859.782151103726,864.291240204087,883.971817144705,922.89585728983,952.959905147901,975.291592419782,957.693413088026,952.725621736661,955.804672065898,986.201319739861,1011.72763006069,1055.05305464674,1101.10692013052,1102.03138400068,1012.5873873407,1047.68246475398,1055.02395170046,1066.02883018348,1098.43498783063,1152.09349903459,1181.99933141715,1212.66094445695,1275.96238972296,1314.99777120505,1305.66650008376,1385.5350242688,1418.91738309525
Pitcairn,,,,,,,,,,,,,,,,,,,,,,,,,,,,,,,,,,,,,,,,,,,,,,,,,,,
Poland,,,,,,,,,,,,,,,,,,,,,,,,,,,,,,,2771.76096562296,2801.52578330235,2917.77516561261,3164.45842823222,3359.7162076432,3594.50684698915,3844.36196879158,4036.92415407072,4224.93758338449,4437.97229603495,4520.82073270142,4584.04110465553,4734.82052528506,4900.62746126881,5106.11762385059,5394.95845588447,5703.53616070203,6086.84442646535,6088.9589610386,6335.45265706803,
Portugal,2460,2601.14977343897,2746.00524005902,2938.31594703362,3174.31512345353,3314.88906483752,3595.32584166473,3929.4583621157,4057.50534205083,4622.98754557477,4936.53081358547,5342.61815794873,5968.0701450488,5963.94636776555,5437.00956006142,5608.87049535172,5847.46690702789,5905.47888542201,6157.61369072552,6353.26262923928,6312.95004957359,6312.45105760113,6289.31843873316,6086.54595875733,6278.46451582542,6657.67996270054,7160.1705331739,7763.13803159539,8314.1673489429,8716.87152788289,9130.73967664923,9269.80342816607,9076.31866603151,9105.98491983637,9516.68032556342,9820.89710347716,10158.2431963649,10624.1733877339,10984.7798249293,11233.473744096,11323.8487744118,11435.8663165555,11324.8902688671,11423.4125039448,11412.1022851497,11359.1333207333,11581.7509920066,11521.663106005,11108.5571585829,11357.9033497407,11142.6404004214
Puerto Rico,,,,,,,,,,,,,,,,,,,,,,,,,,,,,,,,8874.3929165521,9134.18319777144,9254.53413975264,9445.38308478325,9543.7772262638,9908.99214941677,9816.37440134776,10465.8921534879,10869.2910968206,10594.2055963622,10411.7830338056,10373.2270158404,10680.904625142,10983.7860415668,11166.8964361889,11110.4009580551,10665.3723874121,10176.6553654088,9865.31094973772,
Qatar,,,,,,,,,,,,,,,,,,,,,,,,,,,,,,,,,,,,,,,,,,,,,,,,,,,
Reunion,,,,,,,,,,,,,,,,,,,,,,,,,,,,,,,,,,,,,,,,,,,,,,,,,,,
Romania,,,,,,,,,,,,,,,,,,,,,,,,,,,,,,1889.24733026031,1666.66055880882,1527.01099608635,1549.10681456507,1614.84444049828,1730.00566988648,1801.36097834365,1695.52955796533,1615.17673393514,1596.4919357257,1638.26956757168,1757.22528738625,1868.83162098958,1967.73660051851,2118.755524755,2239.54636525068,2384.70537429644,2592.29794481426,2831.8080607029,2658.94105895089,,
Russia,,,,,,,,,,,,,,,,,,,,,,,,,,,,,,2596.66955940891,2458.78455410164,2083.03093909569,1905.76556996447,1678.42345740433,1605.14030637427,1543.83689227952,1559.28147720682,1451.91625038683,1555.69407144174,1729.09985623897,1845.34497234704,1932.30748552474,2059.61654852648,2236.40388240898,2379.16116884311,2567.0052743774,2810.84120360721,2965.37977194496,2710.68252578626,2801.62263440613,2827.37571800298
Rwanda,,,,,,,,,,,,,,,,,,,,,,,,,,,,,,,,,,,,,,,,212.342337222642,,,,,,,,,,,
St. Barthlemy,,,,,,,,,,,,,,,,,,,,,,,,,,,,,,,,,,,,,,,,,,,,,,,,,,,
St. Helena,,,,,,,,,,,,,,,,,,,,,,,,,,,,,,,,,,,,,,,,,,,,,,,,,,,
St. Kitts and Nevis,,,,,,,,,,,,,,,,,,,,,,,,,,,,,,,,,,,,,,,,7918.6328756751,,,,,,,,,,,
St. Lucia,,,,,,,,,,,,,,,,,,,,,,,,,,,,,,,,,,,,,,,,4336.38822468361,,,,,,,,,,,
St. Martin,,,,,,,,,,,,,,,,,,,,,,,,,,,,,,,,,,,,,,,,,,,,,,,,,,,
St. Vincent and the Grenadines,,,,,,,,,,,,,,,,,,,,,,,,,,,,,,,,,,,,,,,,3506.06568619337,,,,,,,,,,,
St.-Pierre-et-Miquelon,,,,,,,,,,,,,,,,,,,,,,,,,,,,,,,,,,,,,,,,,,,,,,,,,,,
Samoa,,,,,,,,,,,,,,,,,,,,,,,,,,,,,,,,,,1138.79469234714,1206.49605455542,1296.03210297922,1275.01708517884,1298.56874689687,1313.36681727976,1391.32400127852,1488.9907581296,1542.77826280309,,,,,,,,,
San Marino,,,,,,,,,,,,,,,,,,,,,,,,,,,,,,,,,,,,,,,,25111.0315241927,,,,,,,,,,,
Sao Tome and Principe,,,,,,,,,,,,,,,,,,,,,,,,,,,,,,,,,,,,,,,,,,,,,,,,,,,
Saudi Arabia,,,,,,,,,,,,,,,,,,,,,,,,,,,,,,,,,,,,,9412.40552631155,9557.86036919272,9341.80488936656,9424.75763441388,9130.18140030291,8824.39228319544,9076.25274212679,9319.14007567995,9699.06970033384,9793.2058994052,9612.09883485924,,,,
Senegal,,,,,,,,573.721529318371,520.78254011869,545.162201140684,526.532178340991,541.517035538693,490.339340552927,493.953266923704,514.26726514321,550.117975386782,523.913262545186,488.360380811646,512.705582357103,481.745315391166,490.467838030404,513.743695653178,473.263970100835,471.537704222017,473.418103926225,474.976122925848,489.242661487367,469.472266381416,475.484375661402,461.189501513106,458.919569373364,456.971853485797,443.933653686787,431.44898119974,444.350270466576,449.143312971586,451.010363498522,467.870973644236,481.775197479577,484.017000867024,494.759084718917,483.441233417178,503.695815659034,521.311893927415,532.604205560379,535.903009528721,547.483229782108,555.335787970764,546.407231851178,556.00688758746,555.090671520719
Serbia,,,,,,,,,,,,,,,,,,,,,,,,,,,,,,,,,,,,,,,766.123397712114,809.142036060686,846.205187039104,884.916401508597,909.001357632602,993.782726877316,1047.3250287694,1087.78774955452,1142.76297067282,1183.15934889762,1158.81198155011,1167.87910553773,1193.03280426682
Serbia and Montenegro,,,,,,,,,,,,,,,,,,,,,,,,,,,,,,,,,,,,,,,,,,,,,,,,,,,
Serbia excluding Kosovo,,,,,,,,,,,,,,,,,,,,,,,,,,,,,,,,,,,,,,,,,,,,,,,,,,,
Seychelles,,,,,,,,,,,,,,,,,,,,,,,,,4317.90584798902,4272.5767507032,4356.48230379768,4539.37783355644,5098.60916245675,5468.92034476683,5600.49108950588,5951.92990734354,6214.71263330288,6151.96286595369,5801.39582615004,6053.59829043299,6760.01876955676,7078.03544406161,7043.5768539225,7188.94033314554,7196.83759832381,6557.51361613452,6481.44952586907,6413.04308039561,6891.97321840861,7389.91869743635,7884.7018347209,7557.94639197627,7695.96413301453,,
Sierra Leone,,,,,,,,,,,,,,,,,,,,,,,,,,,,,,,,,,,,,,,,148.704962360565,,,,,,,,,,,
Singapore,,,,,,,,,,,,,,,6736.45527631815,7045.31619324361,7422.39821405628,8037.70504308354,8671.77900631599,9018.05918434314,9452.56188505541,9749.60970013788,10678.3254498551,11646.2496490001,11715.9893849195,11790.3417536036,12540.0186047792,13742.5398207868,14816.6487756664,15630.8184904257,16090.3784211291,16980.1102139503,18063.907382534,19792.7579561588,20708.0086021385,21091.000603808,22729.4529141717,21389.6519225521,22456.4223679819,23652.8478706592,22664.1922355193,23008.200072369,24250.0539885609,25149.8519848038,26482.0886382673,28844.675042448,30252.089516215,30703.3557107853,29719.7997310303,32116.893699095,32874.8005041434
Slovak Republic,,,,,,,,,,,,,,,,,,,,,,,,,,,,,,,,4218.96572740525,4025.17990837685,4259.93493681488,4552.81074153377,4870.97205544447,5049.0977679197,5258.88018919823,5222.01397756312,5300.782632724,5525.41462740143,5758.0802024987,5753.44763107414,6101.88676009523,6583.57639678261,7110.69962458044,7847.8790419376,8001.29548405047,7678.84153834736,7950.22859228248,
Slovenia,,,,,,,,,,,,,,,,,,,,,,,,,,,,,,,,7156.51479409332,7401.06939178797,7928.51522073809,8190.25271818805,8480.12546558217,8880.2847668398,9204.56337597076,9694.16450161108,10051.6332255285,10346.463645522,10646.1866977131,10927.1989611294,11356.6720114208,11829.3327418065,12439.5144989303,13092.7640355053,13449.8138992707,12352.7159282939,12545.3354743414,
Solomon Islands,,,,,,,,,,,,,,,,,,,,,,,,,,,,,,,,,,,,,,,,1065.49332382446,,,,,,,,,,,
Somalia,,,,,,,,,,,,,,,,,,,,,,,,,,,,,,,,,,,,,,,,,,,,,,,,,,,
Somaliland,,,,,,,,,,,,,,,,,,,,,,,,,,,,,,,,,,,,,,,,,,,,,,,,,,,
South Africa,2115,2203.53101385484,2319.42983862173,2439.46832944545,2595.10681197075,2655.34163971573,2792.45757582956,2839.70778899086,2907.23570259639,2994.43596450666,3061.82086749002,3037.24868534735,3104.90622551952,3211.22747594863,3175.26288724976,3177.92886416446,3099.84018500179,3128.34948459376,3176.95670566339,3308.23185016381,3405.1269193253,3317.34047922054,3176.69955507574,3251.37235134224,3108.83416650841,3029.59788348494,3044.59478934063,3106.4313915794,3110.01402152767,3029.02953407069,2972.59206598715,2861.4465283668,2842.65884252284,2879.99575754386,2903.07631811277,2952.92270336369,2962.79477618128,2903.56649583458,2900.26406960713,2947.82005383604,2943.86662922367,3028.91108327132,3071.25806291468,3198.20952480234,3327.54029074554,3475.36403478313,3573.64209148126,3668.53073712016,3610.2782224365,3672.59544952308,3731.73288509792
South Ossetia,,,,,,,,,,,,,,,,,,,,,,,,,,,,,,,,,,,,,,,,,,,,,,,,,,,
Spain,4093,4460.29907402755,4845.41645315136,5044.16556209975,5310.30566371265,5615.34459492697,5785.95114153448,6083.93937363365,6550.48011168843,6759.58467850332,7007.46160762269,7519.55812986594,8052.54432087856,8455.93044111792,8379.20830512551,8529.60721689984,8654.29348330563,8654.2114909657,8603.95581392724,8717.37459467324,8594.15849893139,8648.73585136666,8740.90982354175,8863.95803634918,9098.34631878732,9372.84303112093,9870.58012732666,10333.8817136022,10846.1269497902,11233.84171061,11496.0697789222,11552.7266022219,11443.2376757098,11533.8071968916,11976.7805992965,12194.4093236545,12638.1100936907,13145.8937858761,13705.3876208837,14292.3290516253,14537.1122995644,14729.9370373837,14987.6105672903,15200.8775639758,15474.9561735461,15802.1136871927,15965.5412224288,15815.174538245,15170.2928249428,15229.1500888562,
Sri Lanka,,,,,,,,,,,,,,,,,,,,,,,,490.309994946663,520.662747689692,533.758496728952,534.749185564566,541.488843565335,544.072003744919,572.315177817659,589.458631953572,613.188529452111,648.786237384832,671.812223485104,696.359428582445,711.981453793397,750.931853192439,776.206413275937,794.282042369814,838.453047480491,839.770063047686,869.079179283308,913.520112024986,949.630065366875,995.983814173916,1059.33322255926,1124.39914684521,1166.29480803618,1207.32577396844,1290.14011419528,1384.12928658449
Sudan,280,291.757465619052,277.912264427043,267.930193993725,279.690146505221,263.283493223874,259.176160118014,257.450548462489,254.30361969528,262.531836654306,260.710906392361,240.204116826238,234.752867477549,253.101689127512,283.823250823568,321.706674984435,331.662649494863,302.379404380062,277.515260385203,273.503740789245,275.385160722378,287.816264534808,282.623248672181,255.357640857943,234.446892173738,241.07348154021,269.771408279596,260.510841511953,273.812830220536,244.074393362899,240.37660087134,256.446832810159,265.723193936663,269.264468291993,280.673894425519,297.812281710028,324.322290762188,328.598606849607,327.119402002458,330.607134006465,346.748330172543,353.12074033966,373.629659900523,370.820081724481,397.073870508314,424.404323085357,446.297431606555,464.789481583955,,,
Suriname,,,,,,,,,,,,,,,,,,,,,,,,,,,,,,,,,,,,,,,,1909.83260009861,,,,,,,,,,,
Svalbard,,,,,,,,,,,,,,,,,,,,,,,,,,,,,,,,,,,,,,,,,,,,,,,,,,,
Swaziland,,,,,,,,,,,,,,,,,,,,,,,,,,,,,,1391.41018230227,1387.18556957939,1406.29595656534,1381.56950117693,1321.37386953908,1444.62632500999,1516.36984353522,1528.86246050323,1498.41817451141,1570.10818664507,1542.02049885635,1647.02564959484,1552.79769057064,1545.2029964831,1626.77526315853,1780.24632487584,1723.81550454838,1797.37080583389,1791.32733730919,1716.38922400231,1692.6739556698,1774.10262658541
Sweden,12144,12593.9913283111,13185.7681475892,13990.653755766,14382.8375866891,14539.8206261321,14906.2692889153,15356.4499785718,16008.0094456704,16834.5078504282,16900.8698359544,17251.3767505756,17936.0777139542,18436.4500016177,18835.0203006018,18937.8777311526,18504.1387355133,18744.3446731401,19432.0046690395,19615.0720129582,19448.5641656037,19419.2433725314,19717.1929638253,20548.4640919661,20971.1142598896,21643.2071815725,22397.443156198,22857.017592167,23292.0500058165,23194.8937014769,22603.9502226638,21907.6231179706,21167.0109654105,22212.7009468366,22988.5026378912,23353.8676140208,23984.6751419815,25168.7735169193,26478.4544237262,27635.0503801036,27942.6333316306,28643.4463478446,29685.6297265898,30436.2035472071,31503.3727989552,32856.2781995466,34029.4471356726,33955.1852901157,31477.4883374835,33171.1307524917,34253.2832581418
Switzerland,,,,,,,,,,,,,,,,,,,,29711.5432650357,30282.3355923815,29478.2806842089,29663.4180978082,30637.1762390733,31543.8506898757,31648.2013583516,31796.2298712625,32831.1459659356,33761.2296002496,34319.9807847069,33605.8220613154,33174.7595728194,32975.6861117249,32834.6167477869,33021.8527679984,33195.4143902683,34393.5430720361,35351.1950289188,35970.5999267868,37343.6638030317,36580.8303032834,36005.1677688327,37187.9788156483,37714.7979654318,39260.1633329478,39744.8160037466,38325.827435922,35722.573848642,38432.2024429192,40605.500334703,
Syria,,,,,,,,,,,,,,,950.310910883634,1015.31797866578,976.472911084195,1029.80880735732,1031.2831617772,1111.08436613873,1170.63430378138,1144.17924747046,1121.82124790964,1042.85187768021,1071.94611683869,980.286844088335,939.116314669283,1028.19843125184,875.077560869709,924.506563506852,970.044626028481,1074.23022326139,1102.26185536134,1199.360371639,1237.25031999465,1239.05769750659,1178.13305803725,1244.10186184313,1164.25213361092,1153.73272578495,1190.62333191148,1215.60550860977,1188.00423834065,1246.01734457961,1285.1280219773,1329.82313565209,1392.67389107815,1418.7086216549,1476.08130608184,1473.44402156317,
Taiwan,,,,,,,,,,,,,,,,,,,,,,,,,,,,,,,,,,,,,,,,,,,,,,,,,,,
Tajikistan,,,,,,,,,,,,,,,,,,,,,,,,,,,,,,426.069664104139,387.372229337118,270.039133078396,219.716724314877,167.973537821018,142.556560869217,114.025304859736,120.190570744007,124.35382272202,126.860487470616,133.556997641975,145.582861808048,157.389108080701,170.373339625613,190.561092097263,209.202907530943,174.975727685269,212.892886782413,257.270054267853,262.670992995315,276.306467710027,292.50605208762
Tanzania,,,,,,,,,,,,,,,,,,,,,,,,,,,,,,292.845156856341,290.748054185677,282.325062922765,277.156873704279,273.471456821978,277.171110371978,285.301804275675,286.372251509735,290.94771428249,298.004669128897,305.815511172736,314.576337589497,330.819435480476,344.083020393524,361.891004991178,371.290414042542,389.282626452728,406.813174336055,423.852233670326,437.586339636489,455.825661786231,470.426597201631
Thailand,327,341.09439807276,357.374822706645,370.374353873205,389.218795481457,419.586211322661,443.10572927323,464.918434344603,480.820734765369,520.439752798729,529.127093436828,534.536661981548,572.543827524532,584.608278165251,598.269492658768,636.47627101272,682.682077565721,732.895978324832,752.59328891489,777.656508021839,800.864188653802,827.967123106976,864.288880542432,892.761467005213,912.581085936489,941.715897182731,1014.34202879455,1129.69794896347,1250.95834312772,1371.95399227511,1469.6479441432,1562.35797442114,1691.54492156015,1827.8904134288,1977.31001849534,2059.69460803827,2001.24713572166,1754.78099047941,1826.52451223694,1912.89207489521,1913.54654189401,1976.1589480402,2080.23010091369,2181.59549930892,2255.68390731445,2367.26689806858,2474.18759484958,2523.77527002344,2438.31570814222,2604.29629808514,2609.19780655684
Timor-Leste,,,,,,,,,,,,,,,,,,,,,,,,,,,,,,,,,,,,,,,,389.355840156899,,,,,,,,,,,
Togo,194,201.912072148393,215.539587596729,240.67227348644,255.03144961007,276.489589884902,276.245224935131,274.289792646568,291.59891147913,288.349755349897,281.247503199332,292.920980051954,294.713695200906,311.645443686271,309.958660926296,297.146898851266,306.939037583939,330.829649273209,307.041614943876,339.006063922586,314.216608303881,291.539651044771,263.67579334357,268.829128911142,275.812975058845,273.525036397457,266.980319181097,277.344313513626,282.909781103953,278.372542533852,270.403319697525,255.383071349949,212.109335250194,231.5050343655,247.739469763135,265.529845346121,293.852520530591,278.491930730291,273.374216346567,263.952982887726,252.543303461568,245.930428207865,252.460370695742,251.460868654531,249.227199099589,253.588480887808,254.912173969096,257.025443756809,259.342313665137,262.850489078835,267.332174690061
Tokelau,,,,,,,,,,,,,,,,,,,,,,,,,,,,,,,,,,,,,,,,,,,,,,,,,,,
Tonga,,,,,,,,,,,,,,,,,,,,,,,,,,,,,,,,,,,,,,,,1950.72314955814,,,,,,,,,,,
Transnistria,,,,,,,,,,,,,,,,,,,,,,,,,,,,,,,,,,,,,,,,,,,,,,,,,,,
Trinidad and Tobago,3377,3457.32444894433,3643.23871233069,3895.81206526254,3962.15944650925,3978.28255746134,4002.51336379655,4147.87335314016,4202.82985630057,4346.15933288267,4349.07684411338,4617.54774466349,4620.77300968298,4298.23511029446,4895.86352704909,5099.24220120078,5387.39035040415,6125.06998798721,6008.11606263075,6540.06966348012,6907.77065921945,7235.37915949651,6402.6620737497,5781.93902227534,5421.91682250617,5174.77020604155,4882.65444566682,4635.78259848229,4468.04304588718,4524.85293316255,4622.65615709704,4526.01792434323,4469.54548861342,4546.06778496311,4682.54752888666,4804.01324927652,5028.93936880036,5460.59135702613,5647.62405428652,5824.5184466926,6159.53786463923,6668.7558913981,7524.21731697501,8344.72961011038,8807.19208093153,,,,,,
Tunisia,689,704.349472489064,770.078621013572,789.378772658566,782.10170720781,790.725761971346,766.889894652396,824.254314734678,844.895950065328,874.259857666231,960.044119115549,1111.4647577276,1072.11016903359,1144.67105285666,1207.66808699967,1259.63910701515,1274.89519606841,1324.5764488137,1370.50976794262,1439.59523197367,1475.00596989002,1428.80020553249,1464.46624647523,1521.54393992139,1542.01800717305,1467.06619365395,1520.73798531682,1489.85762542822,1499.38292538703,1603.97214512851,1618.32109181307,1701.92456910384,1677.48228936752,1710.933187118,1739.96341672623,1825.90135646712,1918.69332449253,1996.76161117757,2090.42601387328,2146.16419950356,2230.94610976476,2243.95284809454,2359.70443178824,2472.32789248159,2518.42949754478,2647.86978583909,2771.19498743641,2856.90462397574,2926.02562750431,2986.99583164826,2835.32380643505
Turkey,,,,,,,,,,,,,,,,,,,,,,,,,,,3165.31767194959,3168.60293914672,3142.77872278963,3391.64722625046,3354.39893726311,3467.95398544876,3675.47631608984,3412.14500524652,3645.39229420241,3863.38835985995,4090.79449960915,4136.99230865797,3924.63682174911,4126.58108785367,3795.69740879992,3998.05886074873,4156.66390804252,4503.1663009191,4826.70823057942,5088.59891864209,5264.2370707046,5227.45395298166,4901.6277512887,5301.76081491013,5687.45745797431
Turkmenistan,,,,,,,,,,,,,,,,,,,,,,,,,,,,,,,,,786.89577572971,651.780610755862,575.368127074134,526.604802300293,471.573519215482,486.17068117806,551.629515590378,605.893964729906,748.429129773009,858.632618072754,1011.31672898697,1169.95598205987,1232.51807090865,1369.31094368613,,,,,
Turks and Caicos Islands,,,,,,,,,,,,,,,,,,,,,,,,,,,,,,,,,,,,,,,,,,,,,,,,,,,
Tuvalu,,,,,,,,,,,,,,,,,,,,,,,,,,,,,,,,,,,,,,,,,,,,,,,,,,,
Uganda,,,,,,,,,,,,,,,,,,,,,,185.546449949635,188.414416669869,183.336338449716,171.024666168226,166.538986840954,167.76070427372,174.868360505808,178.703729730913,182.749217584339,186.605792380278,184.345127899599,196.253592806659,202.17642983407,219.586412575351,233.018191315666,238.93441131526,243.683527413429,255.266513476601,251.334435539143,256.582973958123,269.608406645154,278.055137354779,288.370231162407,292.638674127658,315.28613925636,332.762636423706,350.194402768669,364.163133010418,372.897984540992,384.077825002256
Ukraine,,,,,,,,,,,,,,,,,,,,,,,,,,,,,,1429.75518435782,1302.14440315526,1142.98482122896,957.035249393904,754.423582571571,660.913752824221,602.019594434504,589.325397484726,578.475054174981,578.233384166838,616.553224411127,690.227929541125,735.913593317794,814.370036587264,918.956467098125,951.424407924324,1022.52467798759,1110.40463472687,1149.76198512113,971.73445673519,1022.02781593717,1069.32502196078
United Arab Emirates,,,,,,,,,,,,,,,,,,,,,,,,,,,,,,,,,,,,,,,,,,,,,,,,,,,
United Kingdom,,,,,,,,,,12690.5104847447,12866.4922528076,13256.1153312481,14250.2796208533,14043.4027219179,13848.9434934572,14240.3525208162,14407.6535709842,14924.1441254839,15242.2561491068,14823.6902566523,14651.3490610383,14931.570198853,15576.8068593332,15990.8373137183,16371.3107145135,17072.8511138809,17819.2741485239,18718.2693747844,19031.4986702997,19032.2669795154,18741.9177515405,18847.0796711071,19178.1723229697,20113.7081218345,20562.8478141263,21126.8307261946,22464.7022102614,23548.4932869322,23990.9741999445,25036.7513267033,25931.8571942019,26763.2739544721,27563.9750014344,28253.4043591665,28734.7708257138,28998.8985040177,30041.4686754082,29740.7494543352,28032.7160956328,28156.0786806716,28381.1230472067
United States,,,,,,,,,,18219.3125420226,18563.9335809821,19434.3431525956,20463.96345572,20181.6075237153,19826.8116877707,20669.8655424792,21480.4730164829,22416.6051004279,22777.824716775,22539.6018789709,22951.7544131971,22528.7810312568,23021.3729947276,24583.7438661738,25242.4423382478,25672.3259436728,26464.3334222256,27558.507826132,27941.5780555262,28073.1893583106,27673.5027945537,28168.6053892315,28513.3545678516,29452.9816550438,30042.3069082131,30980.0828962259,32061.4960345736,33234.251599061,34416.2085090972,35690.4378733849,35650.5469670452,35666.7156410703,36190.0648672429,37286.9082380733,38293.82937875,39253.578148462,39084.2257803575,38663.365726937,36735.2888436014,37813.9452977313,
Uruguay,4207,4113.40411837165,4035.51384086844,4085.05284473648,4073.81038585734,4148.48479414661,3935.30306640195,3984.58075499655,4205.88928578677,4839.60022499758,4275.7782281052,4169.23265754543,3910.63800154418,4308.43079528032,4523.55942316535,4700.59900874748,4761.95019584409,4988.71351775124,5302.0893172977,5410.36226728249,5631.44860110096,4978.664868913,4276.96436909092,4112.5361814449,4152.50933350757,4603.45821690561,4986.79605308753,5032.57120370664,5033.79570252422,5059.5783544657,5272.97798099562,5682.02682960677,5800.54017570197,6162.85894288556,6046.59145783071,6372.30981449924,6917.00016335638,7187.66280632174,7062.88489086653,6894.30369363278,6611.61661971594,6155.92236633594,5918.38623665879,6204.56757102706,6767.24978558126,7073.89098792034,7515.40852033732,7964.54123817658,8134.50273852348,8779.56138801732,9285.26721751587
USSR,,,,,,,,,,,,,,,,,,,,,,,,,,,,,,,,,,,,,,,,,,,,,,,,,,,
Uzbekistan,,,,,,,,,,,,,,,,,,,,,,,,,,,,,,,,,,512.708213600953,498.839543472808,496.102351638843,508.696048617724,524.853836004891,539.972616109595,549.336906805165,564.113215135673,581.152663791569,600.384620260471,644.146309758495,682.943856116188,,,,,,
Wallis et Futuna,,,,,,,,,,,,,,,,,,,,,,,,,,,,,,,,,,,,,,,,,,,,,,,,,,,
Vanuatu,,,,,,,,,,,,,,,,,,,,,,,,,,,,,,,,,,,,,,,,1399.51961405063,,,,,,,,,,,
Venezuela,,,,,,,,,,,,,,6050.94340860178,6162.91925466229,6424.92652782454,6568.1423403548,6484.7903587385,6314.55439714436,5877.98091349607,5672.45963884803,5234.48892861605,4858.53642798273,4734.31194747265,4611.80229009721,4856.71737789373,4863.22014370619,5052.51129012015,4364.55748926079,4740.76599782729,5121.12242264562,5215.38291762416,5119.61357456626,4867.07203029841,4994.10550420908,4877.72748273274,5070.60839169244,5005.62854351873,4669.6094103323,4761.61468329409,4812.20593861712,4242.16875894781,3847.67198859856,4434.67930674852,4905.15539928918,5365.01841523896,5871.86506165352,6001.71171989266,5641.71525413818,5447.39570079701,5548.29563401523
West Bank and Gaza,,,,,,,,,,,,,,,,,,,,,,,,,,,,,,,,,,1390.06958811227,1433.59399625484,1383.86860408481,1504.60167660418,1688.21662843424,1772.79405054629,1592.15123932071,1253.59185466595,1092.40819480105,1129.87114005735,1138.98102271994,1159.33380315941,,,,,,
West Germany,,,,,,,,,,,,,,,,,,,,,,,,,,,,,,,,,,,,,,,,,,,,,,,,,,,
Western Sahara,,,,,,,,,,,,,,,,,,,,,,,,,,,,,,,,,,,,,,,,,,,,,,,,,,,
Vietnam,,,,,,,,,,,,,,,,,,,,,,,,,,,,,221.940819736024,213.476438997769,224.769495541905,244.482122939851,258.466921665995,279.920343112291,306.085746618648,327.810981389315,348.103206943626,362.430146739453,375.978479883438,395.795255795422,418.153846185614,441.347216393202,468.414357407632,497.46056141792,532.372670021974,567.719180552225,604.499543029422,634.147466016175,649.713468634639,690.555626237765,714.804952702153
Virgin Islands (U.S.),,,,,,,,,,,,,,,,,,,,,,,,,,,,,,,,,,,,,,,,,,,,,,,,,,,
North Yemen (former),,,,,,,,,,,,,,,,,,,,,,,,,,,,,,,,,,,,,,,,,,,,,,,,,,,
South Yemen (former),,,,,,,,,,,,,,,,,,,,,,,,,,,,,,,,,,,,,,,,,,,,,,,,,,,
Yemen,,,,,,,,,,,,,,,,,,,,,,,,,,,,,,461.883862007054,455.177686886212,473.051252942351,470.084276390697,478.702878355427,473.091343585976,455.22936210418,462.779204818377,493.563338826984,479.353975545826,500.061446832,509.221907486538,509.822246396812,507.009209652318,505.627003826946,518.217551728435,536.736604965658,539.374878906943,537.165687733941,555.477445320194,571.165780052158,
Yugoslavia,,,,,,,,,,,,,,,,,,,,,,,,,,,,,,,,,,,,,,,,,,,,,,,,,,,
Zambia,461,427.770334915408,435.189679014508,455.341972474403,576.52194970618,506.836708609882,546.077571807865,542.161773964407,528.609455499903,556.213727682444,537.275643425574,548.950001119338,489.149105339679,518.515011732601,504.575444876597,505.138167952081,501.834514461225,480.173113712566,431.287145260683,439.873244826851,482.630705867906,441.313615173621,410.552705091349,383.947241729878,367.784084016362,326.217442144066,333.939822914333,363.859754195152,364.277725837733,357.515446073052,340.710116303047,334.600756806739,355.975258753593,317.938446098937,297.461221971986,311.278533185201,311.548921940863,294.56362071522,298.260864941748,302.082813038448,309.652464940395,315.570963655242,327.412952387576,316.827859380202,311.545333008738,297.220370644062,294.468232508271,,,,
Zimbabwe,,,,,,,,,,,,,,,,525.812959443299,474.120802708007,448.233392008067,446.722350714414,490.706505737702,534.784109136804,522.869969553032,510.624608417909,484.055072704032,496.787780443369,485.666251014778,473.080055490928,491.767317211114,503.382575611942,520.46453014319,531.547805098459,469.409273841215,467.362902235146,497.636169048633,487.400953740474,532.219776751213,531.453064803443,531.749773948864,527.706384350407,505.929123409549,514.111722521294,469.509907914781,391.365035623754,365.772248051803,346.345096367608,332.51599137952,317.984464110731,267.244399793256,286.017414361828,311.768522255996,337.835330198526
land,,,,,,,,,,,,,,,,,,,,,,,,,,,,,,,,,,,,,,,,,,,,,,,,,,,
South Sudan,,,,,,,,,,,,,,,,,,,,,,,,,,,,,,,,,,,,,,,,,,,,,,,,,,,
Christian,,,,,,,,,,,,,,,,,,,,,,,,,,,,,,,,,,,,,,,,,,,,,,,,,,,
Coastline,,,,,,,,,,,,,,,,,,,,,,,,,,,,,,,,,,,,,,,,,,,,,,,,,,,
Curaao,,,,,,,,,,,,,,,,,,,,,,,,,,,,,,,,,,,,,,,,,,,,,,,,,,,
Sint Maarten (Dutch part),,,,,,,,,,,,,,,,,,,,,,,,,,,,,,,,,,,,,,,,,,,,,,,,,,,
St. Martin (French part),,,,,,,,,,,,,,,,,,,,,,,,,,,,,,,,,,,,,,,,,,,,,,,,,,,
Antarctica,,,,,,,,,,,,,,,,,,,,,,,,,,,,,,,,,,,,,,,,,,,,,,,,,,,
"Virgin Islands, British",,,,,,,,,,,,,,,,,,,,,,,,,,,,,,,,,,,,,,,,,,,,,,,,,,,
Hawaiian Trade Zone,,,,,,,,,,,,,,,,,,,,,,,,,,,,,,,,,,,,,,,,,,,,,,,,,,,
U.S. Pacific Islands,,,,,,,,,,,,,,,,,,,,,,,,,,,,,,,,,,,,,,,,,,,,,,,,,,,
Wake Island,,,,,,,,,,,,,,,,,,,,,,,,,,,,,,,,,,,,,,,,,,,,,,,,,,,
"Bonaire, Saint Eustatius and Saba",,,,,,,,,,,,,,,,,,,,,,,,,,,,,,,,,,,,,,,,,,,,,,,,,,,
Sark,,,,,,,,,,,,,,,,,,,,,,,,,,,,,,,,,,,,,,,,,,,,,,,,,,,