Male 20-39 years (%),1950,1955,1960,1965,1970,1975,1980,1985,1990,1995,2000,2005,2010,2015,2020,2025,2030,2035,2040,2045,2050
Afghanistan,28.4936049265751,28.6872671488056,28.7948666532986,28.8283378746594,28.9225260416667,28.4186180977161,27.9673898024043,27.5250941028858,27.0763101440392,27.0051194539249,26.9523541020581,27.1939498975894,27.7556705133307,28.4787636076485,29.2596027136512,29.9028875902372,30.3354065707635,30.9420265041263,31.6893758341351,32.5101478895228,33.2426066474745
Albania,26.6009852216749,27.1942446043165,27.4412855377009,27.7719112988384,27.037037037037,27.5720164609054,30.0435413642961,31.7616240995416,33.3135743924126,31.7057704502219,27.7850589777195,27.384815055159,29.2199488491049,31.6708229426434,33.109756097561,31.1524609843938,28.3403235470342,26.0817307692308,25,25.4901960784314,25.2173913043478
Algeria,28.3602150537634,27.7450781408565,26.3661453541858,25.1461011855068,21.7048497470991,22.8958359701304,24.5470918529505,26.7770379701278,29.0190842692217,30.7336232290644,33.5109147609148,36.0287023637241,37.0952407583468,36.5702694268178,33.6633663366337,30.6010171058715,28.7045252883762,27.934352981612,28.5134343349795,28.360286591607,27.2394071209924
Angola,29.0354330708661,28.5650022492128,27.7981277981278,26.8988514264542,25.9718498659517,25.8816497310221,25.9508408796895,26.1920313520575,26.4851485148515,26.4001294917449,26.797385620915,27.23388671875,28.1580352375868,29.2274597830153,29.8923841059603,30.804495711328,31.2562545866969,31.8444241871771,32.5371135171336,32.7966145430149,32.9376141497645
Argentina,32.4309016764839,31.434184675835,30.2789986623352,29.2839330245814,28.8753545803437,29.0789473684211,29.0266887274297,28.9813197150921,28.6554832248373,28.7588590171616,30.0143424536628,30.8028428533825,31.5100772084628,31.7299861064533,30.7911683532659,30.0217710045764,29.3749460416127,28.7293283833952,28.1151745821612,27.5884532388746,26.8099319892149
Armenia,26.01246105919,28.9544235924933,33.2591768631813,30.1869158878505,26.7479674796748,28.0638143582306,29.688535453943,33.4763948497854,33.8372093023256,30.4319371727749,27.8008298755187,27.4825174825175,30.7425399028452,32.9234972677596,32.1212121212121,30.2076356329538,27.8710543989255,27.1929824561404,28.1546811397558,27.7282086479067,26.2900976290098
Aruba,25,26.3157894736842,26.0869565217391,25.9259259259259,29.6296296296296,30,32.258064516129,36.6666666666667,34.375,37.5,31.8181818181818,28.5714285714286,26,25,26.4150943396226,27.4509803921569,26.4150943396226,25.4901960784314,22.6415094339623,22.6415094339623,24
Australia,31.5637065637066,29.6479175611851,28.2855493553973,27.0582156389941,28.3998752339364,29.9458985231759,31.8887980376124,32.9866835764109,32.409907266111,31.7576564580559,29.8002103049422,28.7011448874852,27.9756895745676,27.279195944143,26.8868324985143,26.126932465419,25.5584293439925,25.0625995902572,24.8986511387927,24.8977248259528,24.728698452706
Austria,25.9707983845915,25.2478314745973,27.3032336790726,28.1975889444281,28.2342905885698,28.9863166713209,30.2130044843049,31.6699191524951,33.442265795207,33.7601254246146,31.3710302091402,29.1177205698575,27.1816181862625,26.5202702702703,25.9427207637231,24.6986528007563,23.500352858151,22.3659454374412,22.0622935346862,22.1115065243179,22.3574325936531
Azerbaijan,26.1188554658841,29.5685279187817,32.5818572195384,28.8235294117647,24.8706725029845,24.7207207207207,26.9513008672448,31.9901568748078,32.3604420515727,33.2807570977918,31.6654030831438,30.5562302647559,32.5022872827081,33.7076225437271,32.9547800949824,31.0358645562012,29.3123772102161,28.6516853932584,29.3057153816648,29.2151995417224,27.5353999234596
Bahamas,27.7777777777778,26.8292682926829,26.9230769230769,27.536231884058,28.5714285714286,28.2608695652174,28.8461538461538,31.8965517241379,35.4838709677419,35.9712230215827,33.7748344370861,33.125,31.7365269461078,31.0734463276836,30.8108108108108,29.7435897435897,28.7128712871287,27.4038461538462,26.1682242990654,25.9259259259259,25.6880733944954
Bahrain,33.8709677419355,32.3943661971831,32.5301204819277,25.2631578947368,28.5714285714286,30.6122448979592,43.7810945273632,47.3251028806584,47.0383275261324,45.3731343283582,42.4,42.1052631578947,41.3793103448276,37.8486055776892,35.4359925788497,33.5640138408305,31.8555008210181,30.298273155416,29.1729323308271,28.0882352941176,27.521613832853
Bangladesh,30.0675098273799,29.3164910105394,28.7459851975981,27.1407157579164,25.8898152508102,26.1635005127704,26.363069781436,27.1873755287066,28.4466233523894,29.8314097342821,31.7464547711557,33.6762086678196,35.039033837345,35.3745876824364,34.8004356461016,33.5760929267449,31.897714609685,30.4781763897446,29.1866914835496,28.0068447017276,27.2322031608807
Barbados,30.9278350515464,27.4509803921569,23.0769230769231,21.2962962962963,22.5225225225225,26.7241379310345,30.5084745762712,36.3636363636364,38.0952380952381,38.2113821138211,33.3333333333333,32.2314049586777,30.952380952381,29.6875,27.5590551181102,24.21875,22.8346456692913,22.7642276422764,22.7642276422764,22.3140495867769,21.3675213675214
Belarus,27.9416058394161,30.4335343095033,33.6580086580087,31.9062181447503,29.6867469879518,29.4199214236191,30.4638715432649,33.0759330759331,32.4459234608985,31.7295727913729,30.9114085404716,31.701988201879,34.0143691064212,33.6943996312514,31.501657981999,28.2370153621068,25.296642262055,24.3710691823899,24.8023984736986,24.8013620885358,23.9490822972173
Belgium,29.1862652869238,28.2828282828283,28.4632516703786,26.7945677947834,27.0625662778367,27.9021125287597,29.8333333333333,32.3775638342403,32.0412371134021,30.9813463098135,29.0555444154802,27.4529042386185,26.1068702290076,25.2722493428464,24.5934959349594,23.9970824215901,23.739837398374,23.5272988505747,23.7209302325581,23.9949973199929,23.933606996252
Belize,30.3030303030303,25.6410256410256,23.9130434782609,23.6363636363636,21.6666666666667,22.7272727272727,23.6111111111111,25.9259259259259,29.0322580645161,30.9090909090909,30.952380952381,30.9859154929577,32.2784810126582,33.3333333333333,34.2245989304813,33.3333333333333,32.8703703703704,31.578947368421,30.672268907563,29.3877551020408,28.2868525896414
Benin,26.9109947643979,25.9036144578313,25.3968253968254,25.5301102629347,24.9050873196659,25.1172136637642,25.3774680603949,25.7213930348259,26.6893327666808,27.974727974728,27.9349789283564,28.6147623862487,28.8540098903462,28.980122608211,29.3850397533669,30.0086107921929,31.0189938398357,31.9782256196433,32.6119087837838,32.8314715881496,32.5218645748805
Bhutan,29.8850574712644,29.7029702970297,30.0884955752212,29.4573643410853,29.1390728476821,30.0546448087432,29.5454545454545,27.7551020408163,26.4285714285714,25.6809338521401,27.3684210526316,34.6041055718475,36.6310160427808,38.3863080684597,36.2790697674419,33.184855233853,30.4721030042918,28.7784679089027,28.3400809716599,27.4703557312253,26.8482490272374
Bolivia,27.790096082779,27.5954454119223,27.5301204819277,27.3513513513514,26.984126984127,27.0051194539249,27.4895872775464,27.7664630006789,28.0351195882531,28.5176217379607,28.9028516191397,29.5017482517482,30.3956834532374,31.5361890694239,32.4728962312855,33.1714424477902,33.2002457002457,32.5499412455934,31.7795409464438,30.7046518029177,29.5693135935397
Bosnia and Herzegovina,25.9143968871595,28.8811188811189,32.5596389426177,31.437125748503,30.2232398397252,31.2330255296035,32.9002079002079,35.970515970516,35.1947442515251,32.9826732673267,30.0168634064081,29.5217152281473,30.4588170259812,30.0445930880714,29.2020373514431,26.7166762839008,23.8629651506202,22.6829268292683,21.5413771320278,21.4379947229551,21.1683848797251
Botswana,28.2828282828283,28.4444444444444,26.5873015873016,24.3816254416961,24.0963855421687,25.5696202531646,27.4428274428274,27.8169014084507,28.9156626506024,29.9346405228758,31.8501170960187,34.1703056768559,36.7408906882591,37.6060320452403,36.8888888888889,34.9326599326599,33.7359098228664,33.2816136539954,33.1831831831832,33.1391114348143,32.3175053153792
Brazil,29.2287581699346,28.397190293742,27.9907341018146,27.0335780993798,27.1315888318518,28.4652731450597,29.8068365362429,31.5968022655536,32.4428713697413,32.7433186453795,33.0773966476553,33.4386576596208,33.6725677515931,33.4600989373765,33.0250617031032,32.0498117246784,30.6701492678051,29.2063551471827,27.2510719390186,25.1002473392295,23.7150415721844
Brunei,33.3333333333333,30.3030303030303,29.2682926829268,27.2727272727273,24.2424242424242,27.0588235294118,35.5769230769231,35.593220338983,39.2592592592593,37.9084967320261,36.4161849710983,35.4166666666667,35.5769230769231,35.6521739130435,35.3658536585366,34.2307692307692,33.0935251798561,31.3793103448276,30.2631578947368,29.5238095238095,29.1411042944785
Bulgaria,32.3123620309051,31.9604172238566,32.5776872134488,30.3658536585366,29.5240339302545,28.6009648518263,28.7590579710145,28.8474500112334,27.9273061881758,27.9677576941866,29.1570586728158,30.0826005861977,30.3975704030922,28.7182415072795,25.5476613380699,23.1598398521712,21.6077170418006,21.7025572005384,22.5035161744022,22.7072633895818,21.9362274298886
Burkina Faso,30.2336448598131,29.2607348384241,28.287841191067,27.4479568234387,26.5364120781528,25.6501950585176,24.9558043606364,24.78249406802,25.8636573007831,26.9746050789842,27.7527700831025,28.9258610624635,28.4222167608749,28.1736023539302,28.2313235428259,28.7824062926399,30.785138700706,32.3788827815416,33.450907829305,33.9924919367631,33.5254750622832
Burundi,28.9719626168224,27.3504273504274,26.241134751773,25.4368932038835,25.0739207569486,24.7305728871242,26.8476621417798,29.2054099746407,29.4691224268689,27.2485009993338,25.1193887297039,28.8173237090505,33.1658291457286,34.4782890473104,34.2058649872072,32.8423349699945,31.8653290256759,32.0467648942985,32.52610867262,32.5724949755958,31.773905885581
Cambodia,29.0381960423378,29.0615957007028,28.870908422214,28.6458333333333,28.2671272308578,28.6760563380282,28.832,28.3018867924528,28.2773564463705,27.663073268774,26.6828478964401,30.3523837725792,33.6316788717114,36.6616989567809,38.0527939664038,35.2972455599277,33.0395593390085,31.2274024738344,30.7671332485003,30.8557969118032,30.2833530106257
Cameroon,29.1000456829603,28.8445552784705,28.4531426420775,27.8374748153123,27.1111111111111,26.5564453629553,26.0444444444444,25.8002683534598,26.0361842105263,26.6809728183119,27.8846153846154,29.229904440697,30.440881763527,31.3789066018193,31.65874446812,32.1051838456902,32.7916870074622,33.2251784555483,33.4386583216868,33.0048696648525,32.1655877713104
Canada,30.1808266360505,28.8328945718942,27.5561921551344,25.9700889248181,28.2441348973607,31.1684946886605,34.1441441441441,36.1128428927681,35.0131080687445,32.6736087166402,30.346098170812,28.3875,27.8386750863815,27.7768337581422,26.7544806737206,25.2864663982657,23.9863020497295,22.9442843419789,22.8276602698791,23.1441843519446,23.3656497376145
Cape Verde,28.3582089552239,26.9230769230769,25,23.1481481481481,19.6850393700787,17.96875,17.2932330827068,21.6216216216216,24.8484848484848,25.9259259259259,28.0193236714976,29.5652173913044,31.7073170731707,34.0909090909091,34.5195729537367,33.5593220338983,31.4102564102564,29.5031055900621,28.3987915407855,27.299703264095,27.3529411764706
Central African Rep.,29.2048929663609,29.0697674418605,28.8227334235453,28.3600493218249,27.6169265033408,26.4646464646465,26.3440860215054,26.8842268842269,26.7546907574705,27.7167277167277,28.1828073993471,28.5501489572989,29.9276672694394,31.0771770532398,32.2445879225218,33.0045790771398,33.2565789473684,33.426097711812,33.2261835184103,32.75,32.3865144677462
Chad,28.9166666666667,28.3004552352049,27.7091906721536,27.3062730627306,26.7955801104972,26.7481662591687,26.5198237885463,26.1747572815534,25.9946949602122,25.9143748227956,26.2602016322612,26.8047456263825,27.5699300699301,28.2958199356913,29.0392130440641,29.8896928003796,30.730319317104,31.6152827690562,32.4335904027421,32.9888027562446,33.2924807151611
Channel Islands,29.1666666666667,28,29.6296296296296,29.0909090909091,28.8135593220339,30.6451612903226,31.1475409836066,33.8461538461538,34.3283582089552,33.3333333333333,30.4347826086956,27.1428571428571,26.027397260274,25.6756756756757,26.027397260274,24.6575342465753,25,23.6111111111111,21.9178082191781,22.5352112676056,22.5352112676056
Chile,28.8416860272154,28.1026252983294,26.9912675310929,26.8132896583996,27.2746508675413,28.6103542234332,31.5083393763597,33.9524765729585,34.6018106490717,34.250421111735,32.4373934705651,31.0182314275084,30.8672566371681,30.9741505813297,30.7215822647251,29.3442795495211,27.5752285098079,25.9943468604886,25.3418504840802,25.2009925558313,24.9603489294211
China,30.1772493500622,29.5829775120979,29.2863032301872,27.713744773009,27.0027271381288,28.2992622555608,29.815425585587,32.6222297536249,35.1689456953597,35.6320094577755,34.628464637565,32.9821937091688,31.8186280577597,30.1815979126106,29.7354986149398,28.6832594685453,26.393270658613,25.4988018699033,25.2561594786664,25.0212103501122,24.4374553957298
Colombia,28.0596015402645,26.4052287581699,25.0031363693389,23.9151606968943,24.4871070958028,26.6627575808343,29.0387631637912,31.5492957746479,33.1269349845201,32.7822468793342,32.7082802547771,32.3150898034224,31.8161867977528,31.9533695831274,31.5192832099727,30.8808790229778,30.2401824531395,29.4283941253534,28.7523940727798,28.1210842181626,27.3688319292197
Comoros,30.7692307692308,29.8850574712644,27.3684210526316,25.7142857142857,25.6410256410256,25,25.4545454545455,26.0416666666667,27.6497695852535,28.7449392712551,30.2919708029197,32.5806451612903,32.6589595375722,32.3759791122715,31.7422434367542,31.1258278145695,31.9672131147541,32.7619047619048,32.6126126126126,31.965811965812,30.5555555555556
"Congo, Dem. Rep.",27.011393514461,27.3137346399129,27.4880871341048,27.6193870277976,27.5598573611819,27.3125822007891,26.9792293798916,26.4885199117914,25.98036527176,25.5715380799928,25.6846043623627,26.1385393873085,27.1713265913147,28.3854166666667,29.6378061400483,30.9494957793341,31.8806147449699,32.7159865676198,33.4047980469789,33.693276208796,33.7510614402717
"Congo, Rep.",28.7878787878788,28.7330316742082,27.9441117764471,27.0979020979021,26.3237518910741,25.810635538262,25.638179800222,26.1158594491928,26.9293924466338,27.6734104046243,28.1559814937211,29.8708920187793,30.9003729355354,32.387706855792,33.063829787234,33.1632653061224,33.1265961327982,32.8098327074087,32.7225972356156,32.2560975609756,31.5958066394875
Costa Rica,28.6004056795132,26.0869565217391,23.9290989660266,23.134328358209,23.8353196099675,26.7307692307692,29.8333333333333,33.042212518195,34.0996168582375,33.2391181458451,32.5825825825826,32.5306678782372,33.3191850594228,33.9037007560684,33.2205937617437,31.6015764958796,29.2053663570691,27.720465890183,26.621271076524,25.8505564387917,25.5332496863237
Cote d'Ivoire,29.0780141843972,29.9661016949152,30.405019965773,30.68758652515,29.937013708781,29.0623179965055,28.2291191236878,27.689206523731,27.3865892775317,27.9231661724894,28.5906945380984,28.5917496443812,29.2782941498086,30.2444987775061,30.9782608695652,31.8943084006139,32.5940860215054,32.9633802816901,32.9776103787403,32.560074389468,31.986531986532
Croatia,27.8715296679368,29.8097251585624,32.6952922917744,31.9676277187658,32.025819265144,31.9592628516004,31.524303916942,31.9611470860314,30.9240622140897,29.5555555555556,28.7557603686636,28.7716020551144,28.4571966133584,27.8937381404175,26.6283524904215,24.6601941747573,23.4683794466403,22.8946041351488,22.542460113227,22.8300894266176,22.7175080558539
Cuba,29.0058862001308,28.29064919595,28.7201973143327,27.9041028175976,27.1660649819495,27.6546822742475,28.4853354760948,31.9471817106819,34.847915884341,36.2906170135086,34.0962335555956,32.1753073222876,29.5584045584046,27.1772039180766,26.7142857142857,26.2439374887731,24.0167516387473,22.4948875255624,21.5187452180566,20.9044030146767,20.7511931936086
Cyprus,27.9835390946502,26.8482490272374,26.0714285714286,25.8741258741259,26.2458471760797,31.4754098360656,33.4426229508197,33.4375,31.1764705882353,30.0546448087432,29.0155440414508,28.992628992629,30.3738317757009,31.5555555555556,30.5907172995781,28.0808080808081,25.8252427184466,24.4821092278719,24.1818181818182,24.6017699115044,24.6551724137931
Czech Rep.,29.3914246196404,27.0976311711313,27.6398186136903,27.1665250637213,29.0438079191238,30.7201646090535,31.4469195263897,30.9876049580168,29.2141571685663,29.3859649122807,31.370578778135,31.805388017692,32.3236271252687,29.969064191802,25.9700345754898,23.8296239447429,22.7062451811874,22.6019417475728,23.6533957845433,24.0360148757095,23.3654034949931
Denmark,29.0033065658951,27.0663033605813,25.8362676056338,26.5366680796948,28.6298568507158,29.9920127795527,30.9881422924901,31.5204446208813,31.0576164167324,30.8139534883721,29.529946929492,26.8110530246453,24.8161764705882,24.4525547445256,24.9185077870337,25.9805685498381,26.2177650429799,25.4206945936269,24.802584350323,24.6580273578114,24.7832369942197
Djibouti,29.0322580645161,28.5714285714286,27.906976744186,28.0701754385965,28.75,28.3185840707965,28.1437125748503,28,27.9569892473118,29.126213592233,29.7520661157025,31,32.4200913242009,34.1052631578947,34.4357976653696,34.2293906810036,33.3333333333333,32.2834645669291,31.7979197622585,31.3475177304964,31.0719131614654
Dominican Rep.,26.2560777957861,26.5235457063712,25.9389671361502,25.1866600298656,24.7210300429185,25.2908067542214,26.9576807730756,28.8181006251861,30.4079441760601,31.0959238467171,31.1221047897459,30.936001667709,30.8531359563693,30.9838472834068,30.9116311561299,30.7010205788857,30.35685451316,29.7267587939698,29.1839557399723,28.456640388114,27.6012648697485
Ecuador,27.0783847980998,26.4278296988577,26.1947700631199,25.7751937984496,25.5666666666667,26.6052404261445,27.665418227216,29.020979020979,30.5340557275542,31.3971742543171,31.4290338242434,31.1097542359945,30.8874709976798,31.1095890410959,31.5138092756644,31.4449713002246,30.8192771084337,29.8722606351811,28.7010451360974,27.7085222121487,26.93735237881
Egypt,29.812096849584,28.745372274784,27.2079464478514,25.6450796863142,26.0913477724161,26.2860885776188,26.5687463504469,27.6539716228432,27.4368851895164,27.6767111359891,28.9303904923599,30.6828426448239,32.9739146812318,33.1380335481631,32.5014662163529,31.4708346024977,30.2061892897122,30.3147708096566,30.1082376270346,29.4294342275552,28.4460080011208
El Salvador,26.4516129032258,26.6666666666667,25.7121986851717,24.922311995028,25,25.5369928400955,25.5347010039284,25.440393281442,26.0416666666667,27.5613275613276,27.7252015422362,27.5251648733079,28.1603288797533,30.2442288390766,32.555879494655,32.8976034858388,32.6060968320383,31.3277408157362,29.9633905941988,29.8787210584344,29.3878656554713
Equatorial Guinea,29.3577981651376,29.3103448275862,27.8688524590164,28.7878787878788,26.7605633802817,19.2982456140351,17.9245283018868,32.4675324675325,35.4838709677419,33.1838565022422,27.7992277992278,25.4966887417219,25.8720930232558,27.5064267352185,29.3577981651376,30.4347826086956,30.5660377358491,31.3148788927336,32.4281150159744,32.8869047619048,32.9624478442281
Eritrea,26.7256637168142,27.591706539075,27.9661016949153,28.2689912826899,28.1521739130435,27.3764258555133,24.055829228243,23.546511627907,23.8709677419355,23.303457106274,28.7472035794184,32.9535095715588,34.0590979782271,33.1197301854975,31.1785929043896,31.4986376021798,32.7856609410008,34.0054995417049,34.5068928950159,33.682753164557,32.3128616763114
Estonia,27.9317697228145,29.8210735586481,32.5800376647834,33.800350262697,33.3868378812199,32.67776096823,31.9587628865979,31.9268635724332,31.2925170068027,29.6851574212894,29.3375394321767,30.4838709677419,32.1428571428571,30.8064516129032,28.4090909090909,25.5663430420712,23.240589198036,24.459234608985,26.5546218487395,27.4111675126904,26.1904761904762
Ethiopia,28.041169385744,28.1722354813047,28.3042505592841,28.2569097964679,28.2070935823288,27.6733794454306,27.2245943637916,27.1115694362601,26.8611250208646,26.728403789057,26.6744500430134,27.0099148615152,27.9734172125914,29.4273550649025,30.7911127637817,31.8327974276527,32.6907826511316,33.1546449621106,33.4350110150822,33.5052113243973,33.1325719041894
Fiji,27.8145695364238,26.9005847953216,26.1083743842365,26.271186440678,27.6515151515152,29.3515358361775,30.3405572755418,31.7548746518106,31.7808219178082,31.7948717948718,30.958230958231,30.7142857142857,31.264367816092,32.6530612244898,32.8159645232816,32.6039387308534,32.3340471092077,31.2765957446809,29.8507462686567,28.9079229122056,28.0777537796976
Finland,29.7494780793319,28.3251231527094,28.3973758200562,28.551974580118,30.5480682839173,33.3919156414763,34.4723183391004,34.8778433024431,32.094175960347,29.243765084473,27.6107594936709,26.334242306194,25.6009156810378,25.9842519685039,25.3515914137676,24.429727740986,24.0250183958793,23.5706381409074,23.8888888888889,24.2266120014909,24.1869158878505
France,28.4336151168573,27.9387199923639,28.9480812641084,27.1202864967348,28.1091114518602,29.0392590008914,30.4060470239678,31.9839857651246,31.0541928948701,30.2641857822598,28.7317073170732,27.6269185360094,26.4994583237582,25.3100301998329,25.0426109462786,24.8825706908887,24.7771562058155,24.6985750822068,24.4979433825308,23.9364907206556,23.4655519802725
French Guiana,33.3333333333333,28.5714285714286,25,25,33.3333333333333,28.5714285714286,35.2941176470588,34.7826086956522,34.4262295081967,32.8767123287671,29.0697674418605,29.4117647058824,28.0701754385965,29.7709923664122,30.5555555555556,31.875,32.2033898305085,30.8900523560209,31.0679611650485,29.8165137614679,29.3859649122807
French Polynesia,26.6666666666667,29.4117647058824,26.8292682926829,26.0869565217391,26.3157894736842,29.8507462686567,30.379746835443,31.8681318681319,32.6923076923077,33.9285714285714,33.3333333333333,31.578947368421,32.6086956521739,31.7567567567568,31.8181818181818,31.4465408805032,28.7425149700599,28.0701754385965,27.7456647398844,27.1186440677966,26.4044943820225
Gabon,30.3030303030303,30.1724137931034,29.4117647058824,28.3400809716599,27.2373540856031,28.2758620689655,28.7425149700599,28.3887468030691,27.9475982532751,27.6635514018692,28.2679738562092,29.4721407624634,31.1081441922563,33.0900243309002,34.0425531914894,33.9563862928349,33.3980582524272,32.3556370302475,31.6797214969539,31.25,30.6891025641026
Gambia,29.2682926829268,29.1970802919708,31.1688311688312,31.6939890710382,30.8056872037915,29.5275590551181,27.1523178807947,26.3157894736842,26.410835214447,27.2727272727273,27.8637770897833,27.8731836195509,28.0276816608997,28.7018255578093,29.94555353902,31.3262815296989,32.4981577008106,33.0195023537324,33.2920024798512,33.1418724870764,32.7789699570815
Georgia,28.1326781326781,30.5227655986509,34.2621259029928,32.3795898903195,28.6940804338003,28.0815972222222,27.8337531486146,30.8770524629555,31.4957594448728,30.7436643124221,29.6708185053381,29.113323850166,29.5214105793451,30.0469483568075,29.1288081239979,27.8536318951393,25.9943977591036,24.7976878612717,25.3285543608124,25.4478072884497,24.3745991019884
Germany,24.9460180363267,25.2264145150892,29.2940030117814,30.8746225254446,30.0175984838229,30.7717041800643,30.1972889545028,31.8384198170485,33.5656486557035,32.8262731073389,30.3007612629477,27.3194213543088,25.1024717426407,24.4759617789784,24.0340851623344,23.0394169575036,21.5951273069483,20.8007055616431,20.4456992489447,20.4781235904375,20.7797485992975
Ghana,27.6519666269368,27.9411764705882,27.9171528588098,27.6670870113493,27.5447744275674,26.678550207962,26.4452423698384,26.7123287671233,27.3063706053397,28.4502521779,29.4337714863498,30.2656461053579,31.0705596107056,31.636017290644,31.8278852568379,31.8301413449183,31.8364345908037,31.8363483382415,31.7453294001967,31.5134985207101,31.027244500809
Greece,30.2685109845403,31.1985596707819,31.865157480315,30.1587301587302,27.3637633907778,26.568848758465,27.0498732037194,28.2381829343155,28.9394847213901,30.5197268588771,31.5799187892211,31.5318605075771,29.5294753921038,27.1441360787825,24.5357142857143,22.7362028933738,22.3316618911175,22.2282120395328,22.0978515977613,21.8346957311535,21.390570537516
Grenada,20.5882352941176,23.6842105263158,21.4285714285714,20.9302325581395,18.1818181818182,25,23.2558139534884,30.6122448979592,28.5714285714286,31.25,30,30.7692307692308,34.6153846153846,36.3636363636364,33.9622641509434,31.4814814814815,28.5714285714286,25.4545454545455,26.4150943396226,28.8461538461538,24.4897959183673
Guadeloupe,29.7029702970297,27.8260869565217,24.6268656716418,22.8187919463087,22.6415094339623,22.2222222222222,27.5,30.4093567251462,33.5078534031414,32.8205128205128,31.7073170731707,26.027397260274,25.7777777777778,25.6637168141593,25.764192139738,25.764192139738,24.3478260869565,24.3478260869565,23.5807860262009,22.2222222222222,21.9730941704036
Guam,55,46.1538461538462,40,39.5348837209302,38.2978723404255,34,34.5454545454545,37.0967741935484,38.0281690140845,36.8421052631579,31.6455696202532,29.7619047619048,27.7777777777778,28.125,29.7029702970297,30.4761904761905,30.5555555555556,28.9473684210526,27.5862068965517,27.1186440677966,27.1186440677966
Guatemala,27.7533039647577,28.0327868852459,27.9180562172463,27.1970012494794,27.1137026239067,26.9917144678139,26.1703327693175,25.748502994012,25.417687680998,25.0552541691782,25.3444525018129,26.2538300274149,27.4907222380816,29.3003283657489,30.8920081503283,32.2206244864421,33.311320754717,33.8063950941743,33.8870158704054,33.4502103786816,32.6304023845007
Guinea,28.5823754789272,27.4330042313117,26.413881748072,26.4808362369338,26.3020833333333,26.9535113748764,27.3353422298752,27.2178180445451,27.2668602775089,27.2125066242713,27.4704491725768,27.9114740008595,28.4947267497603,29.1206954195921,29.7444183313748,30.4540709812109,31.3473018845839,32.1678321678322,32.7371168906507,32.8824419329002,32.5623657690402
Guinea-Bissau,30.7392996108949,28.7769784172662,27.6450511945392,28.2312925170068,28.6195286195286,29.2753623188406,28.5714285714286,28.2560706401766,26.6272189349112,27.7777777777778,28.416149068323,28.0437756497948,28.641370869033,27.6688453159041,28.22265625,29.2361720807726,30.4451510333863,31.3540912382332,31.9177173191772,32.1930360415394,32.258064516129
Guyana,29.951690821256,26.5822784810127,24.4604316546763,23.3644859813084,22.3796033994334,25.2747252747253,27.7486910994764,29.6296296296296,31.404958677686,33.695652173913,34.8773841961853,31.4432989690722,29.2307692307692,28.3505154639175,30.2631578947368,30.4582210242588,30.1675977653631,29.1907514450867,26.1538461538462,24.7524752475248,24.9097472924188
Haiti,28.6077558804832,27.9488669378268,27.7279915656299,27.4239543726236,26.6810344827586,27.0355731225296,27.0357142857143,26.8765903307888,27.2753209700428,26.9309989701339,27.3812309852563,29.4725511302476,31.4399205561072,33.185595567867,34.0175953079179,33.3009236752552,32.6186830015314,31.9480898221056,31.2246892892054,30.6655887900835,29.9098392787142
Honduras,26.7379679144385,26.5588914549654,26.5873015873016,25.8664412510566,24.6849518161601,24.7594611930725,25.4794520547945,26.4719736222327,27.379983726607,27.5196568977841,27.9241645244216,29.1242362525458,30.8641975308642,32.8806290207291,33.9965019676432,34.1448569689592,33.7773549000952,32.9846708746619,32.1545627048473,31.2437645493848,30.0096649484536
"Hong Kong, China",41.8307086614173,37.842064112588,31.6856780735108,25.4933333333333,26.8329177057357,29.5111111111111,34.7428571428572,38.1966631167909,37.7481177275838,35.7073486565231,32.350201800683,29.1096931024005,27.8375149342891,28.6491127647396,28.3821093318608,25.7104557640751,23.5787267487556,21.5985514743921,20.8951406649616,21.8979954326313,22.2446406052963
Hungary,30,28.7460484720759,29.2981727574751,28.8716588451336,28.9247955316178,30.6262230919765,30.9367771781033,30.4211557296768,29.4554952782801,28.93884163629,30.341704405105,31.5503552026745,31.6856780735108,30.4347826086957,27.3568661213948,25.7180156657963,24.6584398413398,23.9606616003576,24.0816326530612,24.1616903996325,23.8039944263818
Iceland,30.9859154929577,28.75,26.9662921348315,25.7731958762887,26.6666666666667,27.9279279279279,31.6239316239316,32.7868852459016,33.59375,31.3868613138686,30.0699300699301,28.8590604026846,30.1775147928994,29.3478260869565,27.8350515463918,25.5,24.0196078431373,23.3009708737864,22.9665071770335,23.3333333333333,22.8571428571429
India,31.0971410225207,30.1320965240743,29.0732430071427,27.9177667639384,27.1934905434605,28.1917025831932,29.1317746458558,30.1235652726478,30.8961979885096,30.7939799236476,31.1043435143316,31.6494552863037,32.362990492681,33.1311747432671,33.3553197387219,33.2443092378712,32.7434000502052,31.8913240151047,30.9061636555524,29.6954733523791,28.3835106363536
Indonesia,29.6942775019598,29.9563486352952,30.0325690744775,29.1224352181871,27.4816993911199,27.1615640826756,27.9194795296167,29.5208484386713,31.799516228835,33.45497768695,34.2420258095934,34.406559891886,33.8448415502059,32.8803678462928,31.8398106135332,30.8911902873528,29.9922996046143,28.967826382511,27.7626019036237,26.4921377444626,25.5787670752081
Iran,27.3235499650594,26.4899979377191,25.5592790508106,24.9921085858586,25.4695155144257,23.047127178825,24.4060045730192,26.6430554996579,26.9817907995619,28.5542663842433,32.4600563909774,36.4042264067223,39.9266151225265,39.9250397140588,36.1113077957941,31.3254381378856,27.676245971836,26.4607769288712,27.1560445118867,26.6251168588345,25.2360000826258
Iraq,29.6984572230014,26.3031033443808,24.8144220572641,24.2223238792315,23.1939895973801,25.3426892950392,25.6087321578505,26.2178702570379,27.5290761465877,28.1769004460473,29.6227780905654,30.3605180259013,30.2533157332328,31.2114876760563,32.4460784313726,33.228936921041,33.3400540344369,32.9040422839276,32.0129036733844,31.3955764337444,30.8608001978851
Ireland,26.887417218543,24.0677966101695,21.9803370786517,22.1453287197232,23.2996632996633,24.9842668344871,27.3419203747073,28.9014084507042,28.3029612756264,29.2573981016192,30.9687665431445,33.1739961759082,32.4336090552895,29.5630869742752,26.6279069767442,25.2135165243223,25.438910784665,26.1517145826117,26.2558606831882,25.4793630159246,24.236641221374
Israel,32.7666151468315,28.0721533258174,27.0522388059701,24.3055555555556,26.4383561643836,28.2492581602374,29.7182349813929,30.2393746946751,29.7910182303246,29.0675726689317,29.6370296370296,29.8129149064575,29.6624239070282,28.8283658787256,28.4921592279855,28.7018024184349,29.035752979415,29.0175801447777,28.3330021855752,27.3617511520737,26.4859813084112
Italy,30.0682261208577,29.4786324786325,30.4036322739201,28.8008008008008,28.2110622541078,27.5967603478521,27.7311540293913,29.7355072463768,30.8722888076185,31.8888246349574,31.2029258400927,29.4233404786169,26.7674005196226,24.1567141455493,22.3717210058971,21.8792586535841,22.0541319337244,21.9499550701597,21.6663761547847,21.0975222923202,20.5125455715205
Jamaica,30.058651026393,28.4953395472703,24.3933588761175,22.7110582639715,20.3073545554336,19.5320447609359,25.2371916508539,27.8558875219684,30.1984469370147,31.358024691358,30.4897314375987,28.9877300613497,28.3895131086142,29.4721407624633,31.1688311688312,31.4510364546104,30.9116809116809,29.5470884255931,28.6234522942462,28.3693224125093,27.6758409785933
Japan,27.8635255889521,29.7501771388083,32.0070791819612,34.2092689918777,35.5866401342229,34.325613575122,32.2976501305483,30.5091875883422,28.0886976667218,28.5317027954401,28.7841871722469,28.2753408798559,26.7675787567113,24.0574065588794,22.4518067261954,21.5018584813552,21.0049452490286,20.5732972814966,19.8919943154903,19.2085835220002,18.8481782620272
Jordan,21.9512195121951,23.9884393063584,26.5086206896552,27.4956217162872,28.4513805522209,27.547931382442,22.6366001734605,24.1159830268741,25.974025974026,32.6965792980897,33.1210191082803,33.9972047519217,35.3224834237492,34.3354874964878,33.5068992449883,32.4684772065955,32.3294547113849,32.0779220779221,31.3108303996687,30.2891326021934,28.8174956454422
Kazakhstan,26.7570900123305,27.3411154345006,32.65475695887,31.2238493723849,29.1574279379157,30.520909757887,30.4202616198163,33.5304165024307,33.5998001498876,32.6273388773389,32.1717312517424,32.8236914600551,34.68107819589,34.7128815312985,32.7868852459016,30.9742191373327,30.1468788249694,30.2997341068407,31.4214166467923,31.1925524393118,29.0685413005272
Kenya,28.8091353996737,27.7651083238312,25.9842519685039,23.7573715248526,22.9549099982178,23.1273268801191,23.9288801086554,25.0459840588596,25.9681288553804,27.5124160093485,28.7383475929,30.1962757926522,31.1600587371512,31.0524278525655,30.7674605914164,30.952298472304,31.8292259632072,32.9265118431327,33.4873287579779,33.3134372901589,32.5742181113213
"Korea, Dem. Rep.",25.4435212216483,30.0920727599371,34.4934862920474,37.1292192294579,36.3225430154564,31.8543216209284,31.661105815062,30.865952328887,33.3535967578521,36.6084834834835,34.1170184344109,33.6409902527387,31.2911392405063,30.4023845007452,31.422298121493,30.1219316540992,28.6614550095724,26.76,25.9743403534253,26.2173202614379,26.5113193465462
"Korea, Rep.",26.4450716002927,25.6487971206668,27.9166003501512,27.5760549558391,28.0439058435378,29.2633992548008,32.043079547878,35.0910976151681,37.5139353400223,38.4037558685446,36.1705808572294,33.9331946861339,31.1097230897356,29.4388489208633,28.4154569617665,25.6860817563693,24.0224849136149,21.7252261729434,20.0579384296091,19.9534091927247,20.0952914798206
Kuwait,42.3913043478261,43.4426229508197,49.1329479768786,45.6747404844291,38.2978723404255,34.2440801457195,38.149556400507,40.5737704918033,40.7559572719803,49.3731918997107,47.1976401179941,48.955773955774,44.7513812154696,38.8832997987928,33.8904363974002,30.8988764044944,29.6868645790972,29.0782876976475,28.5242290748899,27.960410038883,27.2414977670903
Kyrgyzstan,27.1084337349398,29.2873051224944,31.747572815534,28.6530612244898,24.7706422018349,25.1098556183302,27.2054638588503,30.7534597642235,31.130758492322,31.1918475852902,31.3267813267813,32.1040372670807,33.8809784592917,34.631288766368,34.3636961525814,32.8571428571429,31.7730936143831,31.1077389984826,30.6726457399103,30.2098728938812,28.3480825958702
Laos,30.4506699147381,29.0948275862069,28.1609195402299,27.2959183673469,26.8825301204819,27.682119205298,25.527950310559,26.5496434448711,27.9600570613409,28.3930058284763,28.285820066642,28.9177193581427,30.9271935283136,32.9826556724481,34.6896191966615,34.1610414657666,33.190626408292,32.0373911196091,31.0240355483741,31.0870824483491,30.6334757570128
Latvia,26.6903914590747,28.5390713476784,31.3978494623656,34.27734375,33.1481481481482,32.4468085106383,31.4878892733564,31.1818943839061,31.285367825384,30.461270670148,30.1834862385321,30.9297912713472,33.0106485963214,32.0866141732283,29.2707292707293,26.0204081632653,22.9166666666667,22.8144989339019,24.4808743169399,25.5011135857461,24.8587570621469
Lebanon,28.1980742778542,27.9012345679012,27.5499474237645,25.9528130671506,25.4471544715447,26.4150943396226,26.2662807525326,28.6116983791402,30.822391154112,32.3050058207218,30.6442880346508,32.6663331665833,33.5573691790686,33.9030023094688,33.6898395721925,31.6767502160761,29.6171644930585,27.7800744109136,26.2770739681242,26.0657734470158,25.9619279060348
Lesotho,28.0346820809249,25.4054054054054,23.4256926952141,22.2737819025522,22.4789915966387,22.117202268431,21.9430485762144,22.2713864306785,21.9676549865229,22.4287484510533,24.4620611551529,27.379679144385,31.2690355329949,34.0733590733591,35.2177942539388,34.91921005386,34.3804537521815,33.9897260273973,33.5576114381834,33.2780082987552,32.7033689400164
Liberia,28.7469287469287,28.476821192053,27.7777777777778,26.8092105263158,26.0623229461756,25.8064516129032,26.6171792152704,27.4223034734918,28.0636108512629,27.8125,27.7022190408017,27.7845036319613,28.2981853849926,29.4446835987947,30.2902979373568,31.1879493324204,32.0024760136181,32.6732673267327,32.96875,32.8979196903725,32.5028312570781
Libya,25.8003766478343,25.9581881533101,26.7341040462428,27.8571428571429,28.4351145038168,28.9977046671767,28.46670739157,28.0547409579668,29.2916123424598,31.8863456985004,34.0272792534099,36.82839465972,36.3394441159077,34.0124966041836,31.8043588443994,29.8342541436464,30.2352398523985,31.2152854921129,31.0662947865265,29.4887780548628,27.1695052716951
Lithuania,25.7758620689655,28.4166666666667,31.269592476489,31.962481962482,30.6856754921928,29.9420476497102,30.3671437461108,31.3361294188137,32.3613493424814,32.5146198830409,30.8348567946374,30.4456999372254,31.3197636244255,31.5254237288136,30.4378040305768,27.6278409090909,24.544792425346,22.7952167414051,22.976098689283,24.1653418124006,24.4081632653061
Luxembourg,29.9319727891156,30.2631578947368,29.6774193548387,29.4478527607362,28.7425149700599,30.7262569832402,32.2033898305085,32.9608938547486,33.6898395721925,33,31.6037735849057,29.1304347826087,27.4590163934426,28.0155642023346,27.4725274725275,27.5862068965517,27.0358306188925,26.3157894736842,25.2941176470588,25.3561253561254,25.6830601092896
"Macao, China",39,31.1827956989247,23.5294117647059,21.9047619047619,21.3740458015267,31.7829457364341,40.9448818897638,43.7086092715232,39.5604395604396,34.1708542713568,27.9620853080569,29.7413793103448,33.3333333333333,30.8550185873606,28.2142857142857,24.7349823321555,21.0526315789474,19.3661971830986,19.434628975265,20.5035971223022,20.7407407407407
"Macedonia, FYR",27.1103896103896,28.2576866764275,29.8295454545455,29.2942743009321,30.2267002518892,31.1764705882353,32.2332233223322,32.7173913043478,32.6359832635983,31.1926605504587,31.0515873015873,31.4285714285714,31.5686274509804,31.4397649363369,30.0294406280667,27.8817733990148,25.6716417910448,23.8866396761134,23.1644260599793,22.9957805907173,22.9437229437229
Madagascar,31,29.6185169309901,27.9462571976967,25.7844474761255,24.3373493975904,24.4984160506864,25.2135765412145,26.7060501120391,27.6980329611909,27.9829111992676,28.2074852265266,27.8062678062678,28.3477914049257,29.2732226030407,30.4089451872703,31.7198257692848,32.4071123574023,32.6386456509048,32.5260262150062,32.3013519626074,31.9020431274477
Malawi,27.0893371757925,27.7084701247538,27.3584905660377,27.4058577405858,27.4022988505747,26.4254817145104,25.6231306081755,25.1342945999435,26.9967707212056,26.3367916999202,26.7497439399112,26.5918156300783,27.2202998846598,28.9614441720526,30.2679006332197,31.5585756063994,32.7260147601476,33.3912318488154,33.7601419878296,33.9706225227326,33.8823783550251
Malaysia,27.9084551811825,26.5134529147982,26.0207779656922,25.0829875518672,25.8400292184076,28.1452658884566,29.3591224018476,30.5840618269353,32.2008058368725,31.9793558252891,32.0013516938413,31.8234165067178,32.0934500282326,32.3635647205622,32.3148148148148,31.8347010550996,31.1874508040032,30.3145336225596,29.4563045535808,28.3041115554188,27.0757941294733
Maldives,30.2325581395349,29.7872340425532,26.9230769230769,25.8620689655172,25,27.027027027027,27.1604938271605,26.5957446808511,24.5454545454545,26.7716535433071,29.4964028776978,34.2281879194631,38.6075949367089,40.5882352941176,39.4444444444444,35.2631578947368,30.6930693069307,27.536231884058,26.8518518518518,27.1493212669683,26.7857142857143
Mali,30.4347826086956,30.2374893977947,29.4871794871795,28.8468404141378,27.8451951459495,27.0262127146731,26.5777036419238,26.0847371107708,26.1810565510822,26.6878306878307,26.8949595998461,28.1849315068493,28.9969604863222,29.5711974110032,30.0782661047562,30.591677503251,31.5530638339727,32.5545871147453,33.3250784216609,33.5699023199023,33.1508991399531
Malta,27.2727272727273,23.0263157894737,23.841059602649,22.2222222222222,27.5862068965517,31.2925170068027,32.7044025157233,34.3195266272189,31.0734463276836,29.5698924731183,28.6458333333333,29.5,30.6930693069307,30,28.169014084507,25.8215962441315,23.3644859813084,22.4299065420561,21.3270142180095,21.1538461538462,21.8446601941748
Martinique,28.5714285714286,26.0504201680672,25.1798561151079,22.1476510067114,23.75,21.875,27.3885350318471,30.4878048780488,32.183908045977,32.5842696629214,30,25.5434782608696,25.2631578947368,24.7422680412371,26.6666666666667,27.1794871794872,26.0204081632653,23.8578680203046,22.680412371134,21.9895287958115,21.505376344086
Mauritania,29.153605015674,28.6103542234332,27.5700934579439,26.5060240963855,25.9581881533101,25.3393665158371,26.1780104712042,27.0762229806598,27.7555110220441,28.7467134092901,29.9314546839299,31.0390469887492,31.6529894490035,31.6789862724393,31.8072289156626,32.2380106571936,32.7976926246395,33.2435552135437,33.0318379160637,32.4759945130316,31.7616240995416
Mauritius,27.1255060728745,26.7605633802817,26.4437689969605,26.2599469496021,27.4271844660194,29.3181818181818,32.0083682008368,34.3873517786561,36.2428842504744,36.5248226950355,35.9060402684564,34.1935483870968,32.0373250388803,30.9090909090909,30.1775147928994,29.5487627365357,28.695652173913,27.0503597122302,26.4748201438849,26.3005780346821,26.1939218523878
Mayotte,12.5,27.2727272727273,30.7692307692308,23.5294117647059,26.3157894736842,25,24.1379310344828,25,26.0869565217391,29.0322580645161,29.3333333333333,29.8850574712644,31,33.9285714285714,36,35.5072463768116,34.8993288590604,33.3333333333333,31.7647058823529,30.7692307692308,30.6878306878307
Mexico,26.9715859669469,26.2207274539113,25.630029648454,25.1139697585195,24.7056098220146,25.2305140961857,26.4957762889601,27.641196013289,29.3560010640613,31.3177372455723,32.7712847983118,33.1396467464502,32.5487460066831,31.431336324448,30.5695256218567,29.9001238134544,29.0826368945823,27.6110749289152,25.9554868526902,24.5844393881936,23.5622646326674
"Micronesia, Fed. Sts.",25,26.3157894736842,27.2727272727273,25.9259259259259,25,21.875,26.3157894736842,26.6666666666667,30,25.4545454545455,26.4150943396226,29.0909090909091,29.6296296296296,34.4827586206897,34.4262295081967,36.0655737704918,35.3846153846154,33.8461538461538,32.3076923076923,30.3030303030303,29.8507462686567
Moldova,31.4730100640439,30.8631921824104,31.9088319088319,29.6153846153846,27.3646638905413,28.808864265928,30.5540897097625,32.5337331334333,31.7307692307692,30.4096385542169,29.1475242470648,29.3393057110862,32.1344339622642,33.7599024984765,32.3144104803493,28.8547664747281,25.4654255319149,24.0880935994494,25.1072961373391,26.218611521418,25.1152073732719
Mongolia,28.3018867924528,28.2296650717703,28.0590717299578,27.859778597786,27.84,27.8393351800554,28.0575539568345,28.4671532846715,29.8372513562387,32.5396825396825,34.2616033755274,35.9461599366587,38.3982035928144,38.1560283687943,36.1429534726905,32.9023917259211,29.5554164057608,28.1422440220723,27.9589371980676,28.29064919595,27.5088547815821
Montenegro,24.0837696335079,26.6990291262136,30.0884955752212,29.6747967479675,29.1338582677165,30.3703703703704,30.9859154929577,33.2167832167832,31.3793103448276,31.629392971246,31.547619047619,29.2207792207792,30.1639344262295,29.6774193548387,29.2604501607717,28.2958199356913,26.6025641025641,25.8785942492013,25.08038585209,24.6753246753247,24.7557003257329
Morocco,27.5384958714573,27.5508190250641,27.5073111990366,25.6795314611804,22.0151199165798,22.1875361313447,26.6578113824461,28.4214304944808,29.7365017782089,30.5814734642084,30.6235533422179,31.9717465182915,33.1592853548062,33.4957513815438,32.8199052132701,31.0015125324114,29.7015236902526,29.0474980949962,28.8337147974923,28.563738683631,27.5992073082314
Mozambique,28.8888888888889,28.6259541984733,28.280664167113,27.8502415458937,27.461588400779,27.1659607239122,27.346251053075,26.3352316453748,23.2123552123552,26.1206783225976,26.7677919708029,27.123858674077,27.9785927355676,29.1774687720952,30.5332670595754,32.333354884593,33.6295769640953,34.3543182191106,34.5273226824056,34.0642577938793,33.5775280898876
Myanmar,32.964965906419,31.3386666666667,28.538572113081,26.162840684378,24.7166921898928,25.6663509673928,27.4770973963356,29.2182181641364,31.0984378874287,32.6234582159191,34.195652173913,34.8277608915907,34.723010787574,33.7232194557035,32.2989397465736,30.7692307692308,29.7675062275118,29.1507552972188,28.7733970529669,28.018991486575,27.0550393137956
Namibia,29.4605809128631,28.9473684210526,28.2828282828283,27.5964391691395,27.154046997389,26.6816143497758,24.3407707910751,23.9713774597496,27.6410998552822,29.040404040404,30.2690582959641,31.2436804853387,32.8754578754579,34.4221105527638,34.7959969207082,34.4975053456878,34.0439706862092,33.2493702770781,32.9927884615385,32.7972429638139,32.2062084257206
Nepal,30.499766464269,30.3851947493006,30.0218124132461,29.6396885750498,28.5597381342062,28.1505250875146,27.7648277648278,27.3577282696525,27.5507052403995,27.4187592319055,28.1578083989501,29.5012929442187,31.384055038446,33.2940446650124,34.5706593343644,34.7011549310767,33.7456359102244,32.3978869917932,31.12499438177,30.2810829453354,29.8271913387466
Netherlands,29.265873015873,27.9551820728291,27.1343596920924,27.0340779390184,29.2870313460356,30.9138995004408,32.80649295173,34.435607646156,34.1044372294372,33.0671553868307,30.5982471738854,27.6118478126162,25.3662671025548,24.5745567059384,24.8152059134108,25.1680964525852,24.8763657274296,24.2924258049731,23.9536750372664,23.7684162062615,24.0235729142593
Netherlands Antilles,31.4814814814815,28.3333333333333,25.7575757575758,24.6575342465753,27.8481012658228,30.4878048780488,31.3253012048193,31.8181818181818,34.4086021505376,31.8681318681319,28.5714285714286,25.8426966292135,25.531914893617,23.1578947368421,23.469387755102,19.3877551020408,19.7916666666667,19.7916666666667,21.0526315789474,20.6521739130435,20.6896551724138
New Caledonia,29.4117647058824,30.5555555555556,29.2682926829268,28.2608695652174,30.188679245283,29.8507462686567,30.1369863013699,30.379746835443,31.3953488372093,32,31.8181818181818,31.0344827586207,30.7086614173228,30.1470588235294,30.7692307692308,29.6052631578947,29.1139240506329,27.7777777777778,26.7857142857143,25.4335260115607,25.2808988764045
New Zealand,29.0625,27.6951672862454,26.1744966442953,25.7207890743551,26.0653409090909,28.5435630689207,29.9424184261036,32.5138291333743,32.196289646918,31.720725673447,29.179810725552,27.5147928994083,27.0117647058824,27.4527452745275,27.5832252485949,27.0033388981636,26.3264479546375,25.5344418052257,25.2909231962762,25.0667684090042,24.6621621621622
Nicaragua,27.9503105590062,27.2363150867824,26.3276836158192,25.7032007759457,24.6666666666667,25.2857142857143,26.2737875997544,26.4150943396226,27.2065955383123,27.8328306764326,28.8582677165354,30.5134835611378,31.7598056230476,33.3333333333333,33.7780473013948,32.8834003446295,32.0790991485856,30.8917197452229,29.8734830880454,29.1867240942488,28.158754081889
Niger,27.5951557093426,27.6169265033408,26.9648562300319,27.094668117519,26.447429365447,25.7923930269414,25.5506607929515,22.7017440141886,24.5128205128205,23.3138147907178,24.3920145190563,23.1191820540211,23.1503579952267,23.3836543466944,23.8413469883701,24.7493825366846,26.3768469898644,27.726356068049,28.8996318800727,30.1096863896184,31.0613038583564
Nigeria,28.424505225706,28.360976098612,28.1839039093077,27.9560810810811,27.497310864109,27.2937085045843,27.3247960231264,26.5264602209553,26.3758292173841,26.6853268870754,27.5454866347913,28.5205673758865,29.3893755120045,30.1543094566903,30.886591994729,31.8215367146102,32.9243497160485,33.6800679316764,33.8093488841951,33.3244237034683,32.4763305071936
Norway,31.2306740878169,28.5043988269795,25.2242152466368,24.2587601078167,25.7128045619492,27.7023629964806,29.9753086419753,31.2591152163345,31.4108674928503,31.047265987025,29.6529968454259,27.695652173913,26.5314569536424,26.1250497809638,26.2042389210019,26.0268857356236,25.5628177196805,24.6803977272727,24.2149337055129,24.1935483870968,24.2055442866802
Oman,28.1385281385281,26.0869565217391,24.4604316546763,23.8095238095238,25,28.9416846652268,33.76,34.4242424242424,34.5365853658537,38.0952380952381,40.1438848920863,36.9448183041723,38.3017715332926,38.1512605042017,36.8012422360248,33.3011583011583,30.8776716689404,30.1813471502591,29.0335960182497,28.2,27.2868820552744
Pakistan,26.7691364512174,26.6576676074774,26.7962774575186,26.9401709401709,26.3963854691006,25.9967129678719,25.8715173842966,26.4774630877712,27.1085338295893,27.3724410497802,28.3585601129323,29.600598984534,31.2988897300025,32.158157041128,32.4562006774066,32.3627918733609,31.8524217776801,31.7626431428415,31.5924133353097,31.0918876650233,30.254583673946
Panama,28.3446712018141,26.7465069860279,25.7839721254355,25.5639097744361,25.9114583333333,26.7428571428571,28.1973816717019,29.981884057971,31.6434995911693,32.9385640266469,33.0423102753526,32.3926380368098,31.5402038505096,30.651945320715,30.35538005923,30.242311276794,29.7957371225577,29.4117647058824,28.7953795379538,28.0659429030961,27.5236593059937
Papua New Guinea,30.1052631578947,30.2395209580838,29.8701298701299,27.7067348678602,28.8329519450801,28.8828337874659,27.4221961244862,28.9763779527559,30.0748362956034,30.6164666942491,30.3603931561704,29.9485861182519,29.8771779491574,30.3333333333333,31.6891577477897,32.7945555082943,33.6076817558299,33.8430730020026,33.3901773533424,32.9038492510871,32.3326696278144
Paraguay,26.1772853185596,24.6359223300971,23.7486687965921,23.4200743494424,24.1129032258065,26.4017033356991,27.9156327543424,28.9529914529915,29.5158286778398,28.8714991762768,28.8248337028825,29.8392498325519,31.3286284136238,32.7097505668934,33.2893347412883,32.9110779930452,32.2428806778065,31.5339631129105,30.7243243243243,29.8723047938036,28.9527302363488
Peru,27.4193548387097,27.3809523809524,27.3345330933813,26.9297334717895,26.8380694632386,27.2346551498495,27.9523045173125,29.332654100866,30.448307410796,31.4112165085705,32.3599294857055,32.5668027795687,32.70193478555,32.7934963512994,32.4580598103574,32.1091351445288,31.3646980313647,30.275821280714,29.1540152863574,28.0925982958628,27.0802734869587
Philippines,26.2189604906002,25.6876778477192,25.7210297263406,26.1900258495681,26.9318552331268,27.8525232497758,28.768761339271,29.7769610492559,30.4376826324482,30.446246314357,30.7619631275216,31.2295443466958,31.8380419105794,32.4483027701912,32.5071013732337,32.1651577967679,31.6821416036502,31.0128405318133,30.4285340998171,29.8874706079946,29.1365440017394
Poland,30.3660495392679,29.955040768117,30.4344793918683,28.5433457833694,29.2170953101362,31.2224303583298,33.0486960535426,33.8606548340866,31.784406633642,30.1213798977854,29.5755754681547,31.4022739577694,32.8480287911009,32.2385432139517,29.5714444321084,25.8950217060382,23.613595706619,22.5724121557455,22.5790664953814,22.7244034844085,22.1236629272111
Portugal,30.786350148368,31.240946402704,29.6628153737326,28.1818181818182,26.0280599903241,26.2572421784473,27.2882077479779,29.4847920546245,29.7027644980254,30.8042174901799,31.3816855753647,30.9169278996865,29.4072363356428,26.9856459330144,24.6260069044879,23.3468286099865,22.8871187099281,22.5774813652413,22.0941784224121,21.3247172859451,20.8847736625514
Puerto Rico,26.9713261648746,24.6880570409982,22.1936589545844,24.9408050513023,25.1501501501502,28.7404314544189,28.1853281853282,28.8484848484848,29.2568753657109,29.003359462486,28.9831430125068,29.035695258391,28.8622129436326,28.754484879549,28.2388663967611,26.8671679197995,25.909317389138,25.0373320059731,24.3512974051896,24.3853487205218,24.1292276627966
Qatar,36.3636363636364,36.8421052631579,40,46.5116279069767,45.7142857142857,46.9026548672566,48.6301369863014,55.3719008264463,49.6794871794872,48.9913544668588,42.9280397022332,55.2469135802469,58.6994727592267,51.5327257663629,50.4665629860031,44.4771723122239,39.2156862745098,36.6867873910127,35.6958762886598,34.9315068493151,34.3030303030303
Reunion,30.2521008403361,28.5714285714286,25.609756097561,24.8677248677249,24.2152466367713,25.4237288135593,27.8225806451613,32.2222222222222,33.8983050847458,34.2592592592593,33.5227272727273,30.8900523560209,29.4117647058824,29.4663573085847,29.7356828193833,29.7872340425532,29.038854805726,28.8844621513944,28.6549707602339,28.0230326295585,27.3764258555133
Romania,30.6470064827762,30.8362779740872,33.2145640797239,32.0274766555758,29.9115222199879,29.4876696616326,28.9483293773964,28.8007133303611,30.174672489083,30.1006651087543,31.419325011558,33.1752205673086,33.0387491502379,30.9431716750967,27.8914320437513,26.0113812726332,23.4944868532655,23.291553133515,23.100235716691,22.7314814814815,22.111816113971
Russia,31.5327374200281,31.8540211759405,35.5331563002581,34.1005535860853,31.9684004851098,32.9536195039275,32.9592236049151,35.3893276478184,33.5949900435774,32.1560964395529,31.1604563625222,32.211379175326,34.4775451642265,33.2861301235151,30.5508726297706,27.3903891063382,24.7160243407708,25.2656618974858,26.6978381453563,26.8767814672936,25.9561221464572
Rwanda,27.1281571562208,27.1836734693878,26.9473684210526,26.5486725663717,26.1662198391421,25.7457549334557,25.4012841091493,26.7390566677978,26.9208549971115,25.7866462010744,25.6470588235294,28.4727021423635,31.5271924543448,31.7743913119636,31.4090626939789,30.6305046833496,30.4989816700611,32.1016435481991,33.1832314785033,33.2174776564052,32.5317983474144
Saint Lucia,32.5,30.952380952381,21.4285714285714,19.1489361702128,17.6470588235294,20.7547169811321,24.5614035087719,25.8064516129032,29.4117647058824,29.5774647887324,31.1688311688312,33.3333333333333,32.9411764705882,34.0909090909091,33.3333333333333,31.9148936170213,29.5918367346939,28,26.4150943396226,26.9230769230769,26.9230769230769
Saint Vincent and the Grenadines,19.3548387096774,18.1818181818182,21.6216216216216,17.948717948718,19.047619047619,20,24.4897959183673,26.9230769230769,29.6296296296296,33.3333333333333,33.3333333333333,33.9622641509434,32.1428571428571,30.9090909090909,32.7272727272727,30.188679245283,29.0909090909091,28.0701754385965,27.1186440677966,27.1186440677966,26.6666666666667
Samoa,26.1904761904762,26.0869565217391,27.2727272727273,26.5625,27.3972602739726,30.2631578947368,31.6455696202532,33.3333333333333,29.0697674418605,31.0344827586207,30,26.8817204301075,27.9569892473118,30.8510638297872,34.020618556701,36.8421052631579,35.6435643564356,33.3333333333333,30,28.7128712871287,29.4117647058824
Sao Tome and Principe,45.4545454545455,45.4545454545455,47.0588235294118,36.3636363636364,20,20,22.4489795918367,21.1538461538462,24.5614035087719,25.8064516129032,27.536231884058,29.8701298701299,31.7073170731707,33.3333333333333,34.020618556701,34.9056603773585,34.7826086956522,33.3333333333333,32.3308270676692,32.1428571428571,30.2013422818792
Saudi Arabia,27.4461538461538,27.3874862788145,27.2286821705426,27.5184275184275,27.9864636209814,29.535311105277,33.1405436668595,37.8496134926212,38.0261408949934,36.6009223824944,38.4268102101059,38.2769985437265,36.1039503936459,34.7914806784849,33.4843492586491,33.1871024347445,32.603305785124,31.9606396063961,31.5809397624568,31.0248546711219,30.394730986605
Senegal,28.476821192053,29.4464944649446,29.6272493573265,29.3429844097996,28.6389413988658,27.0313757039421,25.3155680224404,24.4356314826114,24.8677248677249,25.9190751445087,27.2930194805195,28.673451169434,29.6249803860034,30.5381727158949,31.3522287426645,32.1926345609065,33.3506116524984,33.9563268809002,34.0019439780861,33.5562159484894,32.6122480740798
Serbia,29.060874885286,31.3881019830028,33.6551354250469,31.836839404823,30.9977717256747,30.8256446652472,30.4171364148816,30.9347826086956,30.3515049463271,28.9385254002767,29.0463866215409,29.6737122922224,30.1701168272187,29.6014790468365,28.1649484536082,26.8409043766853,25.5279113527075,24.8313659359191,24.6910950149127,24.2345838723588,23.9624290083006
Sierra Leone,29.7268907563025,30.0980392156863,30.3085299455535,30.4274937133277,30.2003081664099,28.7517531556802,27.4905422446406,26.5571913929785,26.3476070528967,27.4469186949767,28.648121034651,29.3027005239823,29.4200351493849,29.1328758577667,29.356007805966,30.4642409033877,31.7665758401453,33.0781961108813,33.7315130830489,33.6481287163344,33.3279194412863
Singapore,33.0188679245283,30.6686046511628,28.7703016241299,26.3429752066116,27.9661016949153,31.8377911993098,37.1753246753247,41.0144927536232,42.1226104152933,38.220193953223,32.8726554787759,28.5048905449464,26.3266145619087,26.7350157728707,27.1576524741082,26.0674157303371,23.7007003317361,20.3683241252302,18.6731270965337,18.9425637124382,20.147802411513
Slovak Republic,29.013079667063,27.5283937263386,28.7055335968379,27.6814988290398,27.4070756829378,29.9529311082584,31.4671025745811,32.7128712871287,31.8677042801556,31.0847067842085,31.9556065824722,33.1546707503828,34.1082317073171,32.9791271347249,29.5454545454545,26.2395118230359,23.9752513534416,22.8830248129185,22.9317269076305,23.1622176591376,22.7310924369748
Slovenia,27.3371104815864,28.5129604365621,31.3413014608234,31.6730523627075,32.1782178217822,32.2657176749703,31.8233295583239,32.6732673267327,32.583065380493,31.7610062893082,31.540847983454,30.7692307692308,29.9595141700405,28.0719280719281,25.0992063492063,22.8401191658391,21.8,21.9413549039434,22.3697650663943,22.8070175438596,22.3149113660063
Solomon Islands,28,28.0701754385965,27.4193548387097,27.3972602739726,25.5813953488372,24.0384615384615,25,24.113475177305,25.3086419753086,28.042328042328,29.6296296296296,31.4285714285714,32.129963898917,32.258064516129,32.7485380116959,33.0666666666667,33.2512315270936,32.6530612244898,32.1199143468951,31.25,30.5019305019305
Somalia,29.3855743544078,28.08,27.2074659009332,26.2284620293555,25.7175014068655,26.0570304818092,26.2578616352201,27.2987591473115,27.9362158846979,28.4119106699752,29.0322580645161,27.9536119835709,27.5312365359759,27.12596207997,27.2055199605717,28.4021958971396,29.2975734355045,30.2868199408149,31.0175222871196,31.6373124592303,32.2448281757565
South Africa,30.2230046948357,29.2686100989068,28.0721922060007,27.5560970656919,27.6468487770041,28.4698898695618,29.3043839026414,30.129378737947,30.8436915630844,32.0494578283696,32.9736591558236,34.0968641703998,35.3089989157933,35.4204215970535,35.1054852320675,34.7220140866177,34.2681986711207,34.1945508419455,34.0225698164417,33.528078747964,32.9182496130576
Spain,31.4606741573034,31.6588950120107,30.8837461090811,29.1741703112941,27.5560946027896,26.7507163323782,27.5577288780223,29.2710101867572,30.9014454664915,32.6870236922598,33.6359026369168,33.6370073164975,31.1641844447426,27.657757663735,23.8524522372012,21.8172943951842,21.6253166592947,22.1324202731218,22.6698168930892,22.4735341224267,21.8271739553721
Sri Lanka,27.434415295687,28.2110091743119,27.887537993921,27.7749096541043,28.5249457700651,29.4392523364486,30.7472012496746,31.4167377268851,32.2292263610315,32.7145664992356,32.5136319897359,30.8170239204722,30.0706960071692,29.9913236286513,28.6900717251793,27.2574470071902,26.9166356531448,27.4225076794192,28.0329248900945,26.9339622641509,25.4568066583756
Sudan,27.4056295003273,27.4844720496894,27.4661176874249,27.4738596757084,27.4940143655227,27.2810323170035,27.1719038817006,27.1703114645461,27.4410403350231,28.0030949771101,28.6202380274472,29.5307526440086,30.5333333333333,31.6292999459257,32.6376503623876,33.09876413542,33.1651749389748,32.7601451263758,32.0725388601036,31.4876146161215,30.932347775943
Suriname,27.1028037383178,26.1904761904762,24.1379310344828,23.1707317073171,21.3903743315508,22.5274725274725,27.1739130434783,30.8900523560209,34.2995169082126,35.2941176470588,34.1880341880342,32.5301204819277,31.6793893129771,30.6569343065693,31.3380281690141,31.1418685121107,30,29.7029702970297,28.9902280130293,27.5080906148867,27.3615635179153
Swaziland,28.5714285714286,27.7027027027027,26.6272189349112,24.5989304812834,23.3333333333333,22.2672064777328,21.6783216783217,21.3213213213213,22.7941176470588,23.3261339092873,25.0481695568401,27.7372262773723,31.6865417376491,35.5905511811024,37.3722627737226,36.986301369863,35.6770833333333,34.625,34.5367027677497,34.7319347319347,34.4671201814059
Sweden,29.9169768107644,27.5843007186291,25.6836461126005,26.1849261849262,28.1623505976096,29.0971540726202,30.0315610585093,29.4616876818623,28.8011350200993,28.3978913591565,27.6318794245261,26.6755733689601,26.1811876896402,26.2701100762066,25.4703328509407,25.0050617533914,24.4369144907315,23.6557021863305,24.3916682888846,24.8413766583349,24.6250237326751
Switzerland,29.5313881520778,29.0736145574855,28.8372093023256,29.6880476691202,30.9373964889036,30.8290155440414,31.0793237971391,31.9378369806533,32.3870573870574,31.8393480791618,29.6095753776005,27.9747183292113,26.294498381877,26.0084925690021,26.0653594771242,25.5215039917589,24.8474059003052,24.0927419354839,23.8679009256943,24.2047713717694,24.5380635624538
Syria,27.8474114441417,26.9849001461276,26.5565438373571,25.5280407865987,24.8760842627014,24.9934434828219,24.6899911426041,25.1331007894254,26.0523854069224,27.9549463970688,30.3925099027728,33.6372112296695,35.8035557120225,34.5510138397168,33.0339913908268,31.9735846460755,31.9010500547575,32.3522257358307,32.18916415837,31.007493755204,29.1098464511972
Tajikistan,26.8556005398111,28.9351851851852,30.7389162561576,27.8635255889521,23.3586731167934,23.5294117647059,24.360286591607,27.7851166886834,28.6745157614888,29.16522341531,29.0333010022632,28.1259648039518,30.7273768613975,33.289817232376,34.9423631123919,34.9060822898032,33.5584634867032,32.869810560258,32.6930539386884,32.5117591721543,31.5857011915674
Tanzania,27.4993299383543,27.4046337467821,27.2192946899068,26.9713886950454,26.8650022424877,26.5980429533613,26.5226359787211,26.6413204747774,26.8470756289183,27.2898706896552,27.8155081792949,28.2968307137336,28.5955931448921,28.5226138370575,28.5752589067265,29.2383292383292,30.4498178554459,31.8716018898834,32.8875681030213,33.2834144515163,33.1332423829013
Thailand,28.2909372279718,28.2555899840884,28.2480173035328,27.2130741611985,26.3764541896746,27.0275376694535,28.5328038528157,31.8052676034708,34.450625376466,35.5206128414474,33.4268746329048,33.3251186002095,32.0607724911946,30.969094987038,29.7401484865791,28.534053506625,27.6566112364558,26.960498960499,26.7013821566075,26.4789983620666,26.141148258651
Timor-Leste,30.9090909090909,30.2127659574468,29.9212598425197,29.5373665480427,28.5714285714286,28.5294117647059,30.7432432432432,31.3432835820896,31.0526315789474,31.4220183486238,22.4096385542169,25.1485148514852,27.1812080536913,28.4495021337127,29.9757281553398,29.3684210526316,29.6947271045328,30.6930693069307,31.8452380952381,33.1989247311828,33.4969325153374
Togo,27.82874617737,27.3624823695346,27.2373540856031,27.0238095238095,26.7175572519084,26.3681592039801,25.9097525473071,25.8787878787879,26.2886597938144,27.2021907804655,28.4778420038536,29.8920377867746,31.0899344848124,31.8832891246684,32.3389021479714,32.6388888888889,32.7562189054726,32.8058877644894,32.578486875965,32.055412371134,31.4368517388652
Tonga,25,27.5862068965517,27.7777777777778,27.906976744186,27.4509803921569,23.9130434782609,22.4489795918367,26.0869565217391,26.530612244898,28,28.5714285714286,30,28.3018867924528,27.7777777777778,29.0909090909091,31.5789473684211,35,35,33.3333333333333,31.7460317460318,28.125
Trinidad and Tobago,28.7066246056782,26.3888888888889,25.1798561151079,25.3897550111359,24.2677824267782,27.7445109780439,31.0536044362292,33.4470989761092,32.8308207705193,33.3333333333333,34.0729001584786,35.5242566510172,36.9230769230769,35.8547655068079,32.9835082458771,28.6567164179104,25.4518072289157,25.0764525993884,25.5451713395639,25.6778309409888,25.2873563218391
Tunisia,29.1477272727273,27.9227557411273,26.5133740028156,24.0067624683009,21.3863725876329,23.0688935281837,24.9235474006116,27.9170035030989,30.0337186897881,30.4434589800444,31.9849088241459,34.325356927408,36.3060989643268,36.2422246615441,33.7776218870572,30.525959749704,27.6395980892769,26.1727596247169,26.018207954001,26.1633428300095,25.6971797699701
Turkey,27.1472535670988,27.5906735751295,28.459766906274,27.6947574718275,26.4593977606262,26.3613038107004,27.4387890742249,29.0607521697204,30.8319796595805,32.6885065292764,34.0902300567673,34.9642338213926,34.5065235690236,33.5519098434228,32.3740835951633,30.7315509979857,29.8590175563043,28.7698755617007,27.6765279308299,26.9492871775576,26.1660931216054
Turkmenistan,26.3069139966273,27.4509803921569,29.7435897435897,27.3706896551724,24.7910863509749,25.0806451612903,26.7235252309879,30.0188797986155,31.2119535141118,31.5764023210832,32.1332133213321,32.8870292887029,34.9019607843137,36.1890694239291,35.2694191742477,34.2061094326955,32.4333116460638,30.9350237717908,30.7071960297767,29.7379646556977,28.3474065138721
Uganda,28.7325038880249,28.7321063394683,27.1432809255414,26.3369319608335,25.6552311953974,25.3414544112219,25.7782719186785,25.8927359131025,25.875552533152,25.5729216607537,25.9459903143725,26.7976588628763,27.3919206236712,27.9286969620889,28.5228544374623,29.2824074074074,30.392703651455,31.5387084537045,32.6253052222543,33.3866845034758,33.6659779311558
Ukraine,30.6529209621993,30.2380001141487,34.7904033746375,33.7298466378293,30.8367985796384,31.2081592308038,29.9409577957577,31.4689796615963,30.700871898055,30.3699636793648,30.1935141822038,31.4772098173095,33.4017763346385,32.9009433962264,30.3134305758845,26.6323559991682,24.0101004674152,23.8050244553135,25.131880733945,26.0589970501475,25.5521844660194
United Arab Emirates,27.7777777777778,25,27.2727272727273,40,44.3661971830986,55.2845528455284,58.6894586894587,52.2404371584699,48.1967213114754,50.186799501868,51.9872087711284,56.7062207838907,56.5451664025357,49.1741524195885,43.3448919711923,41.41689373297,41.4504170528267,39.9216369177188,38.5817060637205,37.5487900078064,36.7381174277726
United Kingdom,30.2962480670628,28.0918870824234,27.4464801551185,26.6090188493192,26.7713037684164,27.5286032825237,28.8691019231471,30.5988067520372,30.647016534867,30.2910006025591,29.0265239970723,27.7883310719132,27.1069865402968,27.4004983070338,27.5222505757142,26.9464350783433,26.3469314938154,25.8662463146218,25.9253945480631,26.1877891885792,25.9981687522544
United States,30.8355849856021,28.145968216598,26.0340078513024,25.1408006831629,26.3228555584742,29.7441949061986,33.1777113790773,34.9353049907579,34.0869273045816,32.1363235991598,30.0033196544734,28.5053402256773,28.0017092490784,28.0706018166905,27.8732689398347,27.4788027549414,27.1316440854612,26.6756110057628,26.4603303994304,26.1443688662941,25.6210479331465
Uruguay,30.7149161518094,30.6789606035205,30.6058221872541,29.6351451973194,28.4587813620072,26.9093504639543,26.993006993007,27.7739959155888,28.0318091451292,28.9641943734015,29.7885572139303,29.0965732087227,29.2997542997543,29.3904646952323,29.1715976331361,29.1521486643438,28.5550458715596,27.6136363636364,26.662908680947,25.9425998874508,25.2536640360767
Uzbekistan,25.0899574746483,27.1036061820263,29.6520057999033,27.3787970227318,23.6151603498542,24.2971595047342,25.9816420193779,29.7246069795964,30.5226824457594,30.9262028322632,31.2545676004872,32.1717866422131,34.7423277359583,36.5040317069837,36.2955308705761,34.4425956738769,31.733571216176,29.6571329117596,29.0719535122201,28.9340671683702,28.3353733170135
Vanuatu,26.9230769230769,28.5714285714286,28.125,26.3157894736842,29.1666666666667,28.3018867924528,25,26.3888888888889,27.2727272727273,28.735632183908,27.8350515463918,28.1818181818182,29.6,31.6546762589928,32.2784810126582,33.1395348837209,32.620320855615,32.1782178217822,32.4074074074074,31.4655172413793,30.6122448979592
Venezuela,28.5658914728682,28.048010107391,27.2586073000259,26.038961038961,25.805857432308,27.8070719602978,29.8874640146558,31.4014631915866,31.790340395622,31.5756378009342,31.8925518925519,31.8567599761763,32.1325648414986,32.2788443140506,31.793982173835,31.1969199411165,30.4347826086956,29.8701973001038,29.3407753809021,28.6975284425265,27.9099956728689
Vietnam,31.5503306392359,30.2339572192513,27.702501044589,24.7034010018455,22.8173766343315,23.4857070897872,24.1294013063812,27.5050529272721,29.8468353245781,30.613279270147,33.3921573716036,33.0173164361033,33.0947511929107,33.7843661122124,33.1532012821566,32.2344177980964,29.9965705140418,27.2720517202943,26.103625807865,25.5461395298412,25.0512755928178
Virgin Islands (U.S.),33.3333333333333,28.5714285714286,23.5294117647059,30.4347826086956,36.6666666666667,27.5,27.0833333333333,28,26.9230769230769,28.3018867924528,25.4901960784314,22,22.6415094339623,23.5294117647059,28,26.6666666666667,26.0869565217391,27.906976744186,25.6410256410256,24.3243243243243,23.5294117647059
West Bank and Gaza,22.0306513409962,24.3992606284658,26.4448336252189,27.5806451612903,28.0639431616341,27.5,23.7908496732026,26.0109289617486,27.0417422867514,28.2051282051282,27.8401997503121,27.23470987977,27.9411764705882,28.6651234567901,30.3347987825499,31.854959544501,32.5643776824034,33.0092367525523,32.6657765910102,32.1876929409344,31.6577129700691
Western Sahara,33.3333333333333,40,35.2941176470588,38.4615384615385,35.7142857142857,26.8292682926829,35.4430379746836,35.7142857142857,35.3448275862069,34.3283582089552,36.144578313253,37.6068376068376,37.3665480427046,36.0606060606061,34.0369393139842,30.4239401496259,28.3687943262411,27.3755656108597,27.6548672566372,28.6021505376344,28.4810126582278
"Yemen, Rep.",27.5355667737494,26.8506900878294,26.1760242792109,25.5901471091344,24.5465916197624,23.6280921239693,24.7368421052632,25.4863430929456,25.8417915256968,24.7935983741903,25.5427702996092,27.4367891719147,29.5873430109281,31.3879003558719,32.3354418488132,32.4845032668789,32.7280980481162,32.9511442648616,33.2244239826877,33.3517568101066,32.885507515309
Zambia,27.4442538593482,27.3692191053829,27.230667547918,27.1331058020478,26.88381137579,26.3136288998358,25.8188153310105,26.2674177290246,26.8056968463886,27.3851590106007,27.7671022290546,27.865206979131,28.4872298624754,28.9090666310589,29.7992916174734,31.0071790540541,32.2752835763988,33.4490539836834,34.0925380265987,34.2728878422137,33.9773895169579
Zimbabwe,28.3941605839416,27.5171982489056,26.2426509887761,25.6130790190736,24.0847784200385,24.4148244473342,24.4683789008561,26.0109041344843,27.8023457027495,27.9093895901781,28.5643970467596,30.2133289234331,33.6220987250736,38.2910469524643,39.3047780236948,37.406873347753,35.1299865531152,33.3403471856917,32.823517727679,32.5835294117647,31.816141484873