Female above 60 (%),1950,1955,1960,1965,1970,1975,1980,1985,1990,1995,2000,2005,2010,2015,2020,2025,2030,2035,2040,2045,2050
Afghanistan,4.6795523906409,4.59363957597173,4.46891191709845,4.38441965159522,4.30126404494382,4.25764192139738,4.21884317233154,4.17653026716266,4.09646514701024,4.05281285878301,3.97090027280994,3.91941081858969,3.97492520302037,3.96003633060854,3.99581042157633,4.10636925062218,4.32470029867845,4.63503247825608,5.0305891740923,5.55454269219082,6.21886369997201
Albania,10.2990033222591,8.7719298245614,8.01001251564456,7.33549083063646,7.00094607379376,7.32323232323232,8.59133126934985,8.30425680390788,8.92077354959451,10.2250803858521,11.7303953337654,13.1763208147677,14.6235220908525,16.3240628778718,18.9523248969982,21.4904679376083,23.7113402061856,25.401376146789,27.0628967109059,29.6447291788002,32.565011820331
Algeria,7.08955223880597,6.76833089617715,6.11369990680336,5.17532029669589,6.66097352690008,6.50566781665845,6.27400768245839,5.91554423006917,5.93064966121961,6.29730115664715,6.82149000926293,7.05506391347099,7.5761030669251,8.60505805630666,9.81814568220212,11.7176470588235,14.0114471134346,16.5912453224262,19.5235279209259,22.8378545259951,25.6557178597369
Angola,5.44249881684808,5.11043741879602,4.97259201252937,4.98930862437634,4.96934494998387,4.90337467551197,4.83466933867735,4.7287312645134,4.58325632969876,4.43326520987266,4.32201049433858,4.24925816023739,4.26791277258567,4.50040912810255,4.77148374637914,5.13833992094862,5.54151273575734,5.96706604497432,6.54387865655471,7.29985480398538,8.29295564666418
Argentina,7.14714714714715,8.08341395248844,9.15141430948419,10.2995412431411,11.5659843567981,12.647013899496,13.351575106995,14.1590612777053,14.9228441754917,15.4246002599017,15.7559004890495,16.1929371231697,16.8171067239465,17.6448874123293,18.5428115582344,19.480686144501,20.493130214603,21.9158670391514,24.040404040404,25.7631732451876,27.4566917062701
Armenia,13.061797752809,10.6748466257669,9.20372285418821,9.17917034421889,9.63480963480963,9.81340704906704,9.25692695214106,9.73607038123167,11.5131578947368,13.8643067846608,16.6257668711656,16.1467889908257,16.4342025469982,18.5782556750299,22.1432800473653,25.3704801422644,26.5597147950089,27.2945410917816,28.7888009738284,31.6244595429277,34.7881087919039
Aruba,0,0,0,3.84615384615385,6.89655172413793,6.89655172413793,9.67741935483871,12.1212121212121,12.1212121212121,10.2564102564103,10.8695652173913,11.5384615384615,16.0714285714286,19.2982456140351,23.2142857142857,28.0701754385965,33.8983050847458,32.1428571428571,33.3333333333333,34.4827586206896,32.1428571428571
Australia,13.3284241531664,13.7263528376595,13.7517214243557,13.7134860941053,13.7789040228065,14.3825523135868,15.320826536161,16.5740272865083,17.1721885207653,17.5798836060174,18.0209088086119,18.7566988210075,20.6453402366864,22.5644636099622,24.6069777217318,26.603287141476,28.1128857187161,29.5163104611924,30.1660113586719,30.8085106382979,31.3551693096046
Austria,16.6532149582997,18.4238838084992,20.3137463440574,21.929144039307,23.0691314256774,23.742807105329,22.8528377699648,24.0241752707127,24.218163622717,23.4234234234234,23.8625363020329,24.7931930985583,25.6231073841137,26.76382142031,28.8045977011494,31.7246111619396,34.4355758266819,35.9927057214497,36.6857142857143,37.5430539609644,38.0545286506469
Azerbaijan,11.5535248041775,10.6225014277556,9.70443349753694,9.63244613434728,9.84222389181067,9.81132075471698,9.11104080987029,9.14402570844289,8.74524714828897,9.22342297059563,10.0336053768603,10.053032049804,9.84217448487506,11.2593828190158,14.1197676747446,17.7020447906524,20.4471622396331,22.2431668237512,23.707298861303,25.7020643481495,28.4460216660441
Bahamas,7.14285714285714,6.38297872340426,5.35714285714286,5.55555555555556,5.88235294117647,6.31578947368421,5.66037735849057,6.72268907563025,6.97674418604651,7.69230769230769,8.38709677419355,9.6969696969697,11.2994350282486,12.7659574468085,15.5778894472362,18.6602870813397,20.9302325581395,22.8699551569507,24.7826086956522,26.6949152542373,28.0334728033473
Bahrain,5.55555555555556,4.83870967741935,4.10958904109589,3.09278350515464,3.92156862745098,4.0650406504065,3.44827586206897,4.16666666666667,3.43137254901961,4.54545454545455,5.39568345323741,4.51612903225806,4.04624277456647,4.48548812664908,6.2953995157385,8.29596412556054,11.9246861924686,15.3543307086614,18.5393258426966,21.25,23.5395189003436
Bangladesh,4.98241790896934,5.13806052573448,5.13434006667974,5.05343986717858,4.94663320533366,4.79890790717211,4.6455436516982,4.68299281835001,4.80399421333051,4.99865115762413,5.29134039613082,5.81710493264057,6.43859713867464,7.43560461870321,8.61517367458867,10.0661840744571,11.8677659743143,14.1402920756524,16.918648520247,19.8817031825307,22.5843210795969
Barbados,11.4035087719298,11.6666666666667,12.3076923076923,12.6984126984127,14.1732283464567,15.625,15.3846153846154,15.2671755725191,14.9253731343284,15.0375939849624,14.7286821705426,15.9090909090909,18.0451127819549,20.4545454545455,25.3731343283582,29.1044776119403,31.578947368421,33.587786259542,35.6589147286822,38.5826771653543,38.5245901639344
Belarus,14.1337034466805,13.8194444444444,13.5574354407836,14.6367521367521,15.8583998363004,17.526796347757,17.3719806763285,18.5872212853663,20.4916529077234,21.7143906020558,23.1013842124953,22.2137404580153,22.4517637887351,23.8133226964499,26.4621676891616,29.0132547864507,30.6038227628149,32.6429536244935,34.7225474127839,37.5397407679139,40.3486285567803
Belgium,17.169638774577,18.2241953385128,19.5111492281304,20.573566084788,21.3471713471713,21.7156568686263,21.1102268205332,22.4647747568962,23.4946871310508,24.2823894491854,24.7791010372647,24.5676691729323,25.7100971229613,27.2432432432432,29.1821891076814,31.2072892938497,32.7613104524181,33.837689133425,34.4267896805057,34.7345132743363,34.8616063847852
Belize,5.88235294117647,5.12820512820513,6.38297872340426,5.55555555555556,6.34920634920635,7.46268656716418,5.71428571428572,5.06329113924051,5.43478260869565,6.48148148148148,5.64516129032258,5.67375886524823,5.76923076923077,7.51445086705202,8.02139037433155,9.54773869346734,12.1495327102804,13.3928571428571,16.0337552742616,17.6954732510288,20.1581027667984
Benin,11.5981735159817,10.1679929266136,9.50792326939116,8.97927858787414,8.408617095205,7.81637717121588,7.30245231607629,6.6824644549763,6.22440622440622,5.87621696801113,5.84182144997004,5.90339892665474,5.87977182974989,5.81527936145952,5.96543702226653,6.29596940276552,6.80951754962534,7.39202657807309,8.14079032606348,9.06928337793636,10.1266984943078
Bhutan,3.75,4.16666666666667,3.7037037037037,4.7244094488189,4.79452054794521,4.09356725146199,4.87804878048781,4.76190476190476,5.57620817843866,6.4,6.47482014388489,7.14285714285714,7.18562874251497,7.73480662983425,8.71794871794872,9.66183574879227,10.8294930875576,12.6106194690265,14.6186440677966,17.4897119341564,20.9580838323353
Bolivia,5.95588235294118,5.88235294117647,5.85106382978724,5.85751978891821,5.86029067041725,5.91887417218543,5.85851142225497,6.03248259860789,6.4228367528992,6.71621980355721,7.03349282296651,7.29324940308227,7.85600636435959,8.53411807982343,9.4028826355525,10.4055582485054,11.6475095785441,13.2277460038129,14.8870056497175,16.7580158947657,18.946383206311
Bosnia and Herzegovina,6.9615663524293,6.26235992089651,6.58461538461538,7.16763005780347,8.36083608360836,9.08136482939633,9.21450151057402,10.3778096604495,12.2018348623853,14.7607934655776,17.9393305439331,19.1955193482688,20.8098411071246,23.4625322997416,26.5584075432163,29.82924226254,32.7312534209086,35.3672316384181,37.6981796829125,40.1714635639926,42.8203477141017
Botswana,7.981220657277,7.5,6.61764705882353,6.41025641025641,5.55555555555556,4.75059382422803,4.39121756487026,4.73773265651438,4.94186046511628,5.10855683269476,5.63866513233602,6.17551462621885,6.79513184584178,7.93499043977055,8.92531876138434,9.3124456048738,9.06040268456376,8.61788617886179,8.76085240726125,10.0306278713629,12.0267260579065
Brazil,5.33127435840871,5.49906553897811,5.78077460735137,5.83641011076399,6.06615352610776,6.32130856995163,6.46219990482286,6.68461324633144,7.27951531900194,7.91605888626028,8.8176193449509,9.70242640196827,11.0942019491449,13.0210250944676,15.3365307903851,18.0912163709478,20.6714973671182,23.2546762845885,26.2040975126666,29.3427665456601,31.9168197672871
Brunei,8.69565217391304,6.45161290322581,7.5,6.25,4.76190476190476,6.41025641025641,3.33333333333333,4.67289719626168,4.13223140495868,3.59712230215827,3.77358490566038,4.51977401129944,5.58375634517766,6.10328638497652,8.62068965517241,10.3174603174603,12.639405204461,15.034965034965,18.1518151815182,20,22.3564954682779
Bulgaria,11.0283981251723,11.6755319148936,12.4365482233503,13.9342265529842,15.7089024964673,17.0787545787546,16.7978412412863,18.7749667110519,20.867814806531,23.2410881801126,24.4276668290307,25.5084107456691,27.5755228505035,29.2851448312517,30.9255698983796,32.4015972618368,34.0678975580703,36.1881033945811,38.5919165580182,40.3005464480874,41.8788096091789
Burkina Faso,3.34878928387429,3.84980988593156,4.296875,4.51843043995244,4.72610096670247,4.7788182111721,4.78662053056517,4.65473145780051,4.45389435989257,4.27067082683307,4.11934226140024,4.04465062336909,3.86503067484663,3.82346745312829,4.02420020166835,4.37873646792697,4.8570196867366,5.42890262751159,6.11056095998136,6.88351788756388,7.7516333447954
Burundi,5.61622464898596,5.43245175125089,5.56647020301244,5.75539568345324,5.92430060340099,6.25325690463783,6.20625291647224,5.8051689860835,5.45829042224511,5.2149178255373,5.25052505250525,5.13907284768212,5.16129032258064,5.70771482333264,6.24284077892325,6.67372881355932,7.08505367464905,7.73772529521442,8.92830963201877,10.8333333333333,12.9715420251489
Cambodia,4.96551724137931,4.95867768595041,4.96871549503128,5.01955671447197,5.07789959607617,5.0761421319797,4.72114853672004,4.92530345471522,5.20094562647754,5.45670225385528,5.74642748555792,6.39673836637143,7.0703125,7.76547074404045,8.60971524288107,9.66966339117708,10.7245230799644,11.4764910958259,12.0061338625293,14.7303624067973,17.5726610268867
Cameroon,6.19235836627141,6.17729643000401,6.25909752547307,6.26427406199021,6.29875758451315,6.24525916561315,6.15989515072084,6.02796674225246,5.9473513162171,5.86236193712829,5.82694964209469,5.83491992384366,5.86231085279086,5.99927719551861,6.19133871233328,6.4384184214513,6.72321929332586,7.15730410386899,7.96044197545937,9.14055763150331,10.4910349337839
Canada,11.1554373522459,11.1383266726827,11.0607947469716,11.459824166837,12.2998611753818,13.4936424184759,14.7627559311017,16.3836163836164,17.3623541204267,17.8549706021491,18.4329417839164,19.4677785271936,21.5375621163402,23.9010989010989,26.6110363391655,29.1750920309016,30.5359201884995,31.4274582379584,32.1342013971392,32.7286259186901,33.1873745666849
Cape Verde,7.59493670886076,8.60215053763441,9.61538461538462,9.09090909090909,9.42028985507246,8.7248322147651,8.44155844155844,7.01754385964912,7.40740740740741,7.21153846153846,8.22510822510823,6.8,6.74157303370787,7.36842105263158,8.60927152317881,10.377358490566,12.0481927710843,13.953488372093,16.1473087818697,18.941504178273,22.2527472527473
Central African Rep.,8.46953937592868,7.7574047954866,7.47051114023591,7.15137067938022,7.09677419354839,7.01754385964912,6.75909878682842,6.7516879219805,6.70690811535882,6.47820965842167,6.44654088050314,6.45624103299857,6.36720453554296,6.51478816946443,6.76274944567627,7.0446735395189,7.29903536977492,7.71791767554479,8.31183720263686,9.21734387782929,10.4275286757039
Chad,7.38636363636364,6.9168506254599,6.90112806901128,6.78167757287329,6.78418803418803,6.54338549075391,6.36752136752137,6.16024187452759,5.82901554404145,5.55709919422062,5.26315789473684,5.03369005152596,4.80470100241963,4.90136570561457,5.02942750133761,5.14332900790374,5.29794376835921,5.54246394570648,6,6.6484375,7.49874182184197
Channel Islands,19.2307692307692,19.6428571428571,20.3389830508475,22.5806451612903,21.875,22.7272727272727,22.7272727272727,22.5352112676056,21.6216216216216,20.5479452054795,20.2702702702703,20.7792207792208,22.3684210526316,25.6410256410256,29.4871794871795,32.4675324675325,35.5263157894737,38.1578947368421,37.8378378378378,38.6666666666667,38.6666666666667
Chile,7.36156351791531,7.84773060029283,8.17382307294361,8.22669104204753,8.53784285419674,8.76727892444613,9.21284857042005,9.66585167074164,10.263709919089,10.8594179022515,11.614476386037,12.9933211900425,14.556158374697,16.4552773795081,19.0758796100042,22.0299057763212,24.4077244674497,26.3886182030793,27.6418082349554,29.1959703478426,31.0406811731315
China,8.6485619464802,8.43189279129379,8.79474498561895,8.22543923708063,8.01017132642656,7.94932646234518,8.28487485620188,8.78296551480876,9.11993083452558,9.80344564115625,10.5871203130959,11.4766814361722,13.0530443540958,15.8175745531578,17.9694999484453,21.1662314061866,25.3308444701457,28.7028034526241,30.0465302574504,31.4763059530361,33.9463763263999
Colombia,5.93993695038991,5.66119273984442,5.68690890990542,5.71060541004723,5.87301587301587,6.08327100473697,6.23703703703704,6.57031094609826,6.84522030250493,7.12270803949224,7.51439348818741,8.16504098548335,9.37739219188568,11.1150935882119,13.0872735473202,15.3788420300214,17.741935483871,19.5785922201641,21.5330112721417,23.3945823072552,25.1447065413581
Comoros,6.32911392405063,5.74712643678161,5.15463917525773,5.60747663551402,5.88235294117647,5.18518518518518,5.48780487804878,5.18134715025907,5,4.91803278688525,5.41516245487365,4.91803278688525,4.94186046511628,5.26315789473684,6.19047619047619,7.30088495575221,8.41889117043121,9.42307692307692,11.3513513513514,13.3105802047782,14.9593495934959
"Congo, Dem. Rep.",6.25386040765905,5.69911998882526,5.4228855721393,5.32746285085305,5.28226191613334,5.27059605952282,5.229793977813,5.16799099042733,5.05217206132879,4.93273542600897,4.78524743230626,4.70363416923696,4.64789967552399,4.60323969653475,4.63172676209458,4.76604697267008,5.03691790335551,5.46034077065568,6.04857938375867,6.87361419068736,7.97079077009812
"Congo, Rep.",6.32603406326034,6.19469026548672,6.0665362035225,6.33561643835616,6.38930163447251,6.27400768245839,6.24315443592552,6.10902255639098,6.10749185667752,6.025824964132,6.23359580052493,6.19158878504673,6.17021276595745,6.15530303030303,6.25798212005109,6.43894778170396,6.87134502923977,7.62914813547725,8.83585940019349,10.2415163558545,11.8728121353559
Costa Rica,8.24524312896406,7.76173285198556,7.63358778625954,7.07850707850708,7.11902113459399,6.92383778437191,7.2790294627383,7.25075528700906,7.41230972865652,7.78688524590164,8.22981366459627,8.83043682480038,10.1531728665208,11.9115841178878,14.2857142857143,16.9230769230769,19.4113524877365,21.221322537112,23.3464309102816,25.8466453674121,28.320251177394
Cote d'Ivoire,4.37246963562753,4.33566433566434,4.43524541691307,4.42391832766164,4.37869822485207,4.32737535277516,4.31119920713578,4.32357043235704,4.50123660346249,4.73487470580091,5.07038892865664,5.48819400127632,5.79463948659872,6.16363788627418,6.51570818025043,6.85330802603037,7.23025583982202,7.7980348724939,8.8083718973496,10.0534811834552,11.5168280313509
Croatia,12.4007936507937,12.2409638554217,13.2575757575758,14.6976744186046,16.9373549883991,17.7939173853836,17.3238812583075,18.7771032090199,20.4457779682812,22.8701406120761,24.9571917808219,25.1845419018671,26.707530647986,28.5081894643648,30.5381165919283,32.2095671981777,33.519034354689,34.755808440019,36.2094037809016,37.5062096373572,38.1947985721571
Cuba,6.53161019909186,6.25983013526266,6.64375715922108,7.60758196721312,8.77684407096172,9.93121238177128,11.1133978184812,11.4217252396166,12.4050151975684,12.9970544918999,14.9024566473988,15.8121190390821,18.220869876499,20.8430076799428,23.4263233190272,27.9361663977049,33.0255296034764,36.8527731711811,38.1924749480053,39.1678062121508,41.2352221769262
Cyprus,9.2,9.66542750929368,9.68858131487889,10.7023411371237,14.3322475570033,14.9350649350649,15.0326797385621,15.3846153846154,15.8357771260997,16.304347826087,16.5413533834586,17.948717948718,19.5121951219512,21.2631578947368,23.3400402414487,25.1937984496124,26.865671641791,28.3393501805054,29.7535211267606,31.1643835616438,32.5503355704698
Czech Rep.,13.7968613775065,14.7255969836615,16.5615462868769,18.7125149940024,20.6289556962025,21.4216727834653,19.5623467270326,20.320452403393,20.7618329247596,20.9990574929312,21.3292706151209,22.875191424196,25.2502360717658,27.3936668540378,28.5288085027037,29.584032829696,30.6279287722587,32.8671328671329,35.2694724814321,36.1653272101033,36.9807692307692
Denmark,14.0204271123491,14.9307107733572,16.3778162911612,17.6396997497915,19.1780821917808,20.5790297339593,21.6653816499614,22.7657935285054,22.9294478527607,22.3356009070295,22.0533728687917,23.1836436655714,25.262395946435,26.7098632109431,28.1730425455846,30.0035549235691,31.5659243548957,32.661717921527,32.8961361219426,32.2154834106315,31.9928186714542
Djibouti,0,2.85714285714286,2.32558139534884,3.44827586206896,3.7037037037037,3.53982300884956,4.09356725146199,3.98009950248756,3.9568345323741,4.79233226837061,4.90463215258856,5.1980198019802,5.89569160997732,6.30252100840336,7.18446601941748,7.92792792792793,8.73949579831933,9.63665086887836,10.762331838565,11.9828815977175,13.8586956521739
Dominican Rep.,4.20168067226891,4.02877697841727,3.95136778115502,3.91147709727226,4.02298850574713,4.20362514462013,4.51590831337667,5.1219512195122,5.75342465753425,6.53416149068323,7.30260155180283,8.12407680945347,8.91769789825182,10.1107011070111,11.6413214472994,13.5256837891928,15.4832505209168,17.2772430922074,19.0555471469653,21.0017835909631,23.0226403998824
Ecuador,8.95784543325527,8.21280991735537,7.57097791798107,7.20966484801247,6.8235294117647,6.5173116089613,6.33838383838384,6.33973934172741,6.60930778255768,7.08245243128964,7.87799706410048,8.87319619281547,10.0029078220413,11.5542763157895,13.1948051948052,14.9274103486785,16.831801360869,18.7413234613605,20.6690021471353,22.6580731192355,24.7114433329669
Egypt,5.67625034667653,5.79235866808476,5.82566168009206,5.84353784658334,5.8972625887124,5.99493670886076,6.08479927830402,6.25173549129279,6.44026471612678,6.74089962778374,7.01573085314043,7.15590107482,7.88389646879539,8.57643068169384,9.60541562480942,10.8916177255739,12.2572859252855,13.5935788608981,15.4883477350092,17.8898069887725,20.6665237234662
El Salvador,6.2780269058296,5.9919028340081,5.90747330960854,5.8679706601467,5.75079872204473,5.93180756655768,6.20514985225834,6.6796875,7.23684210526316,7.95262267343486,8.96150113231964,9.84586347908147,10.8025633201099,11.7855038302887,12.8328611898017,14.1189247895737,15.713912816497,17.5309891221857,19.3779313749691,21.2884475659966,23.7162646286124
Equatorial Guinea,8.69565217391304,8.40336134453782,7.69230769230769,8.02919708029197,7.43243243243243,9.01639344262295,9.64912280701754,8.125,7.7319587628866,6.49350649350649,5.20446096654275,4.59016393442623,4.28571428571429,5.06329113924051,6.57596371882086,7.95918367346939,8.95522388059702,8.57632933104631,7.91139240506329,8.10014727540501,8.95316804407714
Eritrea,5.54592720970537,5.18867924528302,4.88145048814505,4.65686274509804,4.72610096670247,4.59662288930582,5.90111642743222,5.10846745976207,4.78855721393035,4.63697376449054,4.60385438972163,4.69092503288032,4.9001130795326,4.99835580401184,5.06776664702416,5.08837707552223,5.55146155735692,6.92777903554449,9.00900900900901,10.639546254645,12.1407516580693
Estonia,17.6470588235294,17.737003058104,18.3284457478006,19.6378830083565,20.7036535859269,21.2987012987013,20.126582278481,20.4656862745098,21.2230215827338,23.0569948186528,25.2717391304348,26.1707988980716,27.1844660194175,28.4722222222222,29.9300699300699,30.5397727272727,31.3583815028902,32.3485967503693,33.2831325301205,34.5038167938931,36.3354037267081
Ethiopia,5.51375752364574,5.12845560222722,4.8967032967033,4.88868130157248,4.90511748989518,4.94399614597134,4.97646267652993,4.94996857930101,4.92868006741481,4.92191857222532,5.02608590148022,5.19362914824482,5.3780567787876,5.54865681526553,5.76596530084902,6.11056580545343,6.54664484451718,7.09305892523495,7.78909759349636,8.73064940417742,10.042037501575
Fiji,2.89855072463768,3.63636363636364,3.1413612565445,3.09734513274336,3.90625,4.21052631578947,4.79233226837061,4.55840455840456,4.53257790368272,5.30503978779841,6.32911392405063,7.57946210268949,9.02612826603325,10.4651162790698,12.3853211009174,14.1255605381166,15.3846153846154,16.0869565217391,17.3245614035088,19.8237885462555,21.380846325167
Finland,11.8490205446727,12.0689655172414,13.0662020905923,14.3583227445997,16.5966386554622,18.4394250513347,19.7485806974858,21.1317768104472,22.1183800623053,22.3282442748092,22.9607250755287,24.1495327102804,27.302752293578,29.6349837368992,31.3528990694345,32.8596802841918,33.8407079646018,33.9241403757533,34.2358389739936,34.4938980617373,34.597327555074
France,18.6723137832612,19.2871463577634,19.886919185478,20.4944879373702,21.0874668103282,21.2688507540302,20.1824566484451,21.1437620974837,22.1164383561644,23.0653215805879,23.2852400828212,23.2689364957919,25.5423633990178,27.6465922264934,29.587969924812,31.482362738683,33.0465527401296,34.328968903437,34.7128574750058,35.1395254394616,35.3236866573687
French Guiana,0,0,6.25,5.26315789473684,4.54545454545455,3.7037037037037,6.06060606060606,6.97674418604651,5.45454545454545,4.47761194029851,6.25,5.94059405940594,6.08695652173913,8.3969465648855,9.6551724137931,12.1951219512195,14.0449438202247,15.8974358974359,16.504854368932,17.8082191780822,18.5344827586207
French Polynesia,0,3.125,2.56410256410256,4.34782608695652,3.84615384615385,4.83870967741935,4.16666666666667,3.65853658536585,5.3763440860215,5.8252427184466,6.14035087719298,8.87096774193548,9.09090909090909,11.8881118881119,12.2448979591837,16.025641025641,18.0124223602484,20.8333333333333,22.093023255814,24.1379310344828,26.7045454545455
Gabon,12.0331950207469,11.8852459016393,11.6935483870968,12.0622568093385,11.7647058823529,11.1111111111111,10.0864553314121,9.75,8.56531049250535,7.87545787545788,7.223113964687,6.6957787481805,6.78191489361702,7.33496332518338,8.01354401805869,8.92857142857143,9.85221674876847,10.7276119402985,11.7125110913931,12.9770992366412,14.4726083401472
Gambia,5.18518518518518,4.92957746478873,6.09756097560976,5.29100529100529,4.58715596330275,4.59770114942529,4.82315112540193,5.09383378016086,4.85651214128035,4.90909090909091,5.03048780487805,4.95436766623207,5.21541950113379,5.2947052947053,5.44642857142857,6.00961538461538,6.58942795076032,7.21854304635762,7.9683698296837,8.79368658399098,9.74196945760927
Georgia,15.8421052631579,14.3619602134886,13.1294964028777,13.0927402433907,13.8221153846154,14.7906262005378,15.0074294205052,15.8724471515586,17.7374301675978,18.6396091694852,20.84,20.4246284501062,21.5914170764417,23.3610341643583,25.9715639810427,29.1970802919708,30.8308308308308,32.3681489141675,33.7271750805585,35.0279329608939,37.4269005847953
Germany,15.2238158501207,17.0392541187689,19.0813628077743,21.0318151289769,22.7651937721298,24.0828960413997,23.4109962955742,24.592020085165,24.8139681922086,24.7077348857184,26.5371706062986,27.7911036169758,28.6589158413473,30.4389866563527,32.7070336391437,35.8809511989277,38.7338703568092,39.7707072008244,40.4015387047479,41.2590812110082,42.0699409301423
Ghana,4.4237012987013,4.53752181500872,4.66983938132064,4.70679012345679,4.75970425138632,4.80613893376414,4.87179487179487,4.93942218080149,5.02634779083908,5.19953051643192,5.44662309368192,5.69895457489129,6.01666666666667,6.25094140683838,6.70233930163957,7.33119375747278,8.10999360502296,8.98876404494382,9.98436002219868,11.0932171276999,12.265628495995
Greece,10.7759731889662,11.822418444935,13.2301196340605,14.2499430912816,17.3816403645255,18.6525129982669,18.9002036659878,19.3420531113753,21.5602561614593,23.1210662717512,24.2221418234443,24.9821045096636,26.4017033356991,27.9372908226176,29.8029556650246,31.6884032428622,34.1653389980528,36.3539255830514,38.416054470525,39.6536171748151,39.8104265402844
Grenada,6.97674418604651,8.88888888888889,6.12244897959184,7.84313725490196,6.38297872340426,8.51063829787234,8.69565217391304,7.84313725490196,14.2857142857143,10,9.80392156862745,9.80392156862745,9.80392156862745,11.3207547169811,12.7272727272727,14.5454545454545,16.6666666666667,16.9811320754717,19.2307692307692,25,27.0833333333333
Guadeloupe,8.25688073394495,7.5,8.57142857142857,7.79220779220779,7.31707317073171,9.46745562130178,10.8433734939759,11.6666666666667,12.8205128205128,13.5265700483092,14.9321266968326,16.9491525423729,18.8524590163934,20.7171314741036,23.828125,26.5625,30.2681992337165,32.5670498084291,31.9230769230769,34.3629343629344,36.078431372549
Guam,0,0,0,0,0,4.54545454545455,4.08163265306122,5.26315789473684,6.45161290322581,7.2463768115942,8,9.75609756097561,10.3448275862069,12.7659574468085,15.8415841584158,18.6915887850467,19.0909090909091,20.8695652173913,22.0338983050847,22.5,24.5901639344262
Guatemala,4.36456996148909,4.41834451901566,4.55212922173275,4.70487596236099,4.66940605155024,4.66405740378343,4.78800115373522,5.06490201068974,5.4989816700611,5.84493041749503,6.05636268160336,6.26824396988785,6.63500678426052,7.01564380264741,7.35580038885288,7.91719807711174,8.73523843865501,9.90704296122603,11.3861386138614,13.1680809885365,15.1351351351351
Guinea,7.69230769230769,6.76901605024424,6.05481198215424,5.71923743500866,5.61622464898596,5.71002979145978,5.77256944444444,5.73394495412844,5.60839619547393,5.4251012145749,5.41646605681271,5.65169769989047,5.77299412915851,5.97371565113501,6.23123123123123,6.60264105642257,7.0146037826191,7.57067042131485,8.27156833679217,9.22559534630067,10.4078880836002
Guinea-Bissau,6.41509433962264,5.94405594405594,5.94059405940594,5.94059405940594,6.22950819672131,6.25,6.16113744075829,6.25,6.01941747572816,6.10169491525424,5.62310030395137,5.79514824797844,5.76923076923077,6.53104925053533,6.35226179018287,6.31487889273356,6.10806577916993,6.99500356887937,7.45585349901897,7.76640577965081,8.26353992183138
Guyana,7.3394495412844,6.02409638554217,5.51724137931034,5.88235294117647,5.60224089635854,5.89812332439678,6.10687022900763,6.37755102040816,7.01298701298701,7.21649484536082,7.21649484536082,8.31099195710456,9.48509485094851,11.3821138211382,14.7540983606557,17.3669467787115,20.1149425287356,22.7138643067847,24.7678018575851,26.3333333333333,27.2401433691756
Haiti,6.11750454270139,5.6298773690078,5.68527918781726,6.03408567480424,6.26828249059758,6.47509578544061,6.53979238754325,6.32520826905276,6.16666666666667,6.3097033685269,6.60420475319927,6.82199832073887,6.90859693382496,7.34259426303446,7.78190411883862,8.56327307326356,9.33373349339736,10.3083952027413,11.8347243124914,14.2292490118577,16.743236345074
Honduras,6.61268556005398,5.51643192488263,5.33736153071501,5.13698630136986,5.15695067264574,5.24271844660194,5.03318584070796,5.21821631878558,5.32350532350532,5.48583721764073,5.83707504810776,6.0799073537927,6.45669291338583,7.1616137502984,8.02279701885138,9.11680911680912,10.485103132162,12.094875973203,14.1149982680984,16.5694282380397,19.205298013245
"Hong Kong, China",5.51508844953174,5.86292320396367,6.61764705882353,7.63316858868754,8.41507485802788,10.6710158434296,11.7744610281924,12.8409090909091,13.8699245418613,14.5233525271913,15.0029019152641,15.7293986636971,18.2917002417405,21.7814179677502,26.6666666666667,31.9254365266635,35.7355296270876,38.941018766756,41.3119789381308,42.8757037678649,43.5969058874087
Hungary,12.3324396782842,13.6811023622047,15.3667505322237,17.1401334604385,19.0386781825009,20.4390333886737,19.5652173913043,20.8843413118948,21.8674586968628,22.7660363366704,23.6920777279522,24.9055177626606,26.2213740458015,28.4281581485053,29.74609375,29.96632996633,30.8589820961577,32.5271572043452,34.9133430778868,35.8843537414966,36.6601857852668
Iceland,11.1111111111111,11.5384615384615,11.4942528735632,12.6315789473684,12.8712871287129,14.1509433962264,14.4144144144144,15,16.1290322580645,16.030534351145,16.5467625899281,17.4496644295302,17.6100628930818,18.562874251497,21.0227272727273,23.4972677595628,25.531914893617,27.6041666666667,29.5336787564767,30.9278350515464,32.6530612244898
India,5.59602130325815,5.23907373340371,5.34708319754178,5.34336703592374,5.54625595604711,5.71679859278804,5.92438252554054,6.07347974789735,6.2766972122617,6.63025976462785,7.11423484284195,7.54683432928841,8.15882411036907,9.31998641280513,10.5780863234999,11.9232415383864,13.3754397406739,14.9820873046284,16.8267843691702,18.8280199700424,20.9633653353912
Indonesia,6.36316872427984,5.95825426944972,5.51462714695678,5.41931519213412,5.56030795551754,5.73972978742871,5.83641088770346,6.05125038592158,6.6396230465881,7.43793871808016,8.34575987056909,9.13698642624684,9.80808037439354,10.8356072613193,12.5230404806538,14.6409195123981,17.1108570088252,19.7440363174349,22.3614521895487,24.8651336920558,26.8808788190868
Iran,8.03314121037464,7.20749494304269,6.66729182295574,6.32113321870138,6.0182887927979,5.74705593719333,5.55902560899438,5.42638947815019,4.9502071672603,5.90409525055606,6.42500608716825,6.8137946930191,7.25544361390965,8.36673730436336,10.0609166505512,12.0926243567753,14.4672268907563,16.7482220917335,20.0309505638938,25.27664531159,29.7662925975497
Iraq,4.74694589877836,5.16304347826087,5.77646426652338,6.33505396527452,6.46061814556331,6.36996772549686,6.00639906922629,5.75539568345324,5.96765197992192,6.12479631937123,6.13697733409705,5.94052310999642,5.6176886489266,6.27364616861483,6.53050932929904,7.05203887022069,8.16775210519766,9.50705571914796,10.9944476082005,12.5025051773666,14.1977063785423
Ireland,15.2949245541838,15.283540802213,16.5957446808511,16.3051084674598,16.7233174711081,16.7506297229219,16.094674556213,15.8910329171396,16.7804323094426,16.7308750687947,16.5794979079498,16.4677804295943,17.3438182612495,18.670496512105,20.1870615744349,22.0687079910381,24.0474478792236,26.4583333333333,29.0939597315436,31.099544567339,32.1473951715375
Israel,6.56814449917898,7.54060324825986,8.28516377649326,9.46372239747634,10.7093184979138,12.2315035799523,12.4269782262347,13.2782101167315,13.5361552028219,14.5427836944546,14.6800909386164,14.712847838958,16.158038147139,17.5737538148525,18.8280499519693,19.7947548460661,20.8423795049935,22.1737323358271,23.46,24.6368390470657,25.7547169811321
Italy,12.8330111774099,14.0119663648124,15.3375676311456,16.537126471476,18.1877824755795,19.6341721294142,19.5843958922048,21.4473549400635,23.5500340367597,25.5195992146774,27.1584014101217,27.9864838004373,29.4495234390196,30.6448495780455,32.2892735803268,34.8138003000065,37.6628503750494,40.2940981212242,41.7889939003955,42.1933778425458,41.981505036268
Jamaica,6.52777777777778,7.06179066834804,7.43801652892562,8.49673202614379,9.08141962421712,9.04669260700389,9.88909426987061,9.84455958549223,10.4738154613466,10,10.36866359447,10.8663729809104,11.1190817790531,12.0253164556962,13.6929460580913,16.3934426229508,19.1706322229776,21.5458276333789,22.9757785467128,24.4883556810162,26.1627906976744
Japan,8.42693966538698,8.75516015806088,9.47048775858797,10.2883131974915,11.4252947037921,12.9068106048579,14.4804691449564,16.7596493225549,19.6236516307898,22.7125588377875,25.739224470879,29.122479004475,33.2023816831379,35.9006864139509,37.5176481661594,39.1456908015958,41.1446427103034,44.0210851031373,45.8004559004033,46.9377354713066,47.4304858889667
Jordan,7.01754385964912,6.85358255451713,6.01851851851852,5.41044776119403,4.70139771283355,4.44444444444444,4.66417910447761,5.10440835266821,4.88118175979448,4.18899171943497,4.7801963294921,5.43840177580466,5.70522979397781,6.18374558303887,6.93311582381729,8.32072617246596,10.2291519017245,12.5558534405719,14.9851000425713,17.7959183673469,20.086733688153
Kazakhstan,10.2282577289801,9.4708866876057,9.06985719799305,9.56239870340356,10.1692420897719,10.8377750444171,10.6413240237911,10.9097587853557,12.2228739002933,12.3450789793439,13.4378211716341,12.6307828060003,12.7981595834847,14.2356241234222,16.0677734819195,17.974768337613,19.2638307251488,20.8110759838657,22.3169941697258,24.1064720403563,26.5757543219156
Kenya,7.23531364088948,6.82800345721694,6.48514851485148,6.08164983164983,5.58708761972331,5.08424475317765,4.63065049614112,4.34077079107505,4.23541418608607,4.3257734946743,4.34203853955375,4.2654028436019,4.46358653093187,4.89151533451236,5.32701640859718,5.65308254963427,5.90737390089833,6.32185580813226,7.11290322580645,8.20632179593062,9.47484564640702
"Korea, Dem. Rep.",4.1438032166509,3.7072793975671,3.11907633982423,2.8328173374613,3.07338207419442,4.33941738184456,6.00203458799593,8.09314954051796,10.0846880171323,12.1576425924252,14.3213272586607,15.9349865951743,16.7723865227778,15.9808457105754,17.39443378119,18.9231862319413,22.2526826975797,25.1132989529614,25.4975709136499,26.7672379748835,27.7497800175986
"Korea, Rep.",5.90126529765609,6.41025641025641,6.84690449528076,6.23097075692133,6.39790776296485,6.66203623314233,7.24443969204448,8.21606675554239,9.36465762364238,11.1185893121551,13.2003432003432,15.3240586471176,17.6883806412089,20.7192332474227,25.2467926941369,29.6832615286421,33.8863508856296,37.940544267348,40.8242644929035,43.2833915042138,44.3449492721659
Kuwait,4.83870967741935,5.12820512820513,4.76190476190476,3.27868852459016,3.38461538461538,2.63157894736842,2.39316239316239,2.14765100671141,2.16216216216216,2.32896652110626,2.74599542334096,3.2618825722274,3.88035569927243,5.03597122302158,7.0221066319896,9.30787589498807,12.134583563155,15.5225409836066,18.6481303930968,21.0669077757685,22.6374570446735
Kyrgyzstan,12.4175824175824,11.2887112887113,10.5263157894737,10.6904231625835,10.6148867313916,10.5386416861827,9.94120791020844,9.93217054263566,10.1649576460098,9.51972555746141,9.55794504181601,8.53474320241692,8.50533807829181,9.45173225697948,11.2536069252966,13.3704735376045,14.8583484026522,16.6961651917404,18.5378590078329,20.7915113277889,23.5967926689576
Laos,3.55029585798817,4.15800415800416,4.72222222222222,5.28488852188274,5.64930300807043,5.77922077922078,6.32289748311848,6.22610595303113,6.22919638611507,5.98255089322808,5.92373195112921,5.92818428184282,6.14334470989761,6.60592255125285,7.22702278083268,8.07272727272727,9.1321096759574,10.3890551517743,11.6822429906542,13.407062475747,15.5783582089552
Latvia,17.7697189483228,17.7147918511957,17.7310924369748,19.2741935483871,20.6869633099141,21.4016578749058,20.2952029520295,20.8183776022972,21.864050455501,23.6214605067064,25.7788161993769,26.8982229402262,27.3405136702568,28.2442748091603,29.5652173913044,31.1827956989247,32.1987120515179,33.4914611005693,34.66796875,36.5365365365365,39.0143737166324
Lebanon,10.7391910739191,9.83810709838107,8.86752136752137,8.28729281767956,7.92079207920792,7.86186627479794,7.62651461154668,7.81781101291638,8.25688073394496,9.41906373378454,10.025974025974,10.2687140115163,10.8344859382204,12.1238938053097,14.1392567278941,16.4876033057851,18.9112903225806,21.4597381991273,23.9607843137255,26.3753413968006,28.2651072124756
Lesotho,7.96915167095116,8.0952380952381,7.91208791208791,7.15705765407555,7.20720720720721,6.94668820678514,6.88665710186514,6.84410646387833,7.09302325581395,7.38327904451683,7.45526838966203,7.36543909348442,7.73430391264786,8.52372583479789,9.17667238421956,9.23593618807724,8.6490939044481,7.87977254264825,7.7662129703763,8.41938046068308,9.72549019607843
Liberia,5.2757793764988,5.2060737527115,5.22388059701492,5.12,5.24137931034483,5.31400966183575,5.36635706914345,5.25378450578807,5.19598906107566,5.08646998982706,5.04908835904628,5.17857142857143,5.33204071740184,5.42503203759077,6.03644646924829,6.74386920980926,7.34567901234568,7.75303073019453,8.50012997140629,9.4881699661999,10.6844364129207
Libya,5.82329317269076,5.44464609800363,5.32724505327245,5.00641848523748,4.42571127502634,3.79637618636756,3.85423966362999,3.88026607538803,4.2192046556741,4.73707083876575,5.34947286216322,6,6.59722222222222,7.47986191024166,8.56,10.3188551343209,12.7211860353898,15.8508691674291,19.1801841297676,22.8010968150179,24.785100286533
Lithuania,15.0568181818182,14.4156752974108,13.6484687083888,15.5009451795841,16.6366366366366,17.4112256586483,16.8881506090808,17.7066666666667,19.5384615384615,21.0636079249218,22.9323308270677,24.2872807017544,26.0266049739734,27.4909963985594,29.7714638665843,32.1065989847716,33.7247227658187,34.9227669576897,35.3430353430353,36.2660944206009,38.0458919319023
Luxembourg,14.8648648648649,16.4473684210526,17.6100628930818,19.1616766467066,19.7674418604651,20.5555555555556,20.855614973262,21.9895287958115,22.1649484536082,22.5961538461538,21.9730941704036,21.2765957446808,20.6477732793522,21.3740458015267,22.463768115942,24.1379310344828,26.0586319218241,26.9349845201238,27.299703264095,27.7142857142857,28.4153005464481
"Macao, China",5.68181818181818,8.04597701149425,10.2272727272727,9.52380952380952,8.06451612903226,9.6,13.9344262295082,11.1111111111111,10.9947643979058,10.4761904761905,10.4347826086957,10.5882352941176,11.1888111888112,15.0501672240803,21.0355987055016,26.9592476489028,33.0275229357798,37.6899696048632,40.7294832826748,43.1192660550459,46.2732919254658
"Macedonia, FYR",11.9086460032626,9.34718100890208,8.28488372093023,8.03814713896458,9.04392764857881,9.65018094089264,9.70654627539503,11.0989010989011,12.3949579831933,14.2711518858308,15.8051689860835,17.1905697445972,18.8109161793372,21.0731707317073,23.219512195122,25.1714005876592,27.1287128712871,29.1164658634538,31.4168377823409,33.717277486911,35.5913978494624
Madagascar,5.95358224016145,5.99369085173502,6.04725670804966,6.2190812720848,6.32558139534884,5.73814655172414,5.10180201263749,4.8675292667899,4.76021314387211,4.81267133719159,4.83154870723426,4.80769230769231,4.8838358872961,5.28150601359596,5.78429092036908,6.37186629526462,7.06528602096224,7.92027729636049,8.86602335128219,9.63933124968994,10.8423647611517
Malawi,5.22788203753351,4.80535279805353,4.47598253275109,4.26150121065375,3.96588486140725,4.54046136946174,4.74258970358814,4.50885668276973,4.57856399583767,5.00681862458601,4.87192365645404,4.9113629758791,5.14705882352941,5.34131205673759,5.63723103884724,5.92099576454318,6.04438237119801,6.06551602676999,6.43599509392551,6.98492162822576,7.70295713811053
Malaysia,7.1813890761969,5.85835033517925,5.14485514485514,4.78223740392827,5.43458030895217,5.58292282430213,5.83845478489904,5.94962734515549,6.06638259699484,6.17844453217529,6.56640727463496,7.04314720812183,8.17692419612978,9.79412757340533,11.848760748609,14.0770888197271,16.0443707473269,17.9005221214619,19.6748313054567,21.8420508579698,23.9099645928174
Maldives,8.10810810810811,7.31707317073171,6.52173913043478,6.12244897959184,5.35714285714286,7.69230769230769,6.57894736842105,5.68181818181818,3.80952380952381,4.13223140495868,5.18518518518518,4.86111111111111,5.73248407643312,5.98802395209581,7.22222222222222,9.84455958549223,11.4427860696517,15.1658767772512,17.8899082568807,22.1238938053097,25.764192139738
Mali,5.28592023065834,5.61201944321697,5.55555555555556,5.50256786500367,5.22438044206296,5.09456985967053,4.90934449093445,4.74498858157828,4.52353616532721,4.39742791951877,4.33639947437582,4.20560747663551,4.0789083358054,3.98574633760063,4.1725768321513,4.46981011307873,4.95145631067961,5.52790615001778,6.14931719682721,7.00824945129796,8.05496828752643
Malta,10.126582278481,9.87654320987654,11.0429447852761,10.4294478527607,13.9240506329114,14.5569620253165,15.0602409638554,14.8571428571429,15.9340659340659,17.8010471204188,18.974358974359,20.1970443349754,23.7864077669903,25.6038647342995,28.9099526066351,30.6603773584906,30.8411214953271,32.2429906542056,34.4339622641509,36.1904761904762,37.9807692307692
Martinique,7.82608695652174,7.8740157480315,8.16326530612245,8.17610062893082,8.87573964497041,10,12.5,13.7142857142857,14.5161290322581,16.0621761658031,17.8217821782178,18.2692307692308,21.0280373831776,23.394495412844,26.4840182648402,30.7339449541284,34.3891402714932,35.9447004608295,37.3271889400922,37.7358490566038,38.3495145631068
Mauritania,2.41691842900302,3.45744680851064,3.72093023255814,4.40881763527054,4.69565217391304,4.83383685800604,4.9934296977661,4.93685419058553,4.95449949443883,5.05767524401065,5.05050505050505,5.08474576271186,5.1901025950513,5.33188248095756,5.80645161290323,6.48105887722501,7.35729386892178,8.55340953882538,9.830007390983,11.2430167597765,12.6413838988689
Mauritius,4.47154471544715,4.8780487804878,4.83383685800604,4.77453580901857,5.07246376811594,5.53097345132743,6.92464358452139,7.24070450097847,8.17490494296578,9.01060070671378,10.1160862354892,11.4285714285714,12.9032258064516,15.1917404129794,17.3850574712644,19.8601398601399,22.5138121546961,25.1700680272109,27.0013568521031,28.2225237449118,29.3080054274084
Mayotte,0,0,0,0,0,0,0,0,2.27272727272727,3.27868852459016,4.05405405405405,4.59770114942529,5,6.19469026548673,7.14285714285714,7.85714285714286,9.80392156862745,10.9756097560976,13.2183908045977,15.0537634408602,17.948717948718
Mexico,5.59977055997706,5.40123456790124,5.57804531833237,5.81818181818182,5.88958942026757,5.95792463423495,6.01314380012159,6.54727568304578,7.12400428010938,7.65821279539902,8.07825498547148,8.87077124918002,9.85938056247775,11.5429175043446,13.5558112773303,15.855775509229,18.7287701828672,22.2409832823742,25.2846592361957,27.7378613106934,29.9621400666697
"Micronesia, Fed. Sts.",0,0,0,4,3.57142857142857,6.45161290322581,5.55555555555556,4.76190476190476,6.52173913043478,5.88235294117647,3.7037037037037,5.55555555555556,7.27272727272727,7.40740740740741,8.92857142857143,9.83606557377049,9.67741935483871,11.2903225806452,11.1111111111111,13.5593220338983,16.3934426229508
Moldova,13.2105684547638,11.4285714285714,10.5131414267835,10.665914221219,11.0820700470465,12.4324324324324,12.6241134751773,13.9114724480578,15.0481189851269,15.299823633157,16.7757009345794,17.3604060913706,18.2738412360149,20.7484865162356,23.3802816901408,25.7076834199884,26.4600715137068,27.4303405572755,28.53470437018,30.8774279973208,35.1540616246499
Mongolia,5.94315245478036,6.01851851851852,5.57851239669421,5.46448087431694,5.38827258320127,5.24861878453039,5.30759951749095,5.47368421052632,6.64869721473495,6.43171806167401,5.80431177446103,6.29860031104199,6.58857979502196,7.46371803731859,9.27631578947368,11.6645649432535,14.1636141636142,16.97438951757,19.8245614035088,22.8242074927954,26.4571428571429
Montenegro,11.5384615384615,10.762331838565,12.0331950207469,11.1111111111111,11.6981132075472,12.9496402877698,12.4137931034483,12.80276816609,14.527027027027,15.1612903225806,16.0493827160494,18.2389937106918,19.811320754717,22.0125786163522,23.75,25.2336448598131,26.3975155279503,27.2727272727273,28.7066246056782,30.4761904761905,32.051282051282
Morocco,4.78319177469826,4.60019743336624,4.59157351676698,5.20708283313325,5.98324168630532,5.06007393715342,6.0838445807771,5.63872702823846,6.32738382376588,6.69175151246864,7.51699045788426,7.89099832106419,8.46830451925993,9.51945603108394,11.3534282158125,13.2795948948483,15.2517914012739,17.5573256094617,19.9443894622744,22.7829948651524,25.2991687220243
Mozambique,5.13054037644202,5.13323983169705,5.16624040920716,5.26437312398984,5.28387898881061,5.36999446392323,5.3853595614318,5.4481546572935,5.7001414427157,5.39762504498021,5.42079730014765,5.47499535229597,5.60553056804931,5.8587843967342,6.20203277328355,6.58949243098842,6.95268880399647,7.24827812397507,7.36227728855212,7.57838880849011,8.14266794538065
Myanmar,6.18640148011101,6.33242620891773,6.51438240270728,6.78008927819422,6.96942446043166,7.07618984576686,7.33734087694484,7.54647232784115,7.86864632200029,8.10640500517622,8.16992079962729,8.27284155886289,8.72324780370757,10.2939553364483,12.047980863937,13.9585309662556,16.123735715224,18.6557366550322,21.0612244897959,23.5208565416512,25.4702218403854
Namibia,7.3469387755102,6.59340659340659,6.25,6.3768115942029,6.32911392405063,5.90809628008753,6.32183908045977,6.09137055837563,5.66298342541436,5.67632850241546,5.68669527896996,5.77299412915851,6.33928571428572,7.06655710764174,7.91476407914764,8.76068376068376,9.24932975871314,9.4327597195666,9.97566909975669,11.0204081632653,12.521055586749
Nepal,4.15908500129971,4.62523719165085,4.90428049042805,5.08244422890398,5.18761888293273,5.24534686971235,5.27463540956794,5.32722670844884,5.46384066460752,5.6240155656444,5.93137254901961,6.36416776267719,6.70082512643066,7.25752304217787,8.00628824883499,8.9869535838661,10.1568189542166,11.5194508009153,13.1508039982616,14.9896136269215,17.0664427920365
Netherlands,11.8841150965708,12.8613787991105,13.8990109318064,14.9374898522487,16.000612463635,16.9533527696793,17.8451178451178,19.232345308018,19.9259553087399,20.2458701498271,20.4675453867197,21.17903930131,23.6092912447886,25.6874265569918,27.9433940378146,30.390920554855,32.5570828126775,33.6950378659433,33.7365743357829,33.5453822560491,33.5085714285714
Netherlands Antilles,12.280701754386,9.52380952380952,8.57142857142857,8.10810810810811,7.5,7.2289156626506,10,10.752688172043,10.1010101010101,11.8811881188119,13.6842105263158,14,16.0377358490566,19.4690265486726,22.1238938053097,25.8928571428571,31.0344827586207,34.2342342342342,38.5321100917431,42.8571428571429,43.6893203883495
New Caledonia,6.66666666666667,6.25,5.55555555555556,4.65116279069767,3.92156862745098,4.91803278688525,5.79710144927536,6.57894736842105,7.2289156626506,7.36842105263158,8.49056603773585,11.0169491525424,11.9047619047619,13.2352941176471,15.9722222222222,17.8807947019868,20.4968944099379,22.6190476190476,24.8554913294798,26.6666666666667,28.1081081081081
New Zealand,13.5932560590095,13.5721017907634,13.3163698049194,13.206106870229,13.7686302342087,14.2302716688228,15.2242577384713,15.9684274438373,16.8028004667445,16.8719871451526,16.9974554707379,17.6414189837009,19.3207893529142,20.9435626102293,23.1422505307856,25.8210180623974,27.9041916167665,29.1065158017948,29.7090352220521,30.3692539562924,31.1871976181615
Nicaragua,4.91551459293395,4.61741424802111,4.39189189189189,4.364694471387,4.41666666666667,4.51612903225806,4.80887792848335,5.01618122977346,5.3519768563163,5.43199315654405,5.73994533385396,6.2977793957044,6.59639578374702,7.73358585858586,9.13930789707187,10.5484051482932,12.1729845168179,14.0913757700205,16.4632627646326,19.2204628501827,21.9899062725306
Niger,1.75975516449885,2.23728813559322,2.86567164179104,3.11364815775817,3.32584269662921,3.35413416536661,3.46801346801347,3.48432055749129,3.49475786320519,3.5615269780337,3.63998551249547,3.75629867155291,3.66868381240545,3.45658321985964,3.44012605042017,3.5674961462233,3.76938762899339,4.01341297285969,4.33863861163564,4.72311427900055,5.1795723479344
Nigeria,5.75616540951158,5.80460883036406,5.78534031413613,5.62470643494598,5.49004513803842,5.34393662778104,5.22835737329032,5.20546667288586,5.14627768243851,5.09651813097601,5.12357034311765,5.21305465963826,5.27022745992524,5.48065617187411,5.74948238011507,6.05677387213903,6.40710103334607,6.94217751891099,7.76904192175021,8.8199495541999,9.98725031874203
Norway,15.0576806314511,15.9117305458769,17.4735670562048,18.5324049276915,19.9691991786448,21.1309523809524,22.5242718446602,23.7142857142857,23.5787511649581,22.5952813067151,21.643109540636,21.8228498074454,22.9004506349857,23.9001189060642,25.2688172043011,26.7584666914775,28.5972523499638,30.0423131170663,30.5805114029026,30.9442934782609,31.425702811245
Oman,4.48430493273543,4.41767068273092,4.91228070175438,4.9079754601227,4.73684210526316,4.62555066079295,4.43262411347518,3.85714285714286,3.92156862745098,3.7037037037037,3.9564787339268,4.50928381962865,5.0314465408805,5.72033898305085,6.65387076135637,7.903981264637,9.37669376693767,11.5384615384615,14.2379359770664,17.1207992733878,19.9045967042498
Pakistan,10.083437857883,9.21557871640153,8.50834195260152,7.94291653341861,7.36428720372559,6.58829146028525,5.93670239918326,5.47335703489238,5.19536590631072,5.24037619949394,5.46178010471204,5.8913590081904,6.26394466755912,6.65296712109062,7.24018969770342,8.03004478310273,9.00423318913146,10.1592159013814,11.5079553228527,13.1908654984987,15.3409298864177
Panama,6.47482014388489,7.09812108559499,6.70289855072464,6.58307210031348,6.25850340136054,6.51658767772512,6.77083333333333,7.08955223880597,7.39495798319328,7.79122541603631,8.28767123287671,9.00562851782364,10.1724137931034,11.4438502673797,13.0630630630631,15.1201130475742,17.3524150268336,19.546621043627,21.2634186622626,22.9166666666667,24.5105716523101
Papua New Guinea,6,4.89130434782609,4.29141716566866,4.12556053811659,4.18679549114332,4.15175375805297,2.20146764509673,2.5418833044483,2.8643216080402,3.22862129144852,3.67424242424242,3.92548236859614,4.45559161994689,5.10582010582011,5.99664188054689,7.16476774758983,8.37368845843422,9.61754780652418,10.5198454513523,11.4446840272019,12.5571856759741
Paraguay,5.07343124165554,5.40540540540541,5.48086866597725,5.73248407643312,5.94377510040161,6.08882521489971,6.30517023959647,6.4991807755325,6.61904761904762,6.65543386689132,6.888720666162,7.3972602739726,7.97124101281651,8.97067280046004,10.0586979722519,11.1833875406555,12.396694214876,13.4861766689144,14.9816770855788,17.1862011637573,19.4349142280525
Peru,6.0965954077593,6.04089219330855,6.02678571428572,5.9412902091756,5.97311335166514,5.9949488236076,6.01835715115604,6.20817461134562,6.56644839988933,7.06977524320698,7.6810251659719,8.40299798212742,9.31149323727316,10.4925191035767,11.9118631687869,13.6055603822763,15.4413804583033,17.4613367581741,19.7007481296758,21.8521527213647,24.1463658146965
Philippines,6.78539448811064,6.17528167197041,5.61647895672792,5.25210084033613,5.27358802157877,5.40825622093302,5.44471456115349,5.52806187910114,5.48786399922433,5.69616604208706,6.06052740863788,6.5733012684491,7.1878967869671,8.26613302688673,9.5069193023726,10.8742737305325,12.3176661264182,13.8268715548302,15.5183591677963,17.3253056529827,19.3198103847426
Poland,9.38894874557488,9.74713942647267,10.9164596679304,12.612000247173,14.641114153077,15.9090909090909,15.5052360326772,16.3912062542631,17.4558484770924,18.457578357644,19.500858846115,20.0932448183246,22.46586467692,25.8375401560349,28.9908633610512,30.6900317196194,31.7868504772004,33.6922240348015,36.427771556551,39.6157629766796,41.8080450812301
Portugal,12.0128381476387,12.3741329156411,13.0491235663276,14.0764331210191,15.7431838170624,16.6178317287568,17.48914330833,18.840300520131,20.8010835913313,22.4678070344032,23.7717309145881,24.6416758544653,26.2197325623419,27.9216109313197,29.9225364799135,32.2996010155967,34.5886654478976,37.1977109100978,39.6222887060583,41.0914622551816,41.4307871267933
Puerto Rico,6.25,7.07964601769912,7.71812080536913,8.1060606060606,9.66810966810967,9.50797872340426,11.4024390243902,12.3842592592593,13.8139790864062,15.0391644908616,16.4646464646465,18.6823992133727,21.4320038443056,23.8700564971751,26.39146567718,28.6042240587695,30.470534490635,31.9431714023831,33.5332103321033,34.7765363128492,35.7344632768362
Qatar,0,0,0,0,2.63157894736842,3.50877192982456,1.20481927710843,1.70940170940171,1.30718954248366,2.22222222222222,1.86046511627907,3.34728033472803,2.69541778975741,3.07328605200946,2.64900662251656,3.87755102040816,5.15267175572519,6.79785330948122,8.89261744966443,11.3744075829384,13.2330827067669
Reunion,7.75193798449612,7.33333333333333,6.32183908045977,6.06060606060606,6.30252100840336,7.2289156626506,7.75193798449612,9.15492957746479,9.38511326860841,10,10.5691056910569,11.6625310173697,12.5581395348837,14.3171806167401,16.3179916317992,19.3612774451098,22.1579961464354,24.1187384044527,24.6823956442831,25.7142857142857,26.713532513181
Romania,9.78209379441023,11.1049355269008,11.946949602122,13.4150108102543,14.5129996119519,15.7889857222325,14.8826458036984,16.1612650968807,17.4689573056642,19.4374729554306,21.2734016248675,21.707383034346,22.9575913346796,25.0653961136024,26.9948581222624,27.3848843986788,30.2207637231504,32.8027752270176,35.9525807805288,37.8627111303595,40.4727231992831
Russia,11.268614707538,11.3179805986608,11.8346579961464,13.4713907437255,15.5297430482225,17.7521613832853,17.8908653203156,18.5513010475968,20.5276656255555,20.8938009353731,22.5143354495187,21.2312261459704,22.053080945132,24.097065462754,26.7187264944407,28.8136540907757,29.6627311460829,30.8792943224227,32.2948754912821,34.4970867113423,36.7471430870755
Rwanda,4.1970802919708,4.06050955414013,4.16666666666667,4.13070283600493,4.08163265306122,4.03045230631438,4.21441774491682,4.70922882427307,4.84832069339112,4.76694915254237,4.69165659008464,4.45161290322581,4.39954682779456,4.6546297830048,5.19882179675994,5.61021005051848,5.88092639747787,6.28819020108877,6.98149851783706,8.49654650392658,10.1945181255526
Saint Lucia,6.97674418604651,4.65116279069767,6.52173913043478,8,7.54716981132076,8.62068965517241,8.47457627118644,7.8125,11.1111111111111,10.6666666666667,9.87654320987654,10.4651162790698,9.09090909090909,9.89010989010989,12.3711340206186,14.8514851485148,16.504854368932,19.6261682242991,21.4953271028037,25.2252252252252,27.027027027027
Saint Vincent and the Grenadines,8.33333333333333,5.4054054054054,6.97674418604651,6.52173913043478,6.38297872340426,10.2040816326531,8,7.54716981132076,9.09090909090909,9.61538461538462,11.1111111111111,9.43396226415094,10.7142857142857,11.3207547169811,14.8148148148148,15.0943396226415,17.8571428571429,20.3389830508475,20,22.5806451612903,21.6666666666667
Samoa,2.63157894736842,2.12765957446808,1.85185185185185,3.2258064516129,2.85714285714286,2.73972602739726,4,3.94736842105263,6.41025641025641,6.25,6.02409638554217,8.13953488372093,8.23529411764706,8.13953488372093,9.09090909090909,12.3595505617978,11.8279569892473,13.0434782608696,12.7659574468085,11.8279569892473,14.4444444444444
Sao Tome and Principe,3.7037037037037,3.84615384615385,3.7037037037037,0,8.57142857142857,7.31707317073171,8.16326530612245,7.69230769230769,5.17241379310345,4.83870967741935,6.94444444444444,5.26315789473684,4.81927710843374,5.55555555555556,7,6.48148148148148,7.82608695652174,8.73015873015873,9.62962962962963,12.5,13.5135135135135
Saudi Arabia,5.84126984126984,5.86907449209932,5.76827449030333,5.61941251596424,5.48387096774194,5.28301886792453,4.89130434782609,4.44985225099948,4.01161986443491,3.99256044637322,4.27479272100786,4.4770468528159,4.86041035990582,5.45701562382067,6.30303859841226,7.73525721455458,9.58975851032878,11.6211790393013,14.1461144718474,16.3006008076431,18.8087034502289
Senegal,5.80431177446103,5.51415797317437,5.17015706806283,4.9002849002849,4.68064358849342,4.53599667082813,4.41493180186648,4.36127435818126,4.33972310969116,4.31273062730627,4.30150753768844,4.25981341313149,4.1171935235158,4.05073649754501,4.29949920605839,4.73608498395485,5.4381886182149,6.39977707597994,7.57002921464169,8.86857509421859,10.3011093502377
Serbia,12.4494511842865,11.096039066739,11.5204981837052,12.4310776942356,13.9124122913138,14.2061281337047,13.8771890933274,15.203426124197,17.234219269103,19.4709200544641,20.9034024247165,20.9713024282561,21.7513556939144,23.7452126587382,24.9290636400486,25.9085340955492,27.1455031899568,28.5565939771547,30.2310924369748,31.934384320409,33.3621996103053
Sierra Leone,5.84088620342397,5.81068416119962,5.72419774501301,5.58213716108453,5.48245614035088,5.24916943521595,5.07462686567164,4.92505353319058,4.48473282442748,4.229460379193,3.93953275309208,3.65296803652968,3.51053159478435,3.51923650462273,3.64513535245243,3.95151515151515,4.40431622990531,5.01207729468599,5.75286718460969,6.56747049769112,7.41094147582697
Singapore,4.84848484848485,4.20711974110032,4.51030927835052,5.36692223439211,6.12043435340572,7.05882352941176,7.93918918918919,8.55855855855856,9.01201602136182,10.0115740740741,11.372745490982,13.1193959414818,17.0336518487744,22.107765451664,28.0245022970904,33.6181277860327,37.9046926154966,40.2452217814641,41.0675381263617,41.5929203539823,42.4368162957375
Slovak Republic,10.8927568781583,11.1680327868852,12.1112158341188,13.5098743267504,15.2571926765475,15.125,14.9802371541502,15.4698242933537,16.9459962756052,17.5100109210047,17.9385171790235,18.9841498559078,20.7032651596699,23.4012147195427,25.9087669280114,27.9469724113221,29.5182904744658,31.8733897681266,34.9737039819684,37.6728110599078,39.6375098502758
Slovenia,11.1688311688312,12.125,13.9393939393939,15.6470588235294,16.9373549883991,17.8571428571429,17.1066525871172,18.3778234086242,19.6374622356495,21.3861386138614,22.8655544651619,23.92578125,25.6756756756757,28.1190019193858,30.4680038204393,32.7586206896552,34.5524542829644,36.1951219512195,38.2266009852217,39.5233366434955,40.0602409638554
Solomon Islands,0,2.08333333333333,3.7037037037037,3.125,3.8961038961039,3.2967032967033,2.77777777777778,3.84615384615385,4.60526315789474,4.02298850574713,4.04040404040404,4.82456140350877,5.03875968992248,5.55555555555556,5.95611285266458,6.85714285714286,8.09399477806789,9.26829268292683,10.9090909090909,12.5,13.9630390143737
Somalia,5.17998244073749,5.34171249018068,5.33707865168539,5.42732376793512,5.27182866556837,5.18731988472622,5.06912442396313,4.97976968565204,4.89195678271309,4.73444613050076,4.73895582329317,4.62743236829616,4.64475079533404,4.90286771507863,5.12987012987013,5.38648378339763,5.71356339274428,6.10910730387737,6.69846747183599,6.96880191988185,7.51014884979702
South Africa,6.65404775771695,6.9055036344756,6.94492353685179,6.92354003612282,6.45018580782162,6.03381417713665,5.88557350123186,5.79858806492488,5.90390002154708,6.22112132615634,6.77215744718155,7.52529597312687,8.51995153789034,10.0221695589022,11.6307044583114,12.8693853427896,13.636032889471,13.8844936708861,14.0278917145201,14.7156834940442,15.8677569434654
Spain,12.4292224830824,12.9669015020604,13.7016010716336,14.1135138409352,15.9069875057844,16.8832593080002,17.5975316389499,19.2101364124048,21.2245103977387,23.151925181574,23.960868295532,23.996525555454,24.8225096911886,25.6507295740297,27.1616078753076,29.5461912479741,32.3307364870292,35.2892002706899,38.102374004259,39.4884249285127,39.5269741985926
Sri Lanka,10.3715584068431,7.74193548387097,6.31180307174416,5.76315300241681,5.76796308503626,6.14126394052045,6.62960954446855,7.5106757096207,8.33527901003969,9.21009143990305,9.93307128439392,10.7544303797468,13.1751543209877,15.8869847151459,18.6184565569347,21.4979685567921,24.1261796574624,25.2476968538154,26.7704889507569,29.307624890447,30.9894212818917
Sudan,5.57483731019523,5.46332046332046,5.1948051948052,5.04989416389477,5.02860183583877,5.03720663995421,5.07430582714118,5.1185704742819,5.20810149120855,5.320813771518,5.5065444271464,5.78533895218771,6.15614215091876,6.55578538562202,7.07350901525659,7.67589860276602,8.42446066933166,9.37210021651717,10.5187908496732,11.8431263858093,13.3169025282239
Suriname,8.33333333333333,8.06451612903226,6.20689655172414,5.98802395209581,5.85106382978723,5.52486187845304,6.66666666666667,7.06521739130435,8,8.37209302325582,9.52380952380952,9.67741935483871,10.3846153846154,11.2727272727273,13.3802816901408,15.3061224489796,17.6079734219269,19.4805194805195,21.0862619808307,23.1511254019293,24.6794871794872
Swaziland,5,5,4.44444444444444,4.90196078431373,4.7008547008547,4.7970479704797,5.04731861198738,4.83870967741936,4.59518599562363,4.76190476190476,5.00894454382826,5.36332179930796,5.87275693311582,6.57492354740061,7.07070707070707,7.29023383768913,6.87830687830688,6.36132315521628,5.8968058968059,6.30952380952381,7.40740740740741
Sweden,15.8716638273708,16.7718912983805,18.4533333333333,19.6539256198347,21.182021355848,22.8189550425273,23.9980916030534,25.8987701040681,25.2597552528284,24.5912653975364,24.5480919437626,25.4370629370629,26.9017094017094,27.7184160905091,28.4307692307692,29.4153104279686,30.4468169236853,31.1853153680922,31.2548262548263,31.2476154139641,31.7684766214178
Switzerland,15.1664611590629,15.8546017014695,16.8306010928962,17.410119840213,18.5759493670886,19.7230769230769,20.6960271019403,21.6762134458848,22.1995926680244,22.3209328151027,22.8781284004353,23.8884504077874,25.2829218106996,26.5877016129032,28.3493708364175,30.7543520309478,32.8113879003559,33.8310779281381,34.1699286207691,34.4161744661518,34.6274685816876
Syria,6.24263839811543,6.04026845637584,5.57768924302789,5.1659125188537,4.83922317733206,4.6430488459474,4.48933782267116,4.39888164026095,4.45466074825618,4.66979828681956,4.95170558748013,5.05018489170629,5.23292343595728,5.91063582856669,6.79230769230769,8.12580048384801,9.80053191489362,11.8387278532524,14.3374710459108,17.1861693067621,19.8260774447604
Tajikistan,6.97084917617237,7.19738276990185,7.6056338028169,8.13135261923378,8.31099195710456,7.68789443488239,7.16791979949875,7.13664055700609,7.19640179910045,6.51195012123312,5.84795321637427,5.48651106395878,5.47180346175321,6.0528992878942,7.26805328347745,8.90723441233978,10.221220811143,11.4603670441234,12.7016885553471,14.5840900835452,17.5441696113074
Tanzania,4.05922900178708,4.20769919427037,4.30212186100837,4.40632357887656,4.48365634943593,4.5533070088845,4.59356477561389,4.65221728484629,4.70002334448681,4.7993653731738,4.95959067387639,5.1530612244898,5.33356959333747,5.40187991559563,5.48258138206739,5.54547347752358,5.66749960125472,5.9615016280406,6.46612619270143,7.12353292222001,7.92811645281495
Thailand,5.61775873819492,5.43936582897622,5.50432067387989,5.57945265257777,5.73000971188087,5.90915563149651,6.12045945831391,6.60452126655848,7.86236468438071,9.16093353961618,10.3000094640209,11.0294776453723,12.4166402032391,14.7069561066023,17.5873050735779,20.7329899409401,23.7121635652104,26.0374266532748,27.4631906696923,28.470457433291,29.1954452118723
Timor-Leste,6.01851851851852,4.86725663716814,5.24193548387097,5.51470588235294,5.01672240802676,4.81927710843374,3.87323943661972,3.41614906832298,3.35195530726257,3.88349514563107,4.51127819548872,4.93827160493827,5.21739130434783,5.42521994134897,5.66037735849057,5.66448801742919,5.84851390220518,5.81196581196581,5.90943975441289,6.72676837725381,7.7602523659306
Togo,6.53789004457652,6.16438356164384,5.89711417816813,5.64516129032258,5.70902394106814,5.55555555555556,5.46099290780142,5.4341405788541,5.337361530715,5.35475234270415,5.43191248585439,5.68031704095112,6.01635514018692,6.41125879593432,6.9078947368421,7.48502994011976,8.19092516205068,9.05454545454546,10.27292761485,11.7441120305538,13.328313253012
Tonga,0,0,0,2.5,2.22222222222222,2.17391304347826,4.16666666666667,4.44444444444444,6.52173913043478,8.33333333333333,8.33333333333333,8,7.84313725490196,10,11.1111111111111,10.7142857142857,12.5,12.0689655172414,13.3333333333333,16.3934426229508,15.2542372881356
Trinidad and Tobago,6.58307210031348,6.38888888888889,6.38297872340426,6.40176600441501,7.31707317073171,7.8740157480315,8.48708487084871,8.61486486486486,8.89967637540453,9.3167701863354,9.95475113122172,10.7988165680473,12.1739130434783,13.8373751783167,16.7832167832168,20.249653259362,22.6388888888889,24.5441795231417,26.8847795163585,30.2325581395349,33.3333333333333
Tunisia,9.04465799886942,7.70811921891058,6.4145524174246,5.29333921482135,6.52006172839506,5.22361359570662,5.33751962323391,5.74744404531639,6.91947796109333,8.50293984622343,9.24818453652285,9.60244648318043,10.2171384257464,11.7386489479513,13.8040600176522,16.1597281223449,18.7314172447968,21.4493691362019,24.4419642857143,27.5453827940016,30.5153991200503
Turkey,7.17405445590558,7.1947140876091,6.91118302768788,7.01978302488832,7.07025327118549,7.01780489014532,6.95271453590193,6.8285759343952,7.18066909143289,7.89560403348052,8.41719204655674,8.97656934512874,9.80683506686478,10.9168004817342,12.4865626716992,14.5091125560949,16.8080593849417,19.5097366389294,22.1868520806718,24.6563220283174,26.4425815902987
Turkmenistan,9.54692556634304,8.67052023121387,8.24108241082411,8.21205821205821,8.36330935251798,7.97498045347928,7.29525120440468,7.25167580743449,7.42734122712594,7.22379603399434,7.62823323103902,6.97105584997962,7.08301599390708,8.01144492131617,9.87487318227934,12.0879120879121,13.8706654170572,15.7112526539278,17.654028436019,19.8837209302326,22.7560414269275
Uganda,4.99032882011605,4.62525320729237,4.45486518171161,4.51276965038433,4.50526315789474,4.54628446229688,4.57691097829506,4.58888440317588,4.61590296495957,4.66552641581148,4.44897959183674,4.3766116105652,4.27487252460572,4.16245706203273,3.93830423291885,3.7600480805349,3.82041731219303,4.22798958363812,4.84692537940451,5.68999190206259,6.71123345130423
Ukraine,12.6920005636714,12.6229072548499,12.9865222320191,14.7377685322239,16.9380981784501,19.4596008670304,19.512912957104,20.8913446508415,22.8694052728388,22.4928785333431,24.9523591737175,24.6921889227602,25.0735053903953,26.3922721545569,28.4120876745493,30.1997229793128,31.1535431246234,32.4408917994896,33.860237106698,35.8218253556225,37.5788622270154
United Arab Emirates,5.88235294117647,5.12820512820513,4.65116279069767,4.91803278688525,5.95238095238095,4.32098765432099,2.84810126582278,3.0241935483871,2.32919254658385,2.06561360874848,2.37642585551331,1.99081163859112,2.13040671400904,2.70114942528736,3.87231815803244,5.65217391304348,8.09843400447428,12.1576763485477,17.2026346377373,20.5978855267955,21.7526844475234
United Kingdom,17.3003072196621,18.4376534582405,19.4944649446494,20.3580617495712,21.597374943275,22.5924899542746,22.8901494189264,23.6178484191695,23.5180149558124,23.1854906299239,22.9720337580672,23.2286150547416,24.533511043412,25.1582671300894,26.1849851307884,27.9312188168211,29.4950613327118,30.2743614001892,30.4272876278754,30.8016171755193,31.383505835719
United States,13.0915904889722,13.9320681174887,14.3693550100946,14.8526996814594,15.7450199203187,16.7596512629162,17.7682066006939,18.5207828943614,18.6213056937364,18.2000899737335,17.9957198629809,18.5128034845792,19.9336023226753,21.828912071535,24.0726822075471,26.0341671751068,27.2058744360821,27.8772177324194,28.2913251418642,28.7413768830072,29.299784967498
Uruguay,12.2965641952984,12.4787775891341,12.6871552403467,13.2494448556625,13.9617292700213,15.5244755244755,16.0942760942761,17.1521035598705,18.3520599250936,19.3140794223827,19.7084548104956,20.4994192799071,21.0315186246418,21.8397291196388,22.8206551915602,24.0547945205479,25.1084598698482,26.4404954227248,28.0128548473487,28.9614561027837,30.1663982823403
Uzbekistan,8.63022113022113,8.53723404255319,8.84615384615385,9.48128443853316,9.78190104166667,9.11644893945779,8.22644301924026,8.02824551873982,7.71233008772776,7.3339683089445,7.44040452684806,6.96690343055766,7.11781958652264,8.15114709851552,10.0171941667197,12.20961970037,14.0370348735323,16.0093203000682,17.9728375820995,20.4369968785937,23.5227211179115
Vanuatu,0,0,0,2.7027027027027,2.63157894736842,4.25531914893617,3.7037037037037,3.2258064516129,5.47945205479452,4.76190476190476,4.3010752688172,4.67289719626168,4.91803278688525,5.22388059701493,7.23684210526316,8.33333333333333,8.88888888888889,11.1675126903553,11.4285714285714,12.8888888888889,15.1260504201681
Venezuela,3.54017501988862,4.18027433050294,4.43906376109766,4.71297744025017,5.09722484425146,5.30917183277698,5.48477940190425,5.75128324778348,6.23658112667416,6.72445255474452,7.21709006928406,7.99488567990373,9.16505391208184,10.6264411990776,12.2349982033776,14.1872811476336,16.0601180891036,17.7214539098247,19.6736758579647,21.7114773055796,23.820732511063
Vietnam,7.67609217125827,7.86055143160127,7.99100272286019,8.24144238306768,8.08905380333952,8.02931798418154,8.02055243786896,7.88364111782971,8.00725273439785,8.62690633263,8.91103912285074,9.74114122548331,10.0422034651266,11.4124222024641,13.8048434491843,16.7212411803688,19.7605694971582,22.5387932623199,24.740550232735,26.4386555826286,28.5444268112195
Virgin Islands (U.S.),0,0,0,0,3.2258064516129,4.44444444444444,5.66037735849057,5.66037735849057,9.25925925925926,12.280701754386,12.7272727272727,15.7894736842105,22.0338983050847,26.3157894736842,30.3571428571429,33.3333333333333,35.1851851851852,37.2549019607843,36.9565217391304,39.5348837209302,37.5
West Bank and Gaza,6.83229813664596,6.58682634730539,5.893536121673,5.51724137931034,5.2434456928839,5.21172638436482,5.0561797752809,5.42099192618224,5.42340627973359,6.37140637140637,5.61652679147837,5.24041058887088,4.98384863867097,5.04605526631958,5.54385964912281,6.2208398133748,6.98580573337044,7.9536873898817,8.87096774193548,9.90646258503401,11.4014251781473
Western Sahara,0,0,0,0,0,0,4.34782608695652,3.52941176470588,2.88461538461538,4,4.02684563758389,3.41463414634146,3.98406374501992,4.39189189189189,6.4327485380117,8.13008130081301,10.6598984771574,14.1486810551559,16.9373549883991,20,22.4137931034483
"Yemen, Rep.",6.69162377164249,5.76430401366354,5.18375241779497,4.70055710306407,4.41590980269339,4.1958041958042,3.95238095238095,3.74257425742574,3.53692484034714,4.10564853556485,3.96878483835006,4.01540683678382,4.16006669445602,4.46655530539618,4.89501563596911,5.40847630951028,5.90585463299698,6.52722009524699,7.5162135463643,8.98361178675386,10.8585103200718
Zambia,4.58793542905692,4.42278860569715,4.44444444444444,4.66030320044919,4.66122056703508,4.74452554744526,4.71925594212883,4.72279260780288,4.77626948215184,4.80454247652326,4.88314649439483,5.02205632846963,5.17994277970185,5.25824102495663,5.22017045454545,5.05576208178439,4.88602481485044,4.86605182257356,5.17770597738287,5.62285030656498,6.32356013649976
Zimbabwe,5.88662790697674,5.84940883634101,5.79787234042553,5.5079006772009,5.32159264931087,5.07597801487229,5.02732240437158,4.79405806887238,4.81080053242061,5.00843170320405,5.40710468406162,6.08181676777104,6.51041666666667,7.0442181615288,7.13561470215463,6.83538315988647,6.21802002224694,5.94987363100253,6.88311688311688,9.2109011489887,12.1931334359996