Female 10-14 years (%),1950,1955,1960,1965,1970,1975,1980,1985,1990,1995,2000,2005,2010,2015,2020,2025,2030,2035,2040,2045,2050
Afghanistan,11.648016276704,11.8727915194346,12.2841105354059,11.724407907614,11.8679775280899,12.0555208983157,12.2540250447227,12.3605005072709,12.388503468781,12.5258323765786,12.6604021420633,12.9179717260645,13.0859096737427,12.8852558280351,12.4273369992145,12.3928472670292,12.3562865676527,12.1765936364637,11.7735071153079,11.2032816773017,10.6129303106633
Albania,11.9601328903654,10.9649122807018,10.3879849812265,11.3268608414239,12.6773888363292,12.6262626262626,11.1455108359133,10.6071179344034,10.1684341859014,10.032154340836,10.3046014257939,9.67536600891152,8.58742999377722,6.34824667472793,6.23896409652737,6.52801848642403,6.64375715922108,6.25,5.53952683208309,5.06697728596389,5.08274231678487
Algeria,11.7070895522388,11.5312304157092,11.668219944082,11.8678354686446,12.4110446911472,12.7279448003943,12.7614169867691,12.5045504186385,12.722200079713,13.137226902756,12.2072250893212,10.7792527040315,8.3228822255159,8.10667514977997,8.29275563947133,8.25882352941176,7.84172337644779,7.07945348533635,6.33184083805018,5.90705141398757,5.80259866031797
Angola,11.1216280170374,11.0004330879168,10.806577916993,11.7248752672844,12.0038722168441,12.2872800692241,12.249498997996,12.0962634578847,12.3637035668084,12.5137556987895,12.8003314001657,12.9139465875371,12.5233644859813,12.7375215928721,12.0695204377213,12.0517427236795,11.8024499319463,11.3557221271321,10.7692307692308,10.1887548190057,9.69996272828923
Argentina,9.34534534534534,9.1583360206385,9.32759126945287,9.40901322299182,9.21950407721751,8.82083396975714,8.46839261909774,8.82659713168188,9.80937972768532,8.96660828295384,8.739102700404,8.54233166134671,8.08032050972631,7.52122554448136,7.39230632866513,7.1651623390512,6.8407289029098,6.4820438074416,6.1319073083779,5.81372739646121,5.72206040165568
Armenia,13.7640449438202,7.23926380368098,8.47983453981386,10.6796116504854,12.6651126651127,12.232204561161,9.44584382871536,8.73900293255132,8.60745614035088,9.38053097345133,9.87730061349693,8.01223241590214,5.39721043056398,5.67502986857826,6.09828300769686,6.34262003556609,5.941770647653,5.27894421115777,4.99087035909921,5.00308832612724,5.18659076533839
Aruba,11.1111111111111,14.2857142857143,12.5,11.5384615384615,13.7931034482759,10.3448275862069,9.67741935483871,6.06060606060606,6.06060606060606,7.69230769230769,6.52173913043478,7.69230769230769,7.14285714285714,5.26315789473684,5.35714285714286,5.26315789473684,5.08474576271186,5.35714285714286,5.26315789473684,5.17241379310345,5.35714285714286
Australia,7.06921944035346,7.96304443466784,9.40389533739917,9.25310477523176,9.32847640164713,9.06277630415561,8.45568243610658,8.32491157150076,7.04619692020532,6.92873613703744,6.74878376979609,6.64523043944266,6.17603550295858,5.8611282231805,5.8848255569567,5.79278117950371,5.70631105597767,5.63179602549681,5.5191495558468,5.41843971631206,5.38743854303719
Austria,6.64514393327953,7.31576116191501,6.54081361340069,6.15464184122058,7.11572550012661,7.95596697523142,7.58412857860372,6.16973054646185,5.37903427570678,5.72193815437059,5.56631171345595,5.62514771921532,4.96156533892383,4.69581309275966,4.48275862068966,4.43732845379689,4.51539338654504,4.55892409391384,4.52571428571429,4.45464982778416,4.45933456561922
Azerbaijan,13.5770234986945,7.13877784123358,7.4384236453202,9.63244613434728,12.9226145755071,13.6535162950257,11.6102499209111,9.72830850131464,9.39706681151548,10.0025131942699,10.9937590014402,10.0069172238875,7.23366944322666,6.38031693077565,7.23012217103946,7.40019474196689,6.86030957385821,6.01319509896324,5.46947918611163,5.43053747442812,5.62196488606649
Bahamas,9.52380952380952,10.6382978723404,10.7142857142857,11.1111111111111,11.7647058823529,12.6315789473684,12.2641509433962,11.7647058823529,10.077519379845,9.79020979020979,9.03225806451613,9.09090909090909,8.47457627118644,7.4468085106383,7.03517587939698,6.69856459330144,6.51162790697674,6.2780269058296,5.65217391304348,5.50847457627119,5.43933054393305
Bahrain,11.1111111111111,11.2903225806452,12.3287671232877,11.340206185567,13.7254901960784,13.8211382113821,12.4137931034483,10.7142857142857,10.7843137254902,10.7438016528926,9.71223021582734,10.6451612903226,9.82658959537572,9.23482849604222,8.23244552058112,7.62331838565022,6.90376569037657,6.49606299212598,6.36704119850187,6.07142857142857,5.84192439862543
Bangladesh,11.2773017681145,11.6986967086371,11.3394783290841,12.341323371727,12.3454177123333,12.4278063635409,12.5210850239344,12.8135755067937,13.1364454324124,12.9647555421553,12.006275909719,11.022091778051,10.4144370225486,9.65728853052797,8.52485418298947,8.08169596690796,7.72058823529412,7.29327268374432,6.79745502985589,6.31584703437716,6.00633473606762
Barbados,9.64912280701754,9.16666666666667,10.7692307692308,11.1111111111111,11.8110236220472,11.71875,10,9.9236641221374,7.46268656716418,7.5187969924812,7.75193798449612,6.81818181818182,6.01503759398496,5.3030303030303,5.22388059701493,5.22388059701493,5.26315789473684,4.58015267175572,4.65116279069767,4.7244094488189,4.91803278688525
Belarus,9.71547536433032,6.2962962962963,6.67853962600178,8.05555555555556,9.59688970738694,8.69392616117507,6.97584541062802,6.68915120854413,6.7327095945698,7.34214390602056,7.33258511036289,5.64885496183206,4.46306762814266,4.40765855604308,4.7239263803681,4.71281296023564,4.47437011294526,4.18730301665916,3.91009131350972,3.88848129126926,4.10151243270956
Belgium,6.47005029721079,5.94894561598224,7.39708404802744,7.25270157938487,7.61090761090761,7.83843231353729,7.08316752884998,6.42984719190316,5.84415584415584,5.72148952676493,5.64733000384172,5.73308270676692,5.40590067802822,5.22522522522522,5.39293950682987,5.32679165936569,5.33888022187554,5.26134800550206,5.15974713821972,5.08849557522124,5.11122431652233
Belize,11.7647058823529,10.2564102564103,10.6382978723404,12.962962962963,14.2857142857143,13.4328358208955,14.2857142857143,13.9240506329114,11.9565217391304,12.962962962963,12.0967741935484,12.0567375886525,11.5384615384615,10.4046242774566,9.62566844919786,9.04522613065326,8.41121495327103,8.03571428571429,7.17299578059072,6.5843621399177,6.32411067193676
Benin,9.7716894977169,10.8753315649867,10.5921601334445,10.0537221795856,10.5628908964559,11.2282878411911,11.6621253405995,11.8009478672986,12.1212121212121,12.1001390820584,12.1929298981426,12.2668029644774,12.1325142606406,12.0296465222349,12.1468926553672,11.9593998234775,11.4368344945445,10.8329378262933,10.2569639386742,9.75319655069878,9.28204186558942
Bhutan,12.5,11.4583333333333,11.1111111111111,11.0236220472441,10.958904109589,11.1111111111111,11.219512195122,11.6883116883117,12.2676579925651,12.8,13.6690647482014,12.6623376623377,10.4790419161677,9.66850828729282,8.71794871794872,8.69565217391304,8.29493087557604,7.52212389380531,6.77966101694915,6.37860082304527,6.187624750499
Bolivia,11.4705882352941,11.1037673496365,11.7021276595745,11.8733509234828,11.9549929676512,11.8377483443709,11.9749447310243,12.2969837587007,11.7157300029735,11.4680116803823,11.5311004784689,11.7212936835251,11.0779634049324,10.7044325915027,10.0549073438572,9.4360962998869,8.81226053639847,8.22701275846898,7.66949152542373,7.13894217593861,6.65864420377056
Bosnia and Herzegovina,12.4002900652647,8.96506262359921,10.5846153846154,11.3294797687861,11.3861386138614,10.6036745406824,9.4159113796576,8.08225729316117,7.88990825688073,7.64294049008168,7.47907949790795,5.60081466395112,5.43311122501281,4.49612403100775,4.29544264012572,4.26894343649947,4.21455938697318,4.06779661016949,3.87551379917792,3.73545621555419,3.73470701867354
Botswana,12.2065727699531,11.25,10.2941176470588,12.8205128205128,13.0555555555556,12.5890736342043,12.375249500998,12.5211505922166,13.0813953488372,13.154533844189,12.4280782508631,11.7009750812568,10.7505070993915,9.94263862332696,10.200364298725,10.0087032201915,9.73154362416107,9.26829268292683,8.68192580899763,8.34609494640122,8.0920564216778
Brazil,11.7839547025517,10.9822927555513,11.6163692678782,12.1509040992142,12.4006656958602,12.7164642026363,11.6083296411165,10.9552164562333,11.0700714798182,11.0184969539476,9.77237895214849,8.65466191566981,8.56555435735666,8.16975099312082,6.9624470870916,6.16383771949912,5.73293127503488,5.33136468348914,5.02241518042673,4.86322725385764,4.70662370973898
Brunei,8.69565217391304,9.67741935483871,7.5,12.5,12.6984126984127,11.5384615384615,12.2222222222222,11.214953271028,9.91735537190083,10.0719424460432,9.43396226415094,9.03954802259887,8.62944162436548,7.51173708920188,6.89655172413793,6.34920634920635,6.31970260223048,5.94405594405594,5.94059405940594,5.71428571428572,5.4380664652568
Bulgaria,8.18858560794045,7.73936170212766,8.75634517766497,8.18514007308161,7.60715967969854,6.8452380952381,6.81358219024061,7.0572569906791,7.09013643480206,6.33208255159475,6.11300535801266,4.92091388400703,4.07952491608572,4.25192665426521,4.723976929415,4.79178551055334,4.58606313281715,4.29772656493304,4.10691003911343,4.23497267759563,4.5177482968806
Burkina Faso,11.6950025759918,11.9771863117871,11.2847222222222,11.2564407451447,11.8152524167562,12.1730707135938,12.39907727797,12.5319693094629,12.645478961504,12.7340093603744,12.6631632480081,12.4818788054509,12.1104294478528,12.1129134190015,13.4751122926024,12.8857650670545,12.1281793361115,11.424523441525,10.9104677579076,10.4982964224872,10.0014736945522
Burundi,11.2324492979719,11.2223016440314,11.1984282907662,12.5299760191847,12.3422929237521,12.6107347576863,12.3191787214186,11.4512922465209,11.3285272914521,12.7686472819216,14.1014101410141,12.9006622516556,11.3364055299539,10.6000418147606,10.7483772432226,10.9110169491525,10.5202312138728,9.67992541951523,8.85500659727313,8.34722222222222,8.15354070152217
Cambodia,11.816091954023,11.7768595041322,11.7776959882223,11.7340286831812,11.8869013271783,12.3237450648618,12.6173384870237,10.6209150326797,9.08195429472025,13.4384002711405,12.9370629370629,12.8778293265851,10.78125,9.04165663375873,8.95589056393076,9.13652519339327,9.04418305821884,8.4236313954584,7.64928738950027,7.12675567886249,6.90175056537398
Cameroon,10.9793588054458,10.9506618531889,10.9534206695779,11.1908646003263,11.1528459982664,11.4538558786346,11.7300131061599,12.037037037037,12.3334416639584,12.7301047861796,12.6962200175813,12.3978049053645,11.6143902194609,11.8449584387423,12.0286514078709,11.5740039387972,10.8384744812114,10.1715926143407,9.70026249923692,9.34176487496407,8.95961632786528
Canada,8.1855791962175,8.66314296764213,9.64564700554738,10.2126354528726,10.5784359093012,9.93858662745437,7.79980500487488,6.90079151617613,6.54399656332784,6.56889910116916,6.4476571576094,6.37684713961616,5.52470038000585,5.09082753980713,5.03903095558546,5.11743661533676,5.25392289567353,5.29878731797594,5.21313500926674,5.11675504698111,5.11311804415253
Cape Verde,12.6582278481013,10.752688172043,7.69230769230769,11.5702479338843,14.4927536231884,14.0939597315436,14.2857142857143,11.6959064327485,12.6984126984127,13.4615384615385,13.4199134199134,12.8,11.6104868913858,10.5263157894737,9.60264900662252,9.11949685534591,8.73493975903614,8.13953488372093,7.64872521246459,6.96378830083565,6.59340659340659
Central African Rep.,10.2526002971768,10.296191819464,10.0917431192661,10.4886769964243,10.9677419354839,11.3060428849903,11.525129982669,11.4778694673668,11.7370892018779,12.0141342756184,12.0545073375262,11.8603538976566,12.0802442215438,11.9104716227018,11.4190687361419,11.0652920962199,10.6430868167203,10.1997578692494,9.80223559759243,9.32642487046632,8.86339937434828
Chad,10.4707792207792,10.3752759381898,10.2189781021898,11.540749553837,11.5384615384615,11.4746325272641,11.4957264957265,11.8669690098262,12.3056994818653,12.4756876910253,12.4852489969318,12.4653190646056,12.5820947113723,12.7314112291351,12.5601926163724,12.3864574731627,12.1590432228284,11.8295786596286,11.3418803418803,10.7421875,10.1517003379107
Channel Islands,5.76923076923077,7.14285714285714,6.77966101694915,6.45161290322581,6.25,7.57575757575758,6.06060606060606,5.63380281690141,5.4054054054054,5.47945205479452,5.4054054054054,5.1948051948052,5.26315789473684,5.12820512820513,3.84615384615385,3.8961038961039,3.94736842105263,3.94736842105263,4.05405405405405,4,4
Chile,10,10.7174231332357,10.6311433005691,10.9232175502742,12.0437203547123,12.3650823707631,11.0130603600424,10.0081499592502,8.60053940665268,8.92366831411312,9.22741273100616,8.87674559805707,7.53780445573127,6.70563582221242,6.49639677829589,6.33961491192134,6.11188532749353,5.91502631066069,5.6723293982148,5.45523664702528,5.33585619678335
China,9.23898307026622,8.91791573987914,10.0898301169785,12.6148030413678,10.5187628243054,11.6729952083898,13.0027150767729,11.5464054900393,8.40874190823637,8.46299927012165,9.62727378378246,7.81343249322866,6.6270128849201,5.81483346393233,5.72809034126308,5.94944882879691,5.83748970650974,5.35117104188691,4.99206031321283,4.91538249862411,5.03544344332688
Colombia,11.1498257839721,11.2215499855949,12.2822299651568,12.9776728209532,12.9505135387488,13.3216986620128,12.9777777777778,11.4035669296559,11.2632271178334,10.7410220245199,10.2491562437959,9.86399230663553,9.16900569873267,8.5941855834329,8.21995038713072,7.72337383845604,7.31799191836176,6.936358825086,6.5829307568438,6.26381259076845,5.95941992904712
Comoros,11.3924050632911,10.3448275862069,9.27835051546392,12.1495327102804,12.6050420168067,12.5925925925926,12.1951219512195,12.4352331606218,13.1818181818182,14.344262295082,12.2743682310469,11.1475409836066,10.7558139534884,11.0526315789474,11.4285714285714,10.8407079646018,9.65092402464066,9.03846153846154,8.64864864864865,8.3617747440273,8.13008130081301
"Congo, Dem. Rep.",11.550339715874,11.7334823299343,11.7039800995025,11.4804623004953,11.5865889769797,11.7216726244908,11.8570811122317,11.9314271413377,12.0528109028961,12.3670095841027,12.7645502645503,12.9173930535068,12.97904060335,12.9972319048595,12.4909403877514,12.2671090162442,11.9617662109803,11.4313368823323,10.7649945390496,10.0951291037837,9.50373840557338
"Congo, Rep.",11.1922141119221,11.0619469026549,11.1545988258317,11.1301369863014,11.4413075780089,11.9078104993598,12.157721796276,12.406015037594,12.6221498371336,12.5538020086083,12.5984251968504,12.2663551401869,11.7553191489362,11.7424242424242,11.2813963388676,10.7577542206517,10.343567251462,9.8186794389326,9.25507900677201,8.8046468969734,8.40140023337223
Costa Rica,10.3594080338266,10.4693140794224,11.1450381679389,12.6126126126126,13.2369299221357,13.946587537092,12.3050259965338,10.3474320241692,10.4566512243547,10.7142857142857,10.8695652173913,9.76984499765148,8.7089715536105,7.9410560785919,7.06563706563706,7.03296703296703,6.58724597056762,6.30904183535762,5.99214145383104,5.75079872204473,5.58869701726845
Cote d'Ivoire,11.9838056680162,11.5384615384615,10.762862211709,11.0841030627127,11.3214990138067,11.5396676074004,11.7690782953419,12.2932855150428,13.0420445177246,12.9032258064516,12.5029825817227,12.4228887470751,12.1649679124198,12.092789548614,11.6892854465022,11.2594902386117,10.672351996045,10.0868972567729,9.56562894404712,9.0918011873804,8.62609497464269
Croatia,8.33333333333333,6.98795180722892,8.66477272727273,8.46511627906977,7.7030162412993,6.99046754425783,6.60168365086398,6.41803989592368,6.60094299185598,6.45161290322581,5.82191780821918,5.47112462006079,5.12259194395797,4.47100486941124,4.57399103139013,4.7380410022779,4.68895078922934,4.59933617828355,4.45952496364518,4.42126179831098,4.53850076491586
Cuba,11.3517289556409,10.915382195659,10.4238258877434,10.7581967213115,9.71055088702148,12.5537403267412,12.0189339370241,10.5231629392971,6.85790273556231,6.94035346097202,7.49638728323699,6.81247759053424,6.13925183461607,5.55456331487766,4.89985693848355,4.69786623632777,4.58084374434184,4.42233278054174,4.21629797693326,4.02422348114866,3.91357521402364
Cyprus,10,9.29368029739777,11.4186851211073,10.7023411371237,10.7491856677524,9.41558441558442,7.51633986928105,7.69230769230769,7.91788856304985,8.15217391304348,7.5187969924812,7.22610722610723,5.98669623059867,5.05263157894737,5.03018108651911,5.23255813953488,5.22388059701493,5.23465703971119,5.1056338028169,4.7945205479452,4.86577181208054
Czech Rep.,5.99389712292938,7.41516547968161,8.78942014242116,8.21671331467413,6.88291139240506,6.45161290322581,6.33842671194114,7.76625824693685,8.01433151046578,6.37134778510839,6.03694534374405,5.51301684532925,4.09820585457979,4.30953719317969,5.01584933805706,5.14829322887521,4.92970946579194,4.63050463050463,4.39916206436869,4.43934175277459,4.76923076923077
Denmark,7.19591457753018,8.4041126508717,8.83882149046794,7.54795663052544,7.2522159548751,7.51173708920188,7.32459521973786,6.85670261941448,5.94325153374233,5.02645502645503,5.48554484803558,6.24315443592552,6.04415490408976,5.75953923686105,5.54165176975331,5.19018841094916,5.19618239660657,5.37292329445034,5.52995391705069,5.45843738851231,5.35008976660682
Djibouti,12.9032258064516,14.2857142857143,13.953488372093,12.0689655172414,12.3456790123457,12.3893805309735,12.8654970760234,12.4378109452736,12.2302158273381,12.1405750798722,12.5340599455041,12.3762376237624,11.3378684807256,10.7142857142857,10.0970873786408,9.72972972972973,9.41176470588235,9.16271721958926,8.66965620328849,8.13124108416548,7.7445652173913
Dominican Rep.,12.9411764705882,12.6618705035971,12.3404255319149,12.9696345856922,13.7046861184792,13.8835325877362,13.4450906602805,12.5609756097561,11.7808219178082,11.5031055900621,11.1592879963487,10.7406625870437,9.91946572382636,9.57564575645756,9.15923789547282,8.6057371581054,8.07821766308703,7.60633343682086,7.20448009686696,6.85196195005945,6.51279035577771
Ecuador,10.8313817330211,10.6921487603306,10.9508787742226,12.3538581449727,12.2689075630252,12.3654349723596,12.3989898989899,12.215595316987,12.0649198279233,11.6279069767442,11.0585548850106,10.4851089960086,10.2064553649317,9.44353070175438,8.62337662337662,8.06551681350043,7.66384147069356,7.25358630263767,6.84823143858063,6.46738526502945,6.13389029350335
Egypt,10.455764075067,9.74392538656631,12.0181242807825,12.1248651735296,12.5098569336488,12.3594936708861,12.0884077582318,11.5672973937879,11.992337164751,12.4408554665321,12.87174187622,10.3934049879996,9.84832249922614,9.63343910712332,9.53019861356752,9.17740828312104,8.47472891674772,7.81421139101862,7.39231474207908,7.13700012615113,6.87199436395381
El Salvador,12.0179372197309,11.336032388664,11.3879003558719,12.2249388753056,12.779552715655,12.8444652031761,12.4947235120304,12.8125,12.1710526315789,11.1675126903553,10.8702685215141,11.4501415539478,10.924626182484,8.69180907483795,8.07365439093484,7.92831930491447,7.6742364917776,7.43738932456362,6.81313255986176,6.32114313393073,5.9469787437306
Equatorial Guinea,9.56521739130435,10.0840336134454,10,10.948905109489,10.8108108108108,13.1147540983607,15.7894736842105,10,7.7319587628866,9.95670995670996,12.2676579925651,12.4590163934426,11.7142857142857,11.3924050632911,11.3378684807256,11.6326530612245,11.5671641791045,10.9777015437393,10.4430379746835,10.0147275405007,9.64187327823692
Eritrea,11.9584055459272,12.1069182389937,12.1338912133891,11.6421568627451,11.922663802363,12.0075046904315,10.8452950558214,13.296011196641,14.3034825870647,13.6058572300183,13.3297644539615,11.8807540552389,11.1194873727855,11.7724432752384,12.1979964643488,11.6497054097483,10.6362073200688,9.66719492868463,9.07186256023465,8.82065323684725,8.64038319823139
Estonia,8.10810810810811,6.72782874617737,6.01173020527859,6.68523676880223,6.765899864682,6.49350649350649,6.20253164556962,6.61764705882353,6.5947242206235,6.73575129533679,7.20108695652174,5.09641873278237,4.16088765603329,4.44444444444444,5.31468531468532,5.82386363636364,5.78034682080925,5.31757754800591,4.66867469879518,4.58015267175572,4.96894409937888
Ethiopia,11.6294067067928,11.868711536583,12.043956043956,11.6845710727075,11.6119750633692,11.9896422979646,12.144138085631,12.0703823657369,11.8263657664324,11.9631901840491,12.518199466149,13.0027166675545,12.6721634029795,12.1714474936877,12.0542635658915,11.675456254471,11.1883978905256,10.6026381103768,9.96647205789072,9.33920064006983,8.79694855846878
Fiji,13.0434782608696,13.3333333333333,13.0890052356021,13.2743362831858,14.0625,13.3333333333333,12.1405750798722,10.8262108262108,11.8980169971671,11.6710875331565,10.379746835443,10.5134474327628,10.4513064133017,9.76744186046512,8.94495412844037,8.52017937219731,7.91208791208791,7.60869565217391,7.45614035087719,7.04845814977974,6.6815144766147
Finland,7.69230769230769,7.98548094373866,10.4965156794425,9.10631088521813,8.27731092436975,7.76180698151951,6.97485806974858,5.85674713098536,6.19158878504673,6.14503816793893,5.85347432024169,6.05607476635514,5.39449541284404,5.16805204192266,5.26127415891195,5.32859680284192,5.34513274336283,5.28181495923431,5.16565728535803,5.06101938262742,5.0559768869628
France,6.44968234969156,5.9790599242593,8.46405645538409,8.04841028918358,7.85392696348174,7.87460069831365,7.47203417441987,7.25321133204294,6.25342465753425,6.36458088949962,6.16557662602294,5.74789594491201,5.6567414682663,5.9247055952163,5.84661654135338,5.53209208256499,5.38302887448438,5.26654196866963,5.24006045105789,5.31414979404769,5.36668991166899
French Guiana,8.33333333333333,7.14285714285714,12.5,10.5263157894737,13.6363636363636,11.1111111111111,12.1212121212121,11.6279069767442,10.9090909090909,10.4477611940299,10,10.8910891089109,10.4347826086957,9.9236641221374,8.96551724137931,8.53658536585366,8.42696629213483,8.2051282051282,7.76699029126214,7.30593607305936,6.89655172413793
French Polynesia,10.3448275862069,12.5,12.8205128205128,13.0434782608696,13.4615384615385,14.5161290322581,13.8888888888889,12.1951219512195,10.752688172043,11.6504854368932,12.280701754386,8.87096774193548,9.09090909090909,7.69230769230769,7.48299319727891,7.69230769230769,6.83229813664596,6.54761904761905,6.3953488372093,5.74712643678161,5.68181818181818
Gabon,8.71369294605809,8.60655737704918,8.46774193548387,9.33852140077821,9.19117647058824,9.47712418300654,9.79827089337176,10.5,11.134903640257,11.7216117216117,12.0385232744783,12.5181950509461,11.436170212766,10.6356968215159,10.0451467268623,9.76890756302521,9.45812807881774,8.95522388059701,8.51818988464951,8.05767599660729,7.68601798855274
Gambia,11.1111111111111,11.9718309859155,10.9756097560976,9.52380952380952,10.0917431192661,10.3448275862069,10.9324758842444,11.260053619303,11.4790286975717,11.2727272727273,11.4329268292683,11.864406779661,12.2448979591837,12.0879120879121,11.7857142857143,11.3782051282051,10.9341057204924,10.4635761589404,9.97566909975669,9.47012401352875,9.00473933649289
Georgia,10.7368421052632,7.22950024260068,6.8794964028777,8.3088543852287,9.61538461538462,9.527468305801,8.02377414561664,7.70333213901827,7.40223463687151,7.51597143930853,8,7.38853503184713,4.96200268216361,4.70914127423823,5.40284360189574,5.35279805352798,5.2052052052052,4.86039296794209,4.6186895810956,4.6927374301676,4.91228070175439
Germany,8.24499091722474,6.82046935424061,5.6997612262189,6.33068829133604,6.73473347237716,7.69472589654922,7.23825307077403,5.23297314593743,4.84412236758912,5.22498449205516,5.48691946963746,4.88754838862897,4.61221951102818,4.31251208663701,4.02691131498471,3.96663853447848,4.07565465518548,4.10665979647044,4.06544764715182,4.01328760093985,4.01286779999445
Ghana,12.012987012987,12.1815008726003,12.3735871505057,11.4969135802469,11.8992606284658,12.3182552504039,12.6007326007326,12.6436781609195,12.5523577894879,12.406103286385,12.2523083307397,11.9530021278564,11.4416666666667,11.0709444193403,10.9144542772861,10.7041721729281,10.266844950875,9.82065687121867,9.34362544775743,8.99014778325123,8.70810399606211
Greece,9.84789894302655,7.65268579838116,8.39784189537884,7.89893011609378,7.71282507223828,7.47400346620451,7.67820773930754,6.87673404676972,7.04444013196196,6.21991854868567,5.24602026049204,4.74230493915533,4.54222853087296,4.47419411661089,4.6622097114708,4.47655974621079,4.28394406089573,4.13031867544953,4.12112524637162,4.22154068194119,4.374772147284
Grenada,11.6279069767442,11.1111111111111,12.2448979591837,11.7647058823529,17.0212765957447,14.8936170212766,13.0434782608696,11.7647058823529,10.2040816326531,12,13.7254901960784,11.7647058823529,9.80392156862745,7.54716981132076,9.09090909090909,9.09090909090909,7.40740740740741,7.54716981132076,5.76923076923077,6.25,6.25
Guadeloupe,10.0917431192661,10,12.1428571428571,12.3376623376623,12.8048780487805,13.6094674556213,12.6506024096386,10.5555555555556,8.2051282051282,8.21256038647343,8.1447963800905,7.6271186440678,6.9672131147541,6.77290836653386,6.640625,6.25,5.74712643678161,5.74712643678161,5.38461538461538,5.4054054054054,5.09803921568627
Guam,10.5263157894737,13.6363636363636,14.2857142857143,12.5,13.1578947368421,11.3636363636364,12.2448979591837,10.5263157894737,9.67741935483871,8.69565217391304,9.33333333333333,9.75609756097561,9.19540229885057,8.51063829787234,7.92079207920792,7.47663551401869,7.27272727272727,6.95652173913044,6.77966101694915,6.66666666666667,5.73770491803279
Guatemala,11.7458279845956,11.4653243847875,12.5305922662751,12.7031650983747,12.2525214792678,12.3287671232877,12.4314969714451,12.6749809111733,12.989364109527,12.9224652087475,12.410292315771,12.4135811952681,12.1031207598372,11.8291215403129,11.3307409807734,10.7819091533405,10.1595600829352,9.47156854534796,8.78516423070878,8.1137412535358,7.48221906116643
Guinea,10.5864432597106,11.6538729937195,11.0898661567878,11.3807047949162,11.4404576183047,11.5690168818272,11.5017361111111,11.6590214067278,11.9055428009183,12.1457489878543,12.3254694270583,12.289156626506,12.0939334637965,12.0327700972862,12.0720720720721,11.8047218887555,11.3358870002394,10.7440701830391,10.1689890305366,9.64370114524632,9.16062700151694
Guinea-Bissau,10.188679245283,10.4895104895105,10.5610561056106,13.5313531353135,10.8196721311475,10.5113636363636,8.76777251184834,14.0086206896552,12.0388349514563,11.0169491525424,11.0942249240122,11.5902964959569,11.8990384615385,11.9914346895075,12.0307988450433,11.8512110726644,11.5896632732968,11.277658815132,10.8567691301504,10.4154124021674,9.99441652707984
Guyana,10.5504587155963,10.8433734939759,12.4137931034483,13.312693498452,14.2857142857143,13.941018766756,13.2315521628499,12.7551020408163,11.9480519480519,11.340206185567,9.27835051546392,9.91957104557641,10.840108401084,9.75609756097561,8.19672131147541,7.56302521008403,7.47126436781609,7.66961651917404,7.43034055727554,6.66666666666667,6.09318996415771
Haiti,11.5081768625076,11.2597547380156,10.5583756345178,11.5154306771073,11.7843710823234,12.2222222222222,11.7647058823529,11.0768281394631,11.6944444444444,12.9462041226747,12.3628884826325,11.7968094038623,11.3332039588589,10.6260147934332,10.1789331532748,9.76847446875991,9.36374549819928,8.92347230154198,8.41428375974826,7.91831357048748,7.46554364471669
Honduras,11.2010796221323,11.0328638497653,11.4803625377644,12.5856164383562,12.780269058296,13.0744336569579,13.1637168141593,12.7609108159393,12.9402129402129,12.9437074220151,12.7325208466966,12.5651418645049,11.6797900262467,10.7185485796133,10.1709776413854,9.6052096052096,8.99541634835752,8.31070070613797,7.65500519570488,7.03450575095849,6.42868680342432
"Hong Kong, China",7.80437044745057,5.532617671346,10.8957219251337,11.6968698517298,12.5451729478575,12.1155638397018,9.24543946932007,7.91666666666667,7.29428674092706,6.71785028790787,5.68775391758561,5.95768374164811,4.61993016384636,2.86664960327617,3.3578431372549,3.8933459178858,3.84351407000686,3.73100983020554,3.48837209302326,3.33477695972282,3.41641598624839
Hungary,7.54794803052176,7.44094488188976,7.64466808592994,8.57959961868446,7.26624108148704,5.75539568345324,6.23188405797102,6.97971861867349,7.55522554297383,6.00667408231368,5.73617339312407,5.47996976568405,4.63740458015267,4.51301832208293,4.7265625,4.73361061596356,4.64695232347616,4.5706087312974,4.48945500104406,4.44302721088435,4.55821991790884
Iceland,8.33333333333333,8.97435897435898,10.3448275862069,10.5263157894737,10.8910891089109,10.377358490566,9.00900900900901,8.33333333333333,8.06451612903226,7.63358778625954,7.19424460431655,7.38255033557047,6.91823899371069,6.58682634730539,6.81818181818182,6.55737704918033,6.38297872340426,5.72916666666667,5.69948186528497,5.15463917525773,5.10204081632653
India,11.3699427139277,10.5206790708638,10.5917407700545,12.1060265276522,12.0005138920902,11.7789730058859,11.4985893610423,11.3373593753361,11.3967667548022,11.2218493775336,10.9767658621885,10.691791619313,10.0349756328478,9.49477004629534,8.84869357703624,8.34441632603819,7.80023268603138,7.23260244534417,6.65000868147348,6.20578148844099,6.05845103987774
Indonesia,12.2890946502058,11.646110056926,10.6137833554632,10.9922608645555,11.830624465355,11.9796273140382,12.0831623580905,11.9024390243902,11.4893953603996,11.0083585274764,10.0182255879458,9.21994220443586,8.6333776995406,8.39610463881309,7.84827402288753,7.19447324016132,6.54924209106635,6.27774843323959,6.14221046813453,6.00319120277952,5.80913147957432
Iran,10.3025936599424,10.6462259129139,11.9561140285071,12.3229345779088,12.1925285319345,12.3343964671246,12.3152196543827,11.4934238438693,13.0588064258196,14.444589820751,12.2595568541514,10.2797545305252,6.99545011374716,7.29440600505528,7.776542254883,7.60048212878402,7.00504201680672,6.04162588895413,5.58382091070974,5.59530742990265,5.69545969319469
Iraq,10.6457242582897,10.2958937198068,9.59161740999463,14.007508212107,11.5254237288136,11.9415661627314,13.3071553228621,13.202069923009,13.2292247629671,12.5275567909518,12.0693887570575,12.0028663561448,12.5401722586451,11.7002654017731,11.0489157841654,10.271546635183,9.76479860621396,9.38468010248958,8.9621298405467,8.43409713407709,7.91078254825767
Ireland,8.8477366255144,9.47441217150761,10,9.72708187543737,9.85723997280761,9.82367758186398,9.82248520710059,9.64812712826334,9.55631399317406,8.9157952669235,7.42677824267782,6.39618138424821,6.07252075141983,6.48338120640131,6.78098207326578,6.53472740851382,5.89503953989935,5.34722222222222,5.13422818791946,5.23747560182173,5.4002541296061
Israel,8.70279146141215,8.23665893271462,10.6936416184971,11.3564668769716,10.0834492350487,9.30787589498807,9.34678704195433,10.0194552529183,9.74426807760141,9.10760190965846,8.57421240662553,8.17051509769094,8.39237057220708,8.44354018311292,8.23727185398655,7.66248574686431,7.16456795484151,6.85785536159601,6.7,6.54658144489638,6.30188679245283
Italy,8.6435834944113,7.54770375161708,8.11965811965812,7.21400543314217,7.25324391310687,7.83463734404737,7.75725411813357,7.29824801065537,6.00408441116406,4.96581138717758,4.61340293549371,4.5650301464255,4.3603708746677,4.55775301166012,4.65944022002912,4.33378986499707,4.02026582445059,3.946756954126,4.01501441115356,4.17866946826177,4.35216061054007
Jamaica,10.4166666666667,10.2143757881463,10.271546635183,11.0021786492375,12.9436325678497,14.4941634241245,13.0314232902033,12.1761658031088,10.7231920199501,10.8,10.36866359447,10.6461086637298,10.0430416068867,8.72011251758087,8.22959889349931,7.99180327868852,7.81781101291638,7.45554035567716,6.9204152249135,6.42201834862385,6.1046511627907
Japan,10.1450305701692,10.2849952537584,11.484363467662,9.10821261846086,7.34174359360018,7.10871214125699,7.3135384719086,8.02687008994649,6.66656044358758,5.74694669022784,4.95442607755291,4.50560902347821,4.41654901479344,4.25607569105188,3.98142628557086,3.70595869450275,3.50629060110188,3.46616044339735,3.51920042083114,3.60191471161021,3.64369404327005
Jordan,12.280701754386,12.4610591900312,12.5,11.7537313432836,11.6899618805591,12.4867724867725,14.0858208955224,13.3797370456303,13.6159280667951,12.9079396005845,12.3772940674349,11.9126896041435,10.9350237717908,10.2179034157833,10.168569874932,9.50579929399899,8.55185447673045,7.84182305630027,7.27969348659004,6.79591836734694,6.40646560220777
Kazakhstan,13.7532505056342,7.65885479584441,8.39444230027017,10.0810372771475,11.6409124356144,11.5621156211562,9.64572019653478,9.55063058650667,9.27859237536657,9.31956257594168,10.1104830421377,8.55918315895626,6.4172417968277,6.70874240299205,8.08505799408688,7.79278776376019,7.09720079347586,6.27929793960536,5.81947743467934,5.83878930986369,6.02383764630087
Kenya,10.8529704613342,9.79544799769519,11.3613861386139,12.7314814814815,12.9301170627882,13.0062075081289,13.0344236187676,13.3062880324544,13.4971934002381,13.6874139555105,13.507860040568,12.2497909116253,11.86863743148,12.181339774835,12.7031815730683,12.2779519331243,11.4306573977082,10.6877783275606,10.239247311828,9.93568085692119,9.55231589079043
"Korea, Dem. Rep.",14.7019867549669,14.0567677157752,11.5112872652076,7.32198142414861,10.9260763606824,10.1897739634957,12.5127161749746,11.0380116959064,7.21308283850871,8.25273433969086,7.84836241726124,8.44504021447721,7.59535381827169,6.45239834429024,5.9660908509277,5.96826399305282,6.1486645257304,6.06344741365838,5.71227080394922,5.37082378959008,5.2635789136869
"Korea, Rep.",12.0410703173615,11.7741327300151,10.7342825147976,11.9096509240246,13.5166166996237,12.6121433119176,11.4788280581694,10.7144620550042,8.94979723115648,8.07197020684704,6.31488631488632,6.88937020993002,6.22013477639371,4.71166237113402,4.30438431717357,4.20057443752992,4.07549891800914,4.02319828040719,3.94753175818265,3.83502170767004,3.718570798412
Kuwait,11.2903225806452,8.97435897435898,9.52380952380952,9.83606557377049,11.0769230769231,11.8421052631579,12.8205128205128,11.5436241610738,11.5675675675676,10.1892285298399,9.95423340961098,8.85368126747437,8.64995957962813,8.41726618705036,8.45253576072822,7.81622911694511,7.11527854384997,6.60860655737705,6.32790028763183,6.28390596745027,6.22852233676976
Kyrgyzstan,10.989010989011,6.49350649350649,7.63157894736842,10.2449888641425,12.168284789644,12.4121779859485,10.8498129342598,10.6589147286822,10.4324565314311,11.1921097770154,11.7483074472322,10.8761329305136,9.32384341637011,8.20719811638076,8.88105161910869,8.66604766326215,7.8963230861965,6.96165191740413,6.29532927183058,6.22311442500717,6.21420389461627
Laos,11.1242603550296,11.1226611226611,11.7592592592593,12.2213047068538,11.7388114453412,11.6233766233766,12.2160834868017,12.5614418350628,11.9353304802663,12.0897382633984,12.6249537208441,12.8726287262873,12.5349053676699,10.3359908883827,10.0549882168107,9.84242424242424,9.65329707681849,9.23471569046601,8.53311661926046,7.87737679472254,7.46268656716418
Latvia,8.15956482320943,7.17449069973428,6.05042016806723,6.37096774193548,6.63544106167057,6.48078372268274,5.90405904059041,6.3173007896626,6.02662929222144,6.55737704918033,7.3208722741433,5.33117932148627,3.89395194697597,4.15606446140797,4.78260869565217,5.10752688172043,5.15179392824287,4.83870967741936,4.296875,4.1041041041041,4.51745379876797
Lebanon,10.3207810320781,9.46450809464508,9.82905982905983,11.5101289134438,12.6237623762376,12.4908155767818,12.0456165359943,11.3528212100612,10.8781127129751,10.1522842639594,9.35064935064935,9.26103646833014,8.94421392346704,7.25663716814159,6.70653566851773,6.65289256198347,6.57258064516129,6.4260214200714,6.07843137254902,5.69644947327351,5.45808966861598
Lesotho,10.7969151670951,11.4285714285714,11.8681318681319,11.5308151093439,11.7117117117117,11.7932148626817,11.9081779053085,12.0405576679341,12.4418604651163,12.9207383279045,12.5248508946322,12.0868744098206,12.0109190172884,11.4235500878735,11.1492281303602,10.9991603694374,10.7907742998353,10.3980503655565,10.0080064051241,9.61080222398729,9.25490196078432
Liberia,11.2709832134293,11.4967462039046,11.0074626865672,10.88,12.551724137931,13.1642512077295,12.4871001031992,11.3089937666963,12.2151321786691,12.410986775178,12.3422159887798,12.202380952381,12.2636936500242,12.0888509184109,11.8451025056948,11.5122615803815,11.0493827160494,10.4877361150268,9.95580972186119,9.43988411395461,8.99028687598825
Libya,12.0481927710843,11.7967332123412,11.4155251141553,11.8100128369705,12.0126448893572,11.993097497843,13.2445690259285,14.1352549889135,14.3064985451018,14.9065623641895,11.2065599375244,9.33333333333333,9.12247474747475,9.3210586881473,9.33333333333333,8.88777303540045,7.86704925872788,6.74748398902104,6.00613765892153,5.90592701961612,6.13999181334425
Lithuania,9.01988636363636,7.9776067179846,7.52330226364847,7.68746061751733,8.34834834834835,8.24742268041237,7.41971207087486,7.25333333333333,6.66666666666667,6.93430656934306,7.25026852846402,6.30482456140351,4.97397339502603,4.20168067226891,4.44718962322421,4.69543147208122,4.82713633398565,4.8354600402955,4.57380457380457,4.29184549356223,4.29311621021466
Luxembourg,6.75675675675676,6.57894736842105,6.28930817610063,7.18562874251497,6.97674418604651,7.22222222222222,6.95187165775401,5.23560209424084,5.15463917525773,5.28846153846154,5.82959641255605,5.95744680851064,6.07287449392712,5.34351145038168,5.43478260869565,5.17241379310345,5.21172638436482,5.57275541795666,5.6379821958457,5.42857142857143,5.46448087431694
"Macao, China",7.95454545454545,6.89655172413793,12.5,14.2857142857143,15.3225806451613,12,8.19672131147541,7.18954248366013,5.75916230366492,8.0952380952381,8.69565217391304,6.66666666666667,4.54545454545455,3.34448160535117,3.55987055016181,3.76175548589342,3.6697247706422,3.64741641337386,3.03951367781155,2.75229357798165,3.1055900621118
"Macedonia, FYR",10.4404567699837,9.64391691394659,11.046511627907,11.1716621253406,10.594315245478,9.7708082026538,9.36794582392777,8.57142857142857,8.50840336134454,8.35881753312946,7.75347912524851,7.26915520628684,6.23781676413255,5.46341463414634,5.07317073170732,5.09304603330069,5.14851485148515,5.02008032128514,4.82546201232033,4.60732984293194,4.6236559139785
Madagascar,11.2512613521695,10.6804867057233,10.6127352823388,12.1201413427562,12.3100775193798,12.3114224137931,12.38006084718,12.8979256520846,12.8241563055062,11.5290892476394,12.3139200835727,12.7149321266968,12.7533366287692,12.2014990413108,11.7003954408002,11.2256267409471,10.7526202803384,10.2426343154246,9.72436956869436,9.22756362553952,8.75854690915857
Malawi,11.9302949061662,12.1046228710462,12.3908296943231,11.864406779661,12.0682302771855,12.1567191504943,12.3556942277691,12.2920021470746,12.6118626430801,12.1761153321644,11.8031140130588,12.8160418482999,13.3620689655172,13.0540780141844,12.5693700710739,12.3346875270118,12.1275605214153,11.7083480098626,11.1032212252276,10.4714226115978,9.93465500055377
Malaysia,12.0701281186784,10.6674438939085,11.8881118881119,12.9590093936806,13.251442397171,13.0706075533662,12.1305238513316,11.5137496787458,10.8432383942588,11.241610738255,10.6234152312669,10.247461928934,9.43547213734905,8.97063786702666,8.37126960040465,7.90040699066316,7.39893647435531,6.8370431437208,6.32272461612029,6.15050651230101,6.02427921092564
Maldives,10.8108108108108,9.75609756097561,8.69565217391304,12.2448979591837,12.5,12.3076923076923,11.8421052631579,11.3636363636364,12.3809523809524,14.0495867768595,14.0740740740741,13.1944444444444,9.55414012738854,7.78443113772455,7.77777777777778,7.7720207253886,7.46268656716418,7.10900473933649,6.42201834862385,5.75221238938053,5.67685589519651
Mali,11.2445939452186,11.7101193106496,11.3929146537842,11.0051357300073,11.8218352310784,11.928004881025,12.2733612273361,12.2811469170261,12.0551090700344,12.6529765608795,12.9153369626431,12.6502002670227,12.2218926134678,12.2343935594562,12.4940898345154,12.3106464689567,11.8058252427184,11.215783860647,10.5814048573064,10.1263906758495,9.76039464411558
Malta,10.126582278481,9.87654320987654,9.8159509202454,10.4294478527607,10.126582278481,8.22784810126582,6.62650602409638,7.42857142857143,7.69230769230769,7.32984293193717,7.17948717948718,6.40394088669951,5.8252427184466,4.83091787439614,4.2654028436019,4.24528301886792,4.67289719626168,4.67289719626168,4.24528301886792,4.28571428571429,3.84615384615385
Martinique,10.4347826086957,9.4488188976378,10.8843537414966,12.5786163522013,12.4260355029586,14.1176470588235,11.9047619047619,9.71428571428571,7.52688172043011,7.7720207253886,7.42574257425743,7.21153846153846,6.54205607476636,5.96330275229358,5.47945205479452,5.5045871559633,5.42986425339367,5.06912442396313,5.06912442396313,4.71698113207547,4.85436893203883
Mauritania,12.3867069486405,12.2340425531915,12.093023255814,11.2224448897796,12,12.2356495468278,12.2207621550591,12.3995407577497,12.5379170879676,12.4223602484472,12.1989121989122,11.7966101694915,11.5872057936029,11.4798694232862,11.2655086848635,10.8626198083067,10.1057082452431,9.45999211667324,8.980044345898,8.62430167597765,8.25016633399867
Mauritius,12.1951219512195,12.5435540069686,12.3867069486405,12.7320954907162,13.5265700483092,14.6017699115044,12.2199592668024,11.1545988258317,9.88593155893536,8.8339222614841,7.96019900497512,8.57142857142857,7.83410138248848,6.93215339233038,6.17816091954023,6.29370629370629,6.21546961325967,5.98639455782313,5.83446404341927,5.56309362279512,5.42740841248304
Mayotte,33.3333333333333,16.6666666666667,12.5,16.6666666666667,12.5,14.2857142857143,15.3846153846154,14.7058823529412,13.6363636363636,13.1147540983607,12.1621621621622,12.6436781609195,13,11.5044247787611,9.52380952380952,9.28571428571429,9.15032679738562,8.53658536585366,8.04597701149425,6.98924731182796,6.66666666666667
Mexico,11.0346311034631,11.4320987654321,11.2980390095158,12.7138047138047,12.9055820390589,12.7117804418904,12.9874641730118,13.5350568986313,12.4146950422066,11.1500291885581,10.472475420929,10.1658701152657,9.22036311854753,8.49320203087198,7.76261712970574,7.06948448025991,6.37786360181782,6.02077914175756,5.83908668381391,5.58897205513972,5.30793248563283
"Micronesia, Fed. Sts.",13.3333333333333,11.1111111111111,10,12,14.2857142857143,12.9032258064516,13.8888888888889,14.2857142857143,13.0434782608696,13.7254901960784,12.962962962963,12.962962962963,12.7272727272727,11.1111111111111,10.7142857142857,9.83606557377049,9.67741935483871,9.67741935483871,7.93650793650794,8.47457627118644,6.55737704918033
Moldova,9.84787830264211,7.57142857142857,6.82102628285357,9.5372460496614,10.6638787245165,9.68058968058968,7.80141843971631,7.81391147244806,8.09273840769904,8.86243386243386,9.25233644859813,7.81725888324873,5.38092701118807,4.62300495321959,5.52112676056338,5.83477758521086,5.66150178784267,5.07739938080495,4.56298200514139,4.55458807769591,4.90196078431373
Mongolia,11.6279069767442,11.8055555555556,11.7768595041322,11.83970856102,11.8858954041204,12.1546961325967,12.183353437877,12.2105263157895,12.0395327942498,11.9823788546256,13.1011608623549,10.7309486780715,8.56515373352855,7.25639253628196,7.56578947368421,7.44010088272383,7.2039072039072,6.84931506849315,6.19883040935672,5.64841498559078,5.54285714285714
Montenegro,11.5384615384615,9.41704035874439,10.3734439834025,10.727969348659,10.5660377358491,10.0719424460432,8.62068965517242,8.30449826989619,8.44594594594594,8.38709677419355,8.02469135802469,6.60377358490566,6.60377358490566,5.9748427672956,5.625,5.60747663551402,5.59006211180124,5.64263322884012,5.36277602523659,5.3968253968254,5.12820512820513
Morocco,12.1591417076442,12.2211253701876,12.2098022355976,11.8847539015606,12.3985336475517,13.354898336414,12.0858895705521,12.1470192738682,11.8427399903521,12.2841965471448,11.3887554060548,10.2415084592535,9.05671822869275,8.20524541454774,8.18226094485632,8.04009714256188,7.61843152866242,7.01424088824523,6.45647768509355,6.10630522274136,5.92856490362656
Mozambique,11.2932604735883,11.3604488078541,11.2787723785166,11.3137843454168,11.562370493162,11.7364827458941,11.6736536601096,12.0386643233743,13.1541725601132,11.8028067650234,11.7274836532377,11.7308049823387,12.1189405297351,12.9271242818264,12.5423494434073,11.9641267014375,11.4545988833382,11.0692030173827,10.7311079254557,10.3135552339604,9.82326346074805
Myanmar,9.85198889916744,9.01193217500523,9.61646926113931,12.2294281142087,12.0353717026379,11.7031839544582,11.6925978312117,11.9877482044782,11.5007012622721,11.360669757393,10.2240481131676,9.24611703637617,8.32849568481752,8.11596335675656,7.90066131982552,7.59588020056918,7.09969788519638,6.59002849915143,6.21664050235479,5.98774600816933,5.85744530698659
Namibia,10.2040816326531,10.6227106227106,11.1842105263158,11.8840579710145,11.8987341772152,11.8161925601751,12.2605363984674,13.1979695431472,12.5690607734807,12.0772946859903,12.2317596566524,12.426614481409,11.4285714285714,10.8463434675431,10.5783866057839,10.1851851851852,9.85254691689008,9.49649458253665,9.00243309002433,8.5131195335277,8.1414935429534
Nepal,12.1393293475435,12.1204933586338,10.9270810927081,11.4451988360815,11.6375583607124,11.7828026457468,11.8304484121576,11.9320236229963,12.0673128128661,11.8410080607801,11.7075163398693,11.8296068975596,11.6981634282672,10.6879081975218,9.44360226826119,8.97655803316181,8.8119629072195,8.45766590389016,7.90091264667536,7.34108849189863,6.91612696889742
Netherlands,7.96216003153331,8.30244625648629,9.99479437792816,8.75142068517616,8.6357372531006,8.76093294460642,8.38945005611672,7.06187679278787,5.81779717043501,5.67294147778205,5.93136035811987,5.95584667637069,5.8129839189994,5.79318448883666,5.32420832850017,5.08999197523788,5.13461320004544,5.3012320560642,5.34765404183154,5.31636941951607,5.21142857142857
Netherlands Antilles,8.7719298245614,9.52380952380952,11.4285714285714,12.1621621621622,12.5,12.0481927710843,10,8.60215053763441,8.08080808080808,7.92079207920792,7.36842105263158,8,6.60377358490566,6.19469026548672,6.19469026548672,5.35714285714286,5.17241379310345,4.5045045045045,4.58715596330275,3.80952380952381,3.88349514563107
New Caledonia,10,9.375,11.1111111111111,11.6279069767442,11.7647058823529,11.4754098360656,13.0434782608696,11.8421052631579,10.8433734939759,9.47368421052632,9.43396226415094,9.32203389830508,8.73015873015873,7.35294117647059,6.94444444444444,6.62251655629139,6.83229813664596,6.54761904761905,5.78034682080925,5.55555555555556,5.4054054054054
New Zealand,7.58693361433087,8.38831291234684,9.83884648006785,9.69465648854962,10.290986515259,10.0905562742561,9.41250789639924,8.80388585306618,7.3512252042007,6.90948044991966,7.32824427480916,7.28667305848514,6.5167508031207,6.26102292768959,6.19957537154989,6.07553366174056,5.90818363273453,5.73546625048771,5.51301684532925,5.38809344385833,5.35913658355043
Nicaragua,11.9815668202765,11.6094986807388,10.3603603603604,13.3850630455868,13.8333333333333,12.9032258064516,12.6387176325524,13.1067961165049,13.3558341369335,13.4302822925577,12.6903553299492,12.5591554423007,11.186671200272,9.97474747474747,9.5829636202307,9.12143256855064,8.51575013347571,7.87987679671458,7.29763387297634,6.84531059683313,6.44075943282865
Niger,12.9303749043611,13.8305084745763,13.3134328358209,11.2091333679294,11.685393258427,12.2464898595944,12.5252525252525,12.5145180023229,12.6809785322017,12.6466197483472,12.5316914161536,12.5515345854329,12.5819465456379,12.6846129674243,13.7955182072829,13.4111429200617,13.032194277946,12.8104369695064,12.7101879327399,12.524477167698,12.051069130164
Nigeria,11.3892901085968,11.3623160340821,11.064572425829,11.6486613433537,11.7358899891529,11.7151963362936,11.5391793531874,11.9058724753953,12.474462695105,12.6213241926754,12.3714308565944,12.1268524175559,12.0230627890769,12.0652062238153,12.1034615504666,11.671888023453,10.9616426914978,10.2595756315401,9.74781689921999,9.38159901454716,9.01883190625152
Norway,6.3752276867031,7.31707317073171,8.56983861992209,7.87359400107124,7.70020533880904,7.53968253968254,7.86407766990291,7.28571428571428,6.05778191985088,5.76225045372051,6.22791519434629,6.58964484381686,6.34985661614093,5.90566785572731,5.83717357910906,5.58243394119836,5.53145336225597,5.6064880112835,5.56323427781617,5.43478260869565,5.32128514056225
Oman,11.6591928251121,11.6465863453815,11.9298245614035,12.5766871165644,12.6315789473684,12.3348017621145,12.0567375886525,12.1428571428571,13.1127450980392,14.4781144781145,13.353115727003,12.4668435013263,11.7924528301887,10.0282485875706,9.34101087651951,9.30913348946136,8.94308943089431,8.40080971659919,7.74008600095557,7.17529518619437,6.7215958369471
Pakistan,10.2743087746087,11.3050416396549,11.112110446553,11.1568596098497,11.256690067422,11.4877364683416,12.1643695763144,12.2985544887489,11.9630136000576,12.4301787106733,13.1099476439791,12.183524608529,11.3096831771531,10.7959101844427,10.5589892498566,10.3611055410735,9.72782219057864,9.03907501768264,8.45790689325847,8.05382876971043,7.74641014066637
Panama,11.031175059952,11.6910229645094,11.7753623188406,12.0689655172414,12.3809523809524,12.6777251184834,12.7083333333333,12.2201492537313,11.0084033613445,10.3630862329803,10.0684931506849,9.44340212632896,9.25287356321839,8.93048128342246,8.40840840840841,7.86622703721149,7.46869409660107,7.14285714285714,6.85383980181668,6.49038461538462,6.14722004698512
Papua New Guinea,11.4117647058824,11.4130434782609,11.7764471057884,12.1973094170404,12.6409017713366,12.5268432355047,14.209472981988,14.1536683997689,12.4120603015075,11.9546247818499,11.7045454545455,11.7431803060546,12.0684567719091,11.5079365079365,11.0338210602063,10.4951796669588,9.88700564971751,9.48631421072366,9.09729539866526,8.65815226405706,8.20318662249566
Paraguay,12.5500667556742,12.3384253819036,12.6163391933816,13.3757961783439,13.0923694779116,13.0372492836676,12.7364438839849,11.5783724740579,11.7142857142857,12.3841617523168,12.0741862225587,11.4383561643836,10.7846201938106,10.1782633697527,9.6051227321238,9.08181135851889,8.54781582054309,8.00179815688919,7.54472946755766,7.14879467996675,6.82139253279516
Peru,11.5333861177092,11.2221189591078,11.4448051948052,11.9001582000352,12.1600977696303,12.4817227170012,12.2574648541885,12.0457119324616,11.8970764548557,11.2042938611204,10.9541454377026,10.4641106947247,9.78726296472507,9.18898092853015,8.67368677338852,7.99304952215465,7.46268656716418,7.05303151923797,6.70199501246883,6.37692932575142,6.08027156549521
Philippines,11.6505820316386,11.6883116883117,11.6108476585655,12.9488158899924,12.8812066497853,12.7822793306803,12.5492497275547,12.1815315810697,12.0648977085421,11.8132026520611,11.7083679401993,11.3594567831376,10.6441130264489,9.97206316498583,9.65945637990921,9.15529274246227,8.70340356564019,8.2391525267145,7.78275475923852,7.38111128466552,7.0265130636093
Poland,8.8656302909035,6.9642604887696,9.34109033860635,10.5481060371995,10.0702297345554,7.76276620105336,6.75475629146335,7.31412980744006,8.08292807780906,8.34300711653964,7.21430736586844,6.0913191101201,4.91345616973758,4.38019478863903,4.5991171337645,4.67474390307316,4.52810180275716,4.19793365959761,3.90257558790594,3.83079682888722,3.96858701516696
Portugal,8.98670334708849,8.48064443947192,9.00238043713482,8.57749469214437,8.81706244503078,8.83214734198409,8.27082510856692,8.09092660373724,7.62383900928792,6.34249471458774,5.32879818594104,4.94303564865858,4.84279002529816,4.90830636461704,4.62979643307512,4.4069640914037,4.20475319926874,4.06128853609009,4.07629020194465,4.18330481080053,4.26521907716169
Puerto Rico,12.0471014492754,12.7433628318584,13.3389261744966,11.6666666666667,11.9047619047619,10.8377659574468,10.1219512195122,9.78009259259259,9.19097413318657,8.19843342036554,7.57575757575758,7.22713864306785,6.7275348390197,5.83804143126177,5.65862708719852,5.60146923783287,5.48195523069895,5.31622364802933,5.16605166051661,4.98137802607076,4.89642184557439
Qatar,9.09090909090909,13.3333333333333,10,11.5384615384615,13.1578947368421,14.0350877192982,12.0481927710843,10.2564102564103,11.1111111111111,11.1111111111111,11.1627906976744,8.78661087866109,8.89487870619946,9.69267139479906,9.71302428256071,10.2040816326531,9.9236641221374,8.94454382826476,8.38926174496644,8.05687203791469,7.96992481203008
Reunion,10.8527131782946,10,11.4942528735632,13.6363636363636,13.4453781512605,13.6546184738956,12.7906976744186,10.5633802816901,10.0323624595469,9.70588235294118,9.21409214092141,8.43672456575682,7.90697674418605,8.14977973568282,7.74058577405858,7.18562874251497,6.9364161849711,6.67903525046382,6.35208711433757,6.25,5.97539543057996
Romania,9.74656560871625,7.48110271231658,8.14854111405836,9.06002265005662,8.50795498641832,6.38791025403301,8.73933143669986,8.04587713962986,8.17315870045926,7.07053223712678,7.49735075944896,5.27359596141711,4.97521571507252,4.79260089686099,4.82765187583317,4.69205362346998,4.52466189339698,4.2648709315376,4.11246328157784,4.13598960589,4.24554721631007
Russia,10.3832966583082,5.85236443833602,7.24801300578035,8.71805203776192,9.17141851460753,7.9484012625223,6.09870268824395,6.45324806987444,6.74690840760773,7.41581008631288,7.55298996518534,5.20131824043559,4.16308160698921,4.57110609480813,5.03959190930102,5.27125064650051,5.07266128222417,4.64207219034414,4.3551495470341,4.48162206913789,4.85916626428456
Rwanda,12.2262773722628,12.2611464968153,12.1584699453552,12.2071516646116,12.5065410779696,12.6735333631885,12.2365988909427,11.346396965866,11.7009750812568,14.5127118644068,14.7037484885127,11.741935483871,11.3104229607251,11.5785986417095,11.9882179675994,12.323850039883,11.6405965805748,10.6099322297522,9.86404988244915,9.55624940864793,9.40760389036251
Saint Lucia,11.6279069767442,11.6279069767442,10.8695652173913,12,13.2075471698113,13.7931034482759,13.5593220338983,12.5,11.1111111111111,10.6666666666667,11.1111111111111,10.4651162790698,9.09090909090909,7.69230769230769,7.21649484536082,6.93069306930693,6.79611650485437,6.54205607476636,6.54205607476636,5.4054054054054,5.4054054054054
Saint Vincent and the Grenadines,11.1111111111111,13.5135135135135,11.6279069767442,13.0434782608696,12.7659574468085,14.2857142857143,14,13.2075471698113,12.7272727272727,11.5384615384615,11.1111111111111,9.43396226415094,8.92857142857143,9.43396226415094,7.40740740740741,7.54716981132076,7.14285714285714,6.77966101694915,6.66666666666667,6.45161290322581,6.66666666666667
Samoa,13.1578947368421,12.7659574468085,11.1111111111111,14.5161290322581,14.2857142857143,15.0684931506849,13.3333333333333,11.8421052631579,12.8205128205128,11.25,12.0481927710843,12.7906976744186,14.1176470588235,12.7906976744186,10.2272727272727,8.98876404494382,9.67741935483871,9.78260869565217,10.6382978723404,9.67741935483871,7.77777777777778
Sao Tome and Principe,7.40740740740741,7.69230769230769,7.40740740740741,10,11.4285714285714,12.1951219512195,12.2448979591837,13.4615384615385,13.7931034482759,14.5161290322581,12.5,13.1578947368421,12.0481927710843,12.2222222222222,11,10.1851851851852,9.56521739130435,9.52380952380952,8.88888888888889,8.33333333333333,8.10810810810811
Saudi Arabia,11.4285714285714,11.5124153498871,11.6360019890602,11.7071094082588,11.7921146953405,12.1044992743106,12.0923913043478,12.0111246306275,13.2245123806889,13.4531928084315,13.1581780984171,12.3615712257454,11.209216279852,10.5140010566835,9.63591568573775,9.15307402760351,8.65871399476288,8.08406113537118,7.46083449666512,6.82556879739978,6.32463302968802
Senegal,11.4427860696517,11.5499254843517,11.0602094240838,10.6552706552707,11.4090687469527,11.652101539742,12.3474515434314,12.8673059078256,13.0990415335463,13.030442804428,12.9246231155779,12.8498503784545,12.4286815728604,12.152209492635,12.3244167582753,11.7627531260374,10.9168098655615,10.1430429128739,9.58927650799106,9.1973378237511,8.81442909969059
Serbia,8.89659156556904,7.10797612588172,9.21120913336793,9.47368421052632,8.00871037986934,7.4280408542247,7.3154511194857,7.32334047109208,7.43355481727575,7.43046099980548,7.03949941337505,6.3014248444712,5.60353484635469,5.72465228784519,5.49250101337657,5.43078807676603,5.35089524593538,5.2128764278297,5.12605042016807,5.15551768214742,5.17428014721801
Sierra Leone,10.7754279959718,11.0590440487348,11.1882046834345,10.6858054226475,10.9649122807018,11.2292358803987,11.4029850746269,11.7773019271949,12.118320610687,12.2508507535246,11.9560238204306,11.5296803652968,11.9692410565028,12.4962719952282,12.4095416778344,12.1212121212121,11.5613301035014,11.1111111111111,10.6548279689234,10.244569864888,9.81234096692112
Singapore,12.1212121212121,11.0032362459547,10.6958762886598,12.9244249726177,13.8203356367226,12.4886877828054,9.71283783783784,8.55855855855856,6.67556742323098,6.36574074074074,6.61322645290581,7.69230769230769,6.35646032405484,4.75435816164818,3.86676875957121,3.7147102526003,4.00145507457257,4.29138117562207,4.32098765432099,3.98230088495575,3.6589966050547
Slovak Republic,8.36608646827625,8.14549180327869,8.9066918001885,10.4578096947935,9.37227550130776,8.33333333333333,7.31225296442688,8.21237585943468,8.64059590316574,7.97233345467783,7.30560578661844,6.34005763688761,5.05920344456405,4.5016077170418,4.73984319315752,4.87280544607668,4.70843897138718,4.41663599558336,4.13223140495868,4.03225806451613,4.17651694247439
Slovenia,8.18181818181818,7.625,8.6060606060606,8.58823529411765,7.54060324825986,7.47767857142857,7.07497360084477,7.08418891170431,7.25075528700906,6.63366336633663,5.98626104023552,4.8828125,4.34362934362934,4.22264875239923,4.58452722063037,4.78927203065134,4.61982675649663,4.39024390243902,4.13793103448276,4.1708043694141,4.41767068273092
Solomon Islands,12.5,14.5833333333333,11.1111111111111,12.5,12.987012987013,12.0879120879121,12.962962962963,13.8461538461538,13.1578947368421,12.6436781609195,12.1212121212121,12.280701754386,12.015503875969,11.4583333333333,10.9717868338558,10.2857142857143,9.66057441253264,9.26829268292683,8.63636363636364,8.4051724137931,8.0082135523614
Somalia,11.4135206321334,10.7619795758052,11.0252808988764,12.2270742358079,12.1361889071938,12.1037463976945,12.2273425499232,12.6050420168067,13.0252100840336,11.3201820940819,11.8875502008032,11.6990982439487,12.1739130434783,12.4329324699352,12.3214285714286,12.1874553507644,11.8948299835672,11.7222723174031,11.4888866335126,11.0947018645006,10.5294316644114
South Africa,10.8037274315667,10.981308411215,11.0152926296424,11.6997792494481,11.9536365245089,11.7496510004653,12.0654256775253,12.1281602606649,11.8131868131868,11.3942742819035,10.949417024634,10.1634509032813,9.70023840231368,9.71256020181943,9.44289903014811,9.27157210401891,8.83358800844066,8.48317031070196,8.21414559332311,7.9729154849688,7.69773015649232
Spain,7.8649357823505,8.25468563073242,8.30516042610193,7.89266460718396,8.48565478944933,8.575971925207,8.43531011400481,8.2256169212691,7.72259236826166,6.17848970251716,5.0958824102015,4.64478376154338,4.3468792194782,4.70964215129725,5.07793273174733,5.1580226904376,4.851015982652,4.45444050794156,4.31422036438205,4.47334404011125,4.77326035965598
Sri Lanka,11.0398289227479,11.4934289127838,12.3500946770461,12.0840304889385,12.5576796308504,11.7769516728625,11.3882863340564,10.7133885958302,10.7051132383843,10.1685578935772,8.98757038138744,7.87848101265823,6.89621913580247,7.72579898100973,7.66324878575283,7.27786610139551,6.63229639986019,6.00556231531375,5.74212632677919,5.74057843996494,5.69828429193706
Sudan,11.7353579175705,11.8725868725869,12.0984278879016,11.8082854550953,11.8930424371425,11.9061247853463,12.0844739929605,12.249498997996,12.3080347206766,12.2522170057381,12.0625036037594,12.1117527704074,12.013804682399,11.3723669213559,10.814455231931,10.235716571266,9.7558558260927,9.34735539746366,8.9344070961718,8.48946784922395,8.05374463348704
Suriname,11.1111111111111,10.4838709677419,11.7241379310345,12.5748502994012,14.3617021276596,14.9171270718232,13.8888888888889,11.4130434782609,10,10.6976744186046,9.95670995670996,8.87096774193548,9.61538461538462,9.09090909090909,7.74647887323944,7.48299319727891,6.97674418604651,6.81818181818182,6.70926517571885,6.10932475884244,5.76923076923077
Swaziland,11.4285714285714,11.25,12.2222222222222,12.2549019607843,12.3931623931624,12.1771217712177,12.6182965299685,12.6344086021505,12.253829321663,13.2936507936508,14.1323792486583,13.6678200692042,12.3980424143556,11.4678899082569,11.2554112554113,11.2792297111417,11.2433862433862,10.6870229007634,10.0737100737101,9.64285714285714,9.375
Sweden,6.274843838728,7.65852319516882,7.92,6.76652892561984,6.4067544077477,6.65856622114216,6.77480916030534,6.38599810785241,5.58762410528746,5.44232922732363,6.24860522204865,6.53409090909091,5.06410256410256,5.25874711921224,5.64102564102564,5.5455093429777,5.61486753657572,5.60437414567467,5.38610038610039,5.24608927890118,5.29788838612368
Switzerland,6.20632963419646,7.26991492652746,7.57741347905282,7.25699067909454,7.15189873417722,7.6,7.29904527255929,6.02954476936991,5.29531568228106,5.46918378678512,5.57671381936888,5.60378847671665,5.1440329218107,4.73790322580645,4.66321243523316,4.59381044487428,4.72123368920522,4.80634624358376,4.835367257656,4.79327578373467,4.80251346499102
Syria,11.660777385159,11.2545172947858,11.3767153607791,12.9713423831071,12.9258198026106,13.016639828234,13.0639730639731,13.1220876048462,13.6651870640457,14.368610113291,13.4979826384644,11.3259376650819,10.0888609640068,10.4534527066236,10.7538461538462,10.1465774868365,8.90292553191489,7.92587491391724,7.32315733206628,6.99483336172146,6.63968497046598
Tajikistan,12.2940430925222,7.96074154852781,8.26291079812207,10.4769351055512,12.5335120643432,13.2530120481928,12.3809523809524,12.0104438642298,11.2818590704648,12.2618635261517,13.7426900584795,12.8826917247651,11.6136236739252,10.4018311291963,9.93222715587754,9.90658266348034,9.52478492421139,8.72705974228817,7.82363977485929,7.13766799854704,6.67844522968198
Tanzania,12.1521572632116,12.2426141450313,12.4391668288885,11.9408005381769,12.1781891813711,12.2778874629812,12.3729889923793,12.4784619570146,12.6060228775971,12.5735439941826,12.611198325484,12.3520408163265,12.1467174625676,12.4227891808939,12.8229247152887,12.8253949364829,12.241480142485,11.6261252633595,11.1021756612837,10.6564551422319,10.2024707674799
Thailand,12.5304254697693,10.86186540732,11.1175658993537,12.0628389751262,12.4581849573756,12.9479329821064,12.9953799855889,11.5711212590105,10.224237311964,9.13130781131703,8.27470898135588,7.79798703819849,6.97768411328272,6.63315453958269,6.49297166703273,6.33478061540951,6.080451508133,5.87038113865835,5.71006385561243,5.61997035154596,5.58948238619697
Timor-Leste,11.5740740740741,11.5044247787611,11.6935483870968,11.3970588235294,11.7056856187291,11.7469879518072,13.3802816901408,11.1801242236025,10.3351955307263,11.1650485436893,13.0325814536341,13.3744855967078,13.5652173913043,11.58357771261,12.0754716981132,12.4183006535948,12.6558005752637,12.2222222222222,11.2816577129701,10.4022191400832,9.84227129337539
Togo,11.2927191679049,11.3698630136986,11.543287327478,11.6359447004608,11.6942909760589,11.8357487922705,12.1276595744681,12.463083284111,12.8398791540786,12.85140562249,12.5990192380234,12.2523117569353,11.9158878504673,11.5976022934584,11.1372180451128,10.7784431137725,10.2141033195836,9.65454545454545,9.15409391422275,8.70464672183323,8.28313253012048
Tonga,13.0434782608696,14.8148148148148,12.5,12.5,13.3333333333333,15.2173913043478,14.5833333333333,13.3333333333333,10.8695652173913,12.5,12.5,12,11.7647058823529,12,11.1111111111111,10.7142857142857,8.92857142857143,8.62068965517242,10,9.83606557377049,8.47457627118644
Trinidad and Tobago,10.0313479623824,11.6666666666667,12.2931442080378,12.1412803532009,13.2113821138211,13.7795275590551,11.2546125461255,9.96621621621622,10.0323624595469,11.4906832298137,10.4072398190045,7.84023668639053,6.52173913043478,6.27674750356633,6.43356643356643,6.51872399445215,6.25,5.75035063113604,5.4054054054054,5.37790697674419,5.35714285714286
Tunisia,10.231769361221,10.5858170606372,10.8664432742939,12.2187913542126,13.0401234567901,12.9516994633274,12.6216640502355,11.854103343465,11.5981285397685,11.3975576662144,11.0422896198206,9.48012232415902,7.59984490112447,6.81063122923588,6.77846425419241,6.83092608326253,6.60720185001652,6.29246198641216,5.73979591836735,5.36700868192581,5.27969830295412
Turkey,11.1513799832729,10.196590260217,10.7874865156419,12.0612635609445,11.9278935250183,12.314635718891,11.7031523642732,12.0761709509541,11.7685188519572,11.1546826599881,9.77812803103783,9.48814335377745,8.96837189556358,8.02137695704536,7.66823535032608,7.24196354977562,6.82661717921527,6.43175774212919,6.10065132254079,5.90632202831742,5.7560836656629
Turkmenistan,11.3268608414239,7.65895953757226,8.36408364083641,10.3950103950104,12.5,13.1352619233776,12.0440467997247,11.7001828153565,11.248654467169,11.4258734655335,12.2753178430513,11.4961271911945,8.98705255140899,8.79828326180258,8.4545147108556,8.20943762120233,7.68509840674789,6.88504701243555,6.25,6.07558139534884,6.04142692750288
Uganda,10.6769825918762,11.6137744767049,11.8112543962485,12.4473096950161,12.3789473684211,12.3972977907614,12.6140295690469,12.690082088548,12.6347708894879,12.9038388445458,13.2081632653061,13.4922294236532,13.3285900628483,13.265306122449,13.3659720116113,13.2108782210202,12.8621814945446,12.2977440969073,11.634196292601,10.9846139189254,10.3770699523747
Ukraine,10.3339752924045,6.67463902914341,6.51215518327245,7.49289914789775,7.9847175054029,7.42955377830929,6.2614965786182,6.47060961867025,6.45940779745374,6.84756409319991,6.76499733211373,5.40797339562136,4.1734727213329,4.01931961360773,4.70364445981583,5.14275501541486,5.11655929925383,4.73347137285116,4.39697864038817,4.40245042051708,4.78835265570235
United Arab Emirates,11.7647058823529,12.8205128205128,11.6279069767442,11.4754098360656,10.7142857142857,9.87654320987654,9.17721518987342,10.2822580645161,10.4037267080745,11.4216281895504,12.0722433460076,8.95865237366003,8.58618463524855,9.13793103448276,8.47723704866562,8.16425120772947,7.33780760626398,6.72199170124481,6.5865943432778,6.67152752460809,6.65050225147212
United Kingdom,6.321044546851,6.59917651947267,7.68265682656827,6.62521440823328,6.95360770761336,7.83566578910905,7.64388489208633,6.49533835621151,5.66961250849762,5.980756981461,6.20883667052788,6.05568370098437,5.54074638233054,5.25695134061569,5.51678096740912,5.47636018056546,5.52431455959908,5.49869556492073,5.35805120669191,5.2251498675589,5.21911473243779
United States,7.19657643513712,7.95786738434411,8.99585591329296,9.39892764576697,9.69205530817905,9.1005309988519,7.59712181031978,6.80019238137161,6.54694983905992,6.77124903858712,6.94394114469735,6.8643344987662,6.38797878755852,6.28554396423249,6.31981777810928,6.10960119806978,5.94172938402403,5.75522212724002,5.60741435608798,5.56706421833833,5.56810598383549
Uruguay,9.04159132007233,8.57385398981324,8.6682427107959,8.36417468541821,8.71722182849043,8.88111888111888,7.94612794612795,8.3495145631068,8.48938826466916,7.5812274368231,7.5801749271137,7.72357723577236,7.3352435530086,6.88487584650113,6.60744031093837,6.35616438356164,6.12798264642082,5.92353257942919,5.67755757900375,5.56745182012848,5.47504025764895
Uzbekistan,11.5479115479115,7.5531914893617,8.00904977375566,10.4123123693711,12.6953125,13.1479140328698,11.9264923532314,11.5263443780554,11.1828786272052,11.7585938176465,12.4729111485673,11.9616140244824,9.81472208312469,8.4412955465587,7.98573520983252,8.0487656941833,7.83924294643379,7.29711298022278,6.58465991316932,5.97995728601939,5.79537453284948
Vanuatu,14.2857142857143,11.5384615384615,12.9032258064516,13.5135135135135,13.1578947368421,12.7659574468085,12.962962962963,12.9032258064516,12.3287671232877,11.9047619047619,12.9032258064516,12.1495327102804,11.4754098360656,11.1940298507463,10.5263157894737,10.1190476190476,10,9.13705583756345,8.57142857142857,8.44444444444444,7.98319327731092
Venezuela,11.0978520286396,11.463096015676,12.1603443637342,12.4637033727943,12.5920332263545,13.3047210300429,12.3239908810514,11.280914605693,11.4405480012269,11.1587591240876,10.9699769053118,10.070697954272,9.37240807298866,8.9482449397899,8.5698886094143,8.12154072065966,7.63285024154589,7.18215001799393,6.79924618131323,6.46140503035559,6.14348931362395
Vietnam,9.40612052046231,8.51670201484624,8.56517106665088,11.0844003135615,12.1243042671614,12.7914199345729,12.5027330369507,11.7437489785913,11.16862607475,11.244357789589,11.2932967854473,10.5111641623368,8.30519768991559,7.56170879376773,7.02806768669571,6.80232331501189,6.53713249872543,6.31381076996793,5.93881875645228,5.6417514691128,5.48314045755247
Virgin Islands (U.S.),7.69230769230769,13.3333333333333,11.7647058823529,13.0434782608696,9.67741935483871,11.1111111111111,13.2075471698113,9.43396226415094,9.25925925925926,8.7719298245614,9.09090909090909,8.7719298245614,6.77966101694915,7.01754385964912,5.35714285714286,5.55555555555556,5.55555555555556,5.88235294117647,6.52173913043478,4.65116279069767,5
West Bank and Gaza,12.4223602484472,12.5748502994012,12.5475285171103,11.7241379310345,11.6104868913858,12.214983713355,12.7808988764045,12.9181084198385,12.9400570884872,11.965811965812,12.8469980632666,12.5877903835764,13.2441162898016,12.815378454145,12.1754385964912,11.5085536547434,10.8822710826607,10.3448275862069,9.83870967741935,9.28996598639456,8.729216152019
Western Sahara,16.6666666666667,12.5,12.5,9.09090909090909,12.1212121212121,14.2857142857143,11.5942028985507,10.5882352941176,11.5384615384615,12,12.0805369127517,10.7317073170732,9.16334661354582,8.44594594594594,8.18713450292398,8.40108401084011,8.3756345177665,7.67386091127098,6.96055684454756,6.44444444444444,6.03448275862069
"Yemen, Rep.",11.3710809546093,11.6140051238258,12.1083172147002,12.8133704735376,12.8092702787347,12.9230769230769,13.0238095238095,12.950495049505,13.1324709349926,13.3760460251046,13.8461538461538,13.7987481945113,12.997082117549,12.1069068196674,12.0556512859787,11.7600272696285,11.268759924192,10.528527406854,9.75819267276554,9.11918338051756,8.60005982650314
Zambia,11.8946474086661,11.9190404797601,12.0915032679739,11.734980348119,11.9654012493993,12.2465531224655,12.6076472614537,12.7603402757407,12.8456510809452,12.4262939506442,12.4073722211666,12.5212080081439,13.0100888420419,13.1189109835847,13.1036931818182,12.8305894848646,12.3978070597288,11.822573561704,11.2277867528271,10.7148197996112,10.2514102653388
Zimbabwe,11.4825581395349,11.6365899191039,10.4787234042553,12.6410835214447,12.7871362940276,12.9647591335273,12.9234972677596,12.896691424713,13.3105153070926,13.6593591905565,13.517761710154,13.454658578317,12.5,11.187055377319,10.7351077313054,10.7261116367077,10.6896551724138,10.0147430497051,9.14085914085914,8.48922229607824,8.13479481837123