Physicians per 1000 people,1960,1961,1962,1963,1964,1965,1966,1967,1968,1969,1970,1971,1972,1973,1974,1975,1976,1977,1978,1979,1980,1981,1982,1983,1984,1985,1986,1987,1988,1989,1990,1991,1992,1993,1994,1995,1996,1997,1998,1999,2000,2001,2002,2003,2004,2005,2006,2007,2008,2009,2010,2011
Abkhazia,,,,,,,,,,,,,,,,,,,,,,,,,,,,,,,,,,,,,,,,,,,,,,,,,,,,
Afghanistan,0.034844249486923,,,,,0.063427798449993,,,,,0.064900003373623,,,,,,,,,,,0.076999999582768,,,,,0.183100000023842,0.179000005125999,,0.129199996590614,0.1092000008,,,0.1428000033,,,,0.11,,,,0.186,,,,0.2,,,,0.21,,
Akrotiri and Dhekelia,,,,,,,,,,,,,,,,,,,,,,,,,,,,,,,,,,,,,,,,,,,,,,,,,,,,
Albania,0.276291221380234,,,,,0.48128342628479,,,,,0.739499986171722,0.910899996757507,0.845499992370606,,,,,1.03649997711182,,,1.36679995059967,,,1.41480004787445,1.40659999847412,1.40629994869232,,,,1.40330004692078,1.3740999699,1.4702999592,1.6500999928,1.4254000187,1.3153990507,1.306,1.354,1.295,1.289,1.282,1.389,,1.305,,,,1.15,1.146,,,,
Algeria,0.173148155212402,,,,,0.116413652896881,,,,,0.123499996960163,,,,,,,,,0.380100011825562,,,,,0.427100002765656,,,,0.428799986839294,,0.9416000247,,,0.82099998,,0.846,,,1,,,,1.13,,,,,1.207,,,,
American Samoa,,,,,,,,,,,,,,,,,,,,,,,,,0.772300004959106,,,,,,,,,,,,,,,0.781,,,,,,,,,,,,
Andorra,,,,,,,,,,,,,,,,,,,,,,,,,,,,,,,,,,,,2.231,,2.435,2.47,2.594,2.549,2.594,,3.697,,,3.64,3.716,,,,
Angola,0.067068107426166,,,,,0.076061777770519,,,,,0.116300001740456,,,,,,,,,,,,,,0.059399999678135,,,,,,0.0421000011,,,,,,,0.077,,,,,,,0.08,,,,,,,
Anguilla,,,,,,,,,,,,,,,,,,,,,,,,,,,,,,,,,,,,,,,,,,,,,,,,,,,,
Antigua and Barbuda,0.293577969074249,,,,,,,,,,0.349299997091293,,,,,,,,,,,,,,,,,,,,0.7599999905,0.9185000062,,3.030299902,,0.76,1.141,,,0.17,,,,,,,,,,,,
Argentina,1.35069847106934,,,,,1.66665172576904,,,,,1.89219999313354,,,,,1.86930000782013,,,,,,,,,2.68330001831055,2.70499992370605,2.98440003395081,,3.03200006484985,,2.6800000668,,2.6840000153,,,2.68,,,3.01,,,,,,3.155,3.21,,,,,,
Armenia,,,,,,,,,,,,,,,,,,,,,3.21050000190735,3.27789998054504,3.40580010414124,3.45350003242493,3.50090003013611,3.57719993591309,3.67389988899231,3.73550009727478,3.76270008087158,3.88120007514954,3.9244000912,3.701499939,3.5969998837,3.3454999924,3.1221001148,3.042,3.591,3.156,3.156,3.051,2.987,3.526,,3.588,,,3.7,3.697,,,,
Aruba,,,,,,,,,,,,,,,,,,,,,,,,,,,,,,,,,,,,1.12,,,,,,,,,,,,,,,,
Australia,,1.1,,,,,1.2,,,,,1.2,,,,,1.5,,,,,1.8,,,1.8,1.9,2,2.1,2.1,2.1,2.2,2.3,2.4,2.4,2.4,2.4,2.4,2.4,2.4,2.4,2.5,2.47,2.5,,,,0.963,,,2.991,,
Austria,1.2,1.4,1.4,1.4,1.4,1.4,1.4,1.4,1.4,1.4,1.4,1.4,1.4,1.4,1.4,1.5,1.5,1.5,1.5,1.6,1.6,1.7,1.7,1.8,1.8,1.9,1.9,2,2.1,2.2,2.2,2.3,2.4,2.5,2.6,2.7,2.8,2.9,3.1,3.1,3.2,3.3,3.3,3.4,,,3.66,3.794,,4.749,,
Azerbaijan,,,,,,,,,,,,,,,,,,,,,3.36209988594055,,,,,3.79949998855591,3.87719988822937,3.90619993209839,3.96350002288818,3.9899001121521,3.9172000885,3.9163999557,3.8812999725,3.9277000427,3.8961000443,3.925,3.899,3.831,3.602,3.521,3.607,3.536,,3.547,,,3.63,3.794,,,,
Bahamas,0.495575219392776,,,,,,,,,,0.760200023651123,,,,,,,,,,0.938099980354309,,,,0.943199992179871,,,,,,1.2900999784,,,1.4457000494,,1.49,1.518,,1.05,,,,,,,,,,,,,
Bahrain,0.449664443731308,,,,,,,,,,0.428600013256073,,,,,,,,,,1.0867999792099,,,,,1.21879994869232,,,,,,1.3150000572,,0.1098999977,,,,1,,,,1.596,,,1.087,2.72,,2.965,1.442,,,
Bangladesh,,,,,,0.123074822127819,,,,,0.118699997663498,,,,,,,,,,0.12049999833107,,,,,0.153899997472763,0.144099995493889,,,,0.176699996,0.1884000003,,,,0.201,,0.2,,,,0.231,,,0.257,0.3,,0.295,,,,
Barbados,0.329432159662247,,,,,,,,,,0.522599995136261,,,,,,,,,,,,,,0.890699982643128,,,,,,1.1395000219,,,1.2539999485,,1.28,,,,1.21,,,,,,1.811,,,,,,
Belarus,,,,,,,,,,,,,,,,,,,,,2.96160006523132,,,,,3.32850003242493,3.37520003318787,3.44539999961853,3.51239991188049,3.57620000839233,3.5604000092,3.5764000416,3.6382000446,4.0762000084,4.1424999237,4.155,4.286,4.365,4.431,4.551,4.579,4.497,4.52589255046168,4.55,4.62240181222641,4.68,4.78,4.869,4.98,5.11,,
Belgium,1.3,1.3,1.4,1.4,1.4,1.5,1.5,1.5,1.6,1.6,,1.5,1.6,1.7,1.8,1.9,1.9,2,2.1,2.2,2.3,2.4,2.5,2.8,2.7,2.8,2.9,3,3.1,3.2,3.3,3.3,3.4,3.4,3.5,3.5,3.6,3.7,3.7,3.8,3.9,3.9,3.9,,,,4.23,,2.987,,,
Belize,0.241625487804413,,,,,,,,,,0.341800004243851,,,,,,,,,,,,,,0.271899998188019,,0.450700014829636,,0.471599996089935,,0.6391999722,,,0.4927000105,,0.6,0.548,,,,1.05,,,,,,,,,0.828,,
Benin,0.039785426110029,,,,,0.02962962910533,,,,,0.034400001168251,,,,,,,,,,0.059000000357628,0.059000000357628,,0.075000002980232,,0.073499999940395,,,,0.070799998939037,0.0505000018,0.0421999991,0.0551000014,0.057,0.060800001,0.058,,,,,,,,,0.04,,,,0.059,,,
Bermuda,,,,,,,,,,,,,,,,,,,,,,,,,,,,,,,,,,,,1.2,,1.766,,,,,,,,,,,,,,
Bhutan,,,,,,,,,,,,,,,,,,,,,,0.124600000679493,0.10249999910593,,,,,,,,0.3332999945,,,,0.1703999937,0.16,,,,0.051,,,,,0.051,,,0.023,,,,
Bolivia,0.267084449529648,,,,,0.310565620660782,,,,,0.508800029754639,,,,,0.490200012922287,,,,,,0.523299992084503,,,0.697499990463257,,,,,,0.4499999881,,,0.4259000123,,0.34,,1.299,,,,1.22,,,,,,,,,,
Bosnia and Herzegovina,,,,,,,,,,,,,,,,,,,,,1.03269994258881,1.08910000324249,1.17019999027252,1.20700001716614,1.28030002117157,1.36210000514984,1.4186999797821,1.48479998111725,1.52009999752045,1.55659997463226,1.570299983,1.5551999807,,,,,,,1.427,1.401,1.422,1.338,,1.34,,1.4179,,,,,,
Botswana,0.04166666790843,,,,,0.036416605114937,,,,,0.064400002360344,,,,,0.133100003004074,,,,,0.122500002384186,0.134200006723404,,0.143900007009506,,,,,0.200499996542931,0.194100007414818,,,,0.1941000074,0.2380000055,,,,,0.288,,,,,0.4,,0.336,,,,,
Brazil,0.373924285173416,,,,,0.399831622838974,,,,,0.49219998717308,,,,,0.624400019645691,,,,,,0.767099976539612,,,0.926699995994568,1.46689999103546,,,1.18529999256134,,1.3600000143,,,,,1.31,1.272,1.308,,1.396,1.15,,,,,,1.694,1.72,,,,
British Virgin Islands,,,,,,,,,,,,,,,,,,,,,,,,,,,,,,,,,,,,,,,,,,,,,,,,,,,,
Brunei,0.14634145796299,,,,,,,,,,0.300000011920929,,,,,,,,,,0.43520000576973,0.486799985170364,,,0.533800005912781,,,,,,,0.7462000251,,,,,0.848,,,,1.006,,1.14,,,,,,1.417,,,
Bulgaria,1.40472865104675,,,,,1.6666259765625,,,,,1.86329996585846,1.89579999446869,1.98489999771118,2.04159998893738,2.10150003433228,2.15210008621216,2.20490002632141,2.25789999961853,2.3206000328064,2.40759992599487,2.45959997177124,2.48429989814758,2.58829998970032,2.6875,2.75850009918213,2.86470007896423,2.95289993286133,3.02150011062622,3.0896999835968,3.13899993896484,3.1696000099,2.9793000221,3.1661000252,3.3587999344,3.3273000717,3.458,3.539,3.447,3.449,3.463,3.399,3.384,,3.562,,,3.66,3.665,3.635,,,
Burkina Faso,0.011015119031072,,,,,0.013521458022296,,,,,0.010300000198185,,,,,,,,,,0.018200000748038,0.017899999395013,,0.017500000074506,,,0.003800000064075,,,0.028999999165535,,,,,,0.034,0.035,0.038,,,,0.04,,,0.05,,,,0.064,,,
Burundi,0.01020061224699,,,,,0.017429193481803,,,,,0.017100000753999,,,,,0.012199999764562,,,,,,,,,0.046900000423193,,0.05799999833107,,,,0.0581,0.058699999,,0.056499999,,0.055,,,,,0.052,,,,0.03,,,,,,,
Cambodia,0.028345298022032,,,,,0.044618140906096,,,,,0.061500001698732,,,,,,,,,,,,,0.058200001716614,,,,,,,,,0.1067000031,0.1037999988,0.1048000008,,,,0.297,0.296,0.16,,,,,,,,0.227,,,
Cameroon,0.033799093216658,,,,,0.037062224000692,,,,,0.034000001847744,,,,,0.071999996900558,,,,0.071099996566772,,,,,,,,,,0.083800002932548,0.0824000016,,0.0837000012,0.0728999972,,,0.074,,,,,,,,0.19,,,,,,,
Canada,,1.1,1.2,1.3,1.3,1.3,1.3,1.3,1.3,1.4,1.4,1.5,1.6,1.6,1.6,1.7,1.7,1.7,1.8,1.8,1.8,1.8,1.9,1.9,1.9,2,2,2.1,2.1,2.1,2.1,2.1,2.1,2.2,2.1,2.1,2.1,2.1,2.1,2.1,2.1,2.1,2.1,2.1,,,1.9132,,,,,
Cape Verde,0.076530613005161,,,,,,,,,,0.082400001585484,,,,,,,,,,0.176499992609024,,,0.19990000128746,,,0.329499989748001,,0.341500014066696,,,,0.233799994,,,,0.171,,,,,,,,0.49,,,,0.572,,,
Cayman Islands,,,,,,,,,,,,,,,,,,,,,,,,,,,,,,,1.7000000477,,,,,1.7,,1.939,,,,,,,,,,,,,,
Central African Republic,0.020208604633808,,,,,0.030411448329687,,,,,0.022700000554323,,,,,,,,,,0.04280000180006,0.043800000101328,0.042599998414516,,,,,,,0.039000000804663,0.0384000018,,,0.0551999994,,0.035,,,,,,,,,0.08,,,,,,,
Chad,0.013707571662962,,,,,0.013797240331769,,,,,0.016200000420213,,,,,,,,0.021099999547005,,,,,,,,0.026300000026822,,,0.026200000196695,,,,,0.0329999998,,,,,,,0.025,,,0.04,,,,,,,
Channel Islands,1.01923072338104,,,,,,,,,,1.20000004768372,,,,,,,,,,1.45739996433258,1.52240002155304,,,,,,,,,,,,,,,,,,,,,,,,,,,,,,
Chile,0.558622479438782,,,,,0.472701817750931,,,,,0.463499993085861,,,,,,,,,0.51639997959137,,,,,0.816799998283386,,,,,,1.1000000238,1.0663000345,,,1.1030000448,1.08,,,1.153,,,,,1.09,,,1.28369704749679,,,,,
China,,,,,,1.07000005245209,0.959999978542328,0.939999997615814,0.910000026226044,0.879999995231628,0.860000014305115,0.850000023841858,0.860000014305115,0.889999985694885,0.9200000166893,0.959999978542328,1,1.02999997138977,1.08000004291534,1.12000000476837,1.17999994754791,1.25,1.29999995231628,1.32000005245209,1.33000004291534,1.3400000333786,1.35000002384186,1.37000000476837,1.47000002861023,1.53999996185303,1.5499999523,1.5499999523,1.5499999523,1.5499999523,1.5800000429,1.59,1.59,1.61,1.61,1.67,1.64,1.055,1.642,1.42,,1.51,,,,1.415,,
Christmas Island,,,,,,,,,,,,,,,,,,,,,,,,,,,,,,,,,,,,,,,,,,,,,,,,,,,,
Cocos Island,,,,,,,,,,,,,,,,,,,,,,,,,,,,,,,,,,,,,,,,,,,,,,,,,,,,
Colombia,0.354155540466309,,,,,0.37746924161911,,,,,0.419699996709824,,,,,,,0.478399991989136,,,,,,,0.758400022983551,,0.807799994945526,,0.873099982738495,,1.0900000334,,,0.9049999714,,0.99,,1.16,1.27,1.088,1.32,1.34,1.35,1.37,1.38,1.39,1.41,1.42,1.43,,,
Comoros,,,,,,,,,,,,,,,,,,,,,,,,,0.08389999717474,,,,0.163499996066093,,0.1133999974,,0.1274999976,,,,,0.074,,,,,,,0.15,,,,,,,
"Congo, Dem. Rep.",0.014543794095516,,,,,0.028420092537999,,,,,0.035300001502037,,,,,0.035700000822544,,,,0.072800002992153,,,,,,,,0.074699997901916,,,0.0661000013,,,,,,0.069,,,,,,,,0.11,,,,,,,
"Congo, Rep.",0.05971660092473,,,,,0.06750675290823,,,,,0.100599996745586,,,,,,,,0.173800006508827,,,,0.118900001049042,,,0.252099990844727,0.252499997615814,,,,0.2761000097,,,,,0.251,,,,,,,,,0.2,,,0.095,,,,
Cook Is,,,,,,,,,,,,,,,,,,,,,,,,,,,,,,,,,,,,,,,,,,,,,,,,,,,,
Costa Rica,0.391118705272675,,,,,0.517096996307373,,,,,0.614300012588501,,,,,,,,,0.679499983787537,,,,,0.989600002765656,,,0.96780002117157,0.880599975585938,,1.2599999905,,,0.8826000094,0.8453999758,0.854,0.864,0.872,0.901,1.719,1.32,,,,,,,,,,,
Cote d'Ivoire,0.032548293471336,,,,,0.048155512660742,,,,,0.064400002360344,,,,,,,,,,,,,,,0.070600003004074,,,,,0.0877000019,,,,,,0.09,,,,,,,,0.12,,,,0.144,,,
Croatia,,,,,,,,,,,,,,,,,,,,,1.67270004749298,1.73790001869202,1.80809998512268,1.85829997062683,1.88030004501343,1.94379997253418,2.0164999961853,2.06579995155334,2.09279990196228,2.1340000629425,2.1247000694,1.9436999559,1.975200057,2.0283999443,2.0111000538,2.036,2.25,2.259,2.288,2.352,2.383,2.374,2.4,2.444,2.4,2.5,2.47,2.59,2.66117938888262,2.6747493904091,,
Cuba,0.946170389652252,,,,,0.875806033611298,,,,,0.821600019931793,,,,,,,,,,,1.38789999485016,,,1.88610005378723,,,,2.99990010261536,,3.6414000988,,,,,5.18,,5.304,,,5.897,,5.91,,,,,6.399,,,,
Cyprus,0.682373464107513,,,,,,,,,,0.801599979400635,,,,,,,,,,0.916499972343445,0.972500026226044,,,,,1.39300000667572,1.38030004501343,,,1.7605999708,,,,,,2.55,,,2.119,2.983,,2.342,,,,2.3,,,,,
Czech Republic,,,,,,,,,,,1.8,1.9,1.9,1.9,2,2,2.1,2.1,2.1,2.2,2.3,2.3,2.4,2.5,2.5,2.6,2.6,2.6,2.7,2.7,2.7,2.7,2.7,2.9,2.9,3,3,3.1,3,3.1,3.4,3.4,3.5,3.5,,,3.58,3.61,3.625,,,
Czechoslovakia,,,,,,,,,,,,,,,,,,,,,,,,,,,,,,,,,,,,,,,,,,,,,,,,,,,,
Denmark,,,,,,,,,,,,,,,,,,,,,1.8,1.8,2,2.1,2.3,2.3,2.3,2.3,2.4,2.5,2.5,2.4,2.6,2.6,2.6,2.6,2.6,2.7,2.8,2.8,2.8,2.8,2.9,,3.59,,3.163,3.419,,,,
Djibouti,0.156626507639885,,,,,,,,,,0.283899992704392,,,,,,,,,,,0.223700001835823,,,0.238499999046326,,,,,,0.162499994,,,,,0.191,0.14,,,0.133,,,,,0.181,0.18,0.229,,,,,
Dominica,0.132669985294342,,,,,,,,,,0.160799995064735,,,,,,,,,,,,,,0.338600009679794,,,,,,0.4600000083,0.5278000236,,,,0.47,0.493,0.5,,,,,,,,,,,,,,
Dominican Republic,0.121324673295021,,,,,0.588281631469726,,,,,,,,,,0.435000002384186,,,,,,,,,0.564400017261505,,,,1.07389998435974,,1.4900000095,,,1.0539000034,,1.5,,2.156,,,1.88,,,,,,,,,,,
East Germany,,,,,,,,,,,,,,,,,,,,,,,,,,,,,,,,,,,,,,,,,,,,,,,,,,,,
Ecuador,0.395584583282471,,,,,0.334564536809921,,,,,0.348399996757507,,,,,0.351200014352798,,0.637000024318695,,,,,,,1.24430000782013,,,,,,1.5332000256,,,,,1.33,1.325,1.696,,1.397,1.48,,,,,,,,,,,
Egypt,0.391327828168869,,,,,0.434788525104523,,,,,0.52700001001358,,,,,0.535899996757507,,,,,1.0654000043869,1.36380004882812,1.36539995670319,,,,1.30359995365143,,,,0.7595000267,,,,1.8400000334,,2.02,1.6,,,2.118,,,,,2.43,,,,2.83,,
El Salvador,0.187354534864426,,,,,,,,,,0.2432000041008,,,,,0.241999998688698,,,,,0.325599998235702,0.386500000953674,,,0.351700007915497,,,,0.647300004959106,,0.8399999738,,,0.6600999832,,0.91,,1.071,,,1.211,,1.24,,,,1.5,,1.596,,,
Equatorial Guinea,0.16666667163372,,,,,,,,,,0.085900001227856,,,,,,,,,,,,,,,,,,,,0.2813000083,,,,,0.208,0.246,,,,,,,,0.3,,,,,,,
Eritrea,,,,,,,,,,,,,,,,,,,,,,,,,,,,,,,,,,0.0188999996,,,0.03,,,,,,,,0.05,,,,,,,
Eritrea and Ethiopia,,,,,,,,,,,,,,,,,,,,,,,,,,,,,,,,,,,,,,,,,,,,,,,,,,,,
Estonia,,,,,,,,,,,,,,,,,,,,,2.93799996376038,,,,,3.35019993782043,3.40799999237061,3.48399996757507,3.48539996147156,3.49009990692139,3.5037999153,3.5355000496,3.263999939,3.2072000504,3.2000000477,3.191,3.148,3.114,3.11,3.206,4.475,3.16,,,,,3.33,,3.409,,,
Ethiopia,0.0087831011042,,,,,0.014246920123696,,,,,0.011599999852478,,,,,0.011599999852478,,,,,0.011300000362098,0.011300000362098,,,0.012699999846518,,,,0.030799999833107,,,,,,0.0285,,0.025,0.023,0.021,0.02,0.021,0.028,0.029,0.03,,,,0.022,,,,
Faeroe Islands,,,,,,,,,,,,,,,,,,,,,,,,,,,,,,,,,,,,,,,,,,,,,,,,,,,,
Falkland Is (Malvinas),,,,,,,,,,,,,,,,,,,,,,,,,,,,,,,,,,,,,,,,,,,,,,,,,,,,
Fiji,0.494923859834671,,,,,,,,,,0.471199989318848,,,,,0.475699990987778,,,,,0.447899997234344,,0.493900001049042,,,,,,,0.35809999704361,,,0.472299993,,0.3763000071,,,0.476,0.357,0.337,,,,0.4529,,,,,,,,
Finland,,,,,,,,,,,,,,,,,,,,,,,,,,,,,,,2,2,2.1,2.1,2.2,2.2,2.3,2.4,2.4,2.5,2.6,2.6,2.6,2.6,,,3.3,3.319,2.735,,,
France,,,,,,,,,,,1.2,1.3,1.3,1.4,1.4,1.5,1.5,1.6,1.7,1.8,1.9,2,2.1,2.1,2.5,2.7,2.8,2.8,2.9,3,3.1,3.1,3.1,3.2,3.2,3.2,3.2,3.3,3.3,3.3,3.3,3.3,3.3,3.4,3.367,,3.41,3.736,3.497,,,
French Guiana,,,,,,,,,,,,,,,,,,,,,,,,,,,,,,,,,,,,,,,,,,,,,,,,,,,,
French Polynesia,,,,,,,,,,,,,,,,,,,,,,,,,,1.25150001049042,,,,,,,,,,,,,,,1.697,,,,,,,,,,,
Gabon,0.117283947765827,,,,,,,,,,0.190500006079674,,,,,,,,,,,0.457199990749359,,0.433400005102158,,0.518100023269653,,,0.245700001716614,0.494199991226196,,,,0.2150599957,0.256990999,0.289,,,,,,,,,0.29,,,,,,,
Gambia,0.042613636702299,,,,,,,,,,0.040899999439716,,,,,0.040100000798702,,,,,,,,,,0.08110000193119,,,,,,,,0.0163000003,,,,0.035,,,,,,0.11,,,,,0.038,,,
Georgia,,,,,,,,,,,3.20000004768372,3.29999995231628,3.3199999332428,3.40000009536743,3.47510004043579,3.63000011444092,3.72000002861023,3.80999994277954,3.95000004768372,4,4.12319993972778,4.2121000289917,4.31869983673096,4.33300018310547,4.47130012512207,4.61100006103516,4.69869995117188,4.80800008773804,4.86840009689331,4.97060012817383,4.9256000519,4.897600174,4.7255001068,5.00330019,4.898900032,4.792,4.457,5.192,5.042,3.768,4.731,4.295,3.907,4.089,,,4.65,4.538,,,,
Germany,,,,,,,,,,,,,,,,,,,,,,,,,,,,,,,,2.8,2.8,2.9,3,3.1,3.1,3.1,3.2,3.2,3.3,3.3,3.3,3.4,,,3.44,3.483,3.531,,,
Ghana,0.046501327306032,,,,,0.072806231677532,,,,,0.077500000596046,,,,,0.077500000596046,,,,,,,,,0.067199997603893,,,0.048700001090765,,0.043000001460314,,,,,,,0.062,,,,,,0.09,,0.15,,,,0.11,0.085,,
Gibraltar,,,,,,,,,,,,,,,,,,,,,,,,,,,,,,,,,,,,,,,,,,,,,,,,,,,,
Greece,1.3,1.2,1.3,1.3,1.4,1.4,1.4,1.5,1.5,1.6,1.6,1.7,1.7,1.9,2,2,2.1,2.2,2.3,2.3,2.4,2.5,2.6,2.8,2.9,2.9,3.1,3.3,3.2,3.3,3.4,3.6,3.7,3.8,3.8,3.9,3.9,4,4.1,4.2,4.3,4.4,,,,5,5.35,,6.043,,,
Greenland,1.16923081874847,,,,,,,,,,0.905200004577637,,,,,,,,,,1.13549995422363,,,,,,,,,,,,,,,,,,,,,,,,,,,,,,,
Grenada,0.222222223877907,,,,,,,,,,0.345899999141693,,,,,,,,,,,,,,0.490299999713898,,,,0.55349999666214,,0.5,,,0.5777999759,,0.65,,0.5,0.9756,,,,,,,,,,,,,
Guadeloupe,,,,,,,,,,,,,,,,,,,,,,,,,,,,,,,,,,,,,,,,,,,,,,,,,,,,
Guam,,,,,,,,,,,,,,,,,,,,,,,,,,,1.18690001964569,,,,,,,,,,,,,1.084,,,,,,,,,,,,
Guatemala,0.184203892946243,,,,,0.271134465932846,,,,,0.273699998855591,,,,,,,,,,,,,,0.469700008630753,,,,0.260300010442734,,0.7799999714,,,0.2500999868,,1.1,,0.933,,0.9,,,,,,,,,,,,
Guernsey,,,,,,,,,,,,,,,,,,,,,,,,,,,,,,,,,,,,,,,,,,,,,,,,,,,,
Guinea,0.036352042108774,,,,,0.02178899012506,,,,,0.019700000062585,,,,,,,,,,,0.021999999880791,0.021500000730157,,,0.025699999183416,,,,,0.1342999935,,,,0.1521999985,0.13,,,,,0.094,,,,0.11,0.1,,,,,,
Guinea-Bissau,0.04488330334425,,,,,,,,,,0.051500000059605,,,,,,,,,,0.141499996185303,,,,,0.144400000572205,,,,,,,,,0.1765999943,,0.166,,,,,,,,0.12,,,,0.045,,,
Guyana,0.254833042621613,,,,,,,,,,0.235499992966652,,,,,0.249300003051758,,,,,,,,,0.165000006556511,0.168400004506111,,,,,0.1700000018,,,0.1118000001,,0.33,,0.181,,,0.48,,,,,,,,,,,
Haiti,0.105152472853661,,,,,0.069756217300892,,,,,0.079899996519089,,,,,0.080700002610683,,,,,,0.110100001096725,,,0.140799999237061,0.136999994516373,,,0.142700001597404,,0.0799999982,,0.0839999989,0.0921000019,,0.16,,,0.25,,,,,,,,,,,,,
Holy See,,,,,,,,,,,,,,,,,,,,,,,,,,,,,,,,,,,,,,,,,,,,,,,,,,,,
Honduras,0.081309400498867,,,,,0.190200448036194,,,,,0.268500000238419,,,,,0.268999993801117,,,,0.330700010061264,,0.332399994134903,,,0.690599977970123,,,,0.829100012779236,,0.6999999881,0.4106999934,,,,0.65,,0.832,,,0.57,,,,,,,,,,,
"Hong Kong, China",0.326697140932083,,,,,0.3962621986866,,,,,0.662599980831146,,,,,0.67220002412796,,,,,0.825999975204468,,,,,,0.931800007820129,,,,,,,1.203799963,1.2707999945,1.319,,,,,,,,,,,,,,,,
Hungary,1.5,1.6,1.7,1.7,1.8,1.9,1.9,2,1.9,2,2,2.1,2.1,2.2,2.2,2.2,2.3,2.3,2.4,2.5,2.3,2.3,2.4,2.4,2.5,2.5,2.6,2.7,2.7,2.7,2.8,2.9,2.9,2.9,2.9,3,3,3,3.1,3.1,,,3.2,3.2,,,3.04,2.783,3.097,,,
Iceland,1.2,1.2,1.2,1.2,1.2,1.2,1.2,1.2,1.3,1.3,1.4,1.5,1.6,1.6,1.7,1.8,1.9,1.9,2,2,2.1,2.2,2.3,2.3,2.4,2.6,2.6,2.7,2.7,2.8,2.8,2.8,3,3,3,3,3.1,3.3,3.3,3.4,3.4,3.5,3.6,3.6,3.616,,3.77,,3.934,,,
India,0.210477665066719,,,,,0.204917058348656,,,,,0.204500004649162,,,,,0.204099997878075,,,,,0.371199995279312,0.270000010728836,,,0.396499991416931,,,,0.406599998474121,,,,0.4799999893,0.4066999853,,,,,0.513,,,,,,0.6,0.599,,,,,,
Indonesia,0.02061789855361,,,,,0.0315454415977,,,,,0.037300001829863,,,,,0.037099998444319,,,,0.085400000214577,,0.080300003290176,,0.106299996376038,,,,,,0.142299994826317,0.1441999972,0.1476999968,0.1501999944,0.1615999937,0.1599999964,,,,,,0.162,,,0.13,,,0.13,0.288,,,,
Iran,0.244223803281784,,,,,0.256923884153366,,,,,0.30579999089241,,,,,,,,,,,0.338299989700317,,,,,0.346500009298325,0.375999987125397,0.31810000538826,,,,,0.3183000088,,,0.85,,1.049,,,,,,0.45,0.89,,,,,,
Iraq,0.195414051413536,,,,,0.199974924325943,,,,,0.308899998664856,,,,,,,,,,0.563000023365021,0.568000018596649,,,,,0.596099972724914,0.576399981975555,,,0.6029000282,,,0.6028000116,,,,,0.55,,,0.543,,,0.658,0.66,,0.528,,0.69,,
Ireland,,,,,,,,,,,,,,,,,,,,,,,,,,,,,,,,,2,2,2,2.1,2.1,2.1,2.2,2.3,2.2,2.4,2.4,2.6,2.786,,2.94,3.08,3.187,,,
Isle of Man,,,,,,,,,,,,,,,,,,,,,,,,,,,,,,,,,,,,,,,,,,,,,,,,,,,,
Israel,2.47161769866943,,,,,2.5001950263977,,,,,2.88120007514954,2.97440004348755,3.15590000152588,3.30419993400574,,,,,,2.6939001083374,3.09409999847412,3.16659998893738,3.21350002288818,3.32299995422363,3.35339999198914,3.21460008621216,3.20040011405945,3.20740008354187,3.21029996871948,3.19549989700317,3.2070000172,3.3029000759,3.6565001011,3.6960000992,3.7309000492,3.736,3.766,3.793,3.775,3.915,3.766,3.91,,3.82,,,3.67,3.633,,,,
Italy,,,,,,,,,,,,,,,,,,,,,,,,,,,,,,,,,,3.8,3.7,3.9,4.1,4,4.1,4.2,4.2,4.4,4.4,4.1,4.203,,3.7,,4.242,,,
Jamaica,0.386126458644867,,,,,0.501704573631287,,,,,0.379900008440018,,,,,,,,,0.360700011253357,,0.358900010585785,,,0.489100009202957,,,,,,0.5699999928,,,0.4720000029,,0.57,1.401,1.401,,,,,,0.85,,,,,,,,
Japan,1,1,1,1,1,1,1,1,1,1.1,1.1,1.1,1.1,1.1,1.1,1.1,1.1,1.2,1.2,1.2,1.3,1.3,1.4,,1.4,1.5,1.5,,1.6,,1.7,,1.7,,1.8,,1.8,,1.9,,1.9,,2,,2.12,,2.063,,,,,
Jersey,,,,,,,,,,,,,,,,,,,,,,,,,,,,,,,,,,,,,,,,,,,,,,,,,,,,
Jordan,0.345971554517746,,,,,0.369680851697922,,,,,0.403800010681152,,,,,0.377900004386902,,,,,0.786300003528595,1.11409997940063,1.12810003757477,,1.15939998626709,,,,,,,1.3478000164,,,1.6254999638,,,1.66,,,,2.05,,,2.03,2.36,,2.561,,2.45,,
Kazakhstan,,,,,,,,,,,,,,,,,,,,,3.03570008277893,3.15409994125366,3.25329995155334,3.39590001106262,3.53130006790161,3.62910008430481,3.72429990768433,3.791100025177,3.87150001525879,3.96239995956421,3.9758999348,3.8389000893,3.9075000286,3.7658998966,3.6036999226,3.635,3.639,3.301,3.528,3.201,3.292,3.302,3.612,3.539,3.6,3.7,3.88,3.877,3.7,3.8,,
Kenya,0.091934710741043,,,,,0.075289770960808,,,,,0.125,,,,,0.126599997282028,,,,,,0.098999999463558,0.120200000703335,,,0.154499992728233,,,,,0.0450999998,,,0.1377999932,,0.132,,,,,,,0.14,,0.139,,,,,,,
Kiribati,0.540540516376495,,,,,,,,,,0.613499999046326,,,,,,,,,,0.51639997959137,,,,,,0.4966000020504,,,,0.1934999973,0.1761000007,0.185800001,0.1300999969,,,,,0.296,,,,,,0.23,,0.297,,,,,
North Korea,,,,,,,,,,,,,,,,,,,,,,,2.54909992218018,2.51110005378723,,,,,,,,,,,,2.97,,,,,,,,3.29,,,,,,,,
South Korea,,,,,,,,,,,,,,,,,,,,,,0.5,0.5,0.5,0.6,0.6,0.6,0.7,0.7,0.8,0.8,0.9,1,1,1.1,1.1,1.2,1.2,1.3,1.3,1.3,1.4,1.5,1.57,1.71,,,,1.967,,,
"United Korea (former)
",,,,,,,,,,,,,,,,,,,,,,,,,,,,,,,,,,,,,,,,,,,,,,,,,,,,
Kosovo,,,,,,,,,,,,,,,,,,,,,,,,,,,,,,,,,,,,,,,,,,,,,,,,,,,,
Kuwait,0.870503604412079,,,,,1.26326966285706,,,,,0.954299986362457,,,,,,,,,,1.6981999874115,1.41170001029968,1.62039995193481,,,,1.56560003757477,,,,0.1831,,,,,1.783,,1.89,,,,1.525,,,,1.8,,,,1.793,,
Kyrgyz Republic,,,,,,,,,,,,,,,,,,,,,2.60190010070801,3.08839988708496,2.76939988136292,3.06080007553101,2.9284999370575,3.03859996795654,3.14709997177124,3.24959993362427,3.32349991798401,3.36870002746582,3.3740999699,3.4124000072,3.3494999409,3.1184000969,3.0964000225,3.208,3.293,3.058,3.01,2.875,2.823,2.679,2.6,2.6,2.5,,2.39,2.301,,,,
Lao,0.020211299881339,,,,,0.041118420660496,,,,,0.065999999642372,,,,,,0.050900001078844,,,,,,,,,0.728799998760223,,,,,0.2343000025,,,,,,0.586,,,,,,,,0.35,0.272,,,,,,
Latvia,,,,,,,,,,,,,,,,,,,,,3.62299990653992,,,,,4.09910011291504,4.07709980010986,4.11180019378662,4.18330001831055,4.16200017929077,4.1177000999,4.0462999344,3.6017000675,3.1974999905,3.060199976,2.976,2.994,2.96,3.061,3.177,3.204,2.914,,3.008,,,3.14,3.039,,2.988,,
Lebanon,0.777781188488007,,,,,0.937694609165192,,,,,0.726000010967255,,,,,,,,,1.69260001182556,,1.71430003643036,,1.25530004501343,,,,,,1.86240005493164,,1.3258999586,,1.8622000217,,,,2.1,,,,3.253,,,,2.36,3.254,,,3.54,,
Lesotho,0.041713640093803,,,,,0.048289738595486,,,,,0.031800001859665,,,,,0.031899999827146,,,,,,,,,,0.071000002324581,,,,,0.0430000015,,,0.0504000001,,0.054,,,,,,,,0.05,,,,,,,,
Liberia,0.076997116208076,,,,,0.080334730446339,,,,,0.07940000295639,,,,,0.079599998891354,,,,,,0.105800002813339,,0.106700003147125,,,,,,,,,,,,,,0.023,,,,,,,0.03,,,,0.014,,,
Libya,0.151964411139488,,,,,0.258780032396317,,,,,0.368099987506866,,,,,,,,,,1.33319997787476,1.63269996643066,1.56239998340607,1.43970000743866,,,,,,,1.07099998,,,1.4407999516,,,,1.29,,,,,,,1.25,,,,,1.9,,
Liechtenstein,,,,,,,,,,,,,,,,,,,,,,,,,,,,,,,,,,,,,,,,,,,,,,,,,,,,
Lithuania,,,,,,,,,,,,,,,,,,,,,,,,,,3.72009992599487,3.81649994850159,3.8850998878479,3.94120001792908,3.97659993171692,4.0269999504,3.904900074,3.9279999733,3.9776000977,4.0911002159,4.061,4.099,4.128,4.12,4.151,4.01,4.027,,3.973,,,3.95,4.034,3.664,,,
Luxembourg,1,1,1,1,1,1,1,1,1.1,1.1,1.1,1.2,1.2,1.2,1.2,1.3,1.3,1.3,1.5,1.6,1.7,1.5,1.7,1.7,1.7,1.8,1.9,1.8,1.9,2,2,2,2.1,2.1,2.2,2.2,2.3,2.4,2.4,2.5,2.5,2.5,2.6,2.7,2.73,2.852,,2.862,,,,
"Macao, China",,,,,,,,,,,,,,,,,,,,,,,,,,,,,,,,,,,,,,,,,,,,,,,,,,,,
"Macedonia, FYR",,,,,,,,,,,0.890200018882752,0.918900012969971,0.953499972820282,1.01230001449585,1.02540004253387,1.12080001831055,1.11389994621277,1.15810000896454,1.23810005187988,1.31079995632172,1.34360003471375,1.46609997749329,1.49479997158051,1.67869997024536,1.6713000535965,1.80850005149841,1.90110003948212,1.95190000534058,2.03290009498596,2.13969993591309,2.1677000523,2.342400074,2.3710000515,2.3429000378,2.3150999546,2.297,2.251,2.249,2.246,2.211,2.201,2.191,,,,,2.5463,,,,,
Madagascar,0.114589147269726,,,,,0.092966057360172,,,,,0.097199998795986,,,,,0.0962999984622,,,,,,0.099399998784065,,,,0.100900001823902,,,,,0.1196999997,,,,,0.272,0.107,,,,,0.087,0.14,,0.29,,,0.161,,,,
Malawi,0.02748654037714,,,,,0.02113207615912,,,,,0.013100000098348,,,,,,,,,,,0.018500000238419,,,0.087399996817112,,,,,0.022600000724196,0.0219000001,,,0.0277999993,,,,,,,,,,0.011,0.02,,,,0.019,,,
Malaysia,0.14287468791008,,,,,0.161229208111763,,,,,0.23199999332428,,,,,0.233500003814697,,,,,0.255299985408783,0.255199998617172,,,,0.314999997615814,0.334600001573563,0.348399996757507,0.366600006818771,0.373800009489059,0.391900003,0.3928000033,0.4113999903,0.4309999943,0.4492000043,0.478,0.496,0.658,,0.683,0.702,,0.71,,,,,,0.941,,,
Maldives,,,,,,,,,,,0.033100001513958,,,,,,,,,,,0.049100000411272,0.065499998629093,,,,,,,0.072400003671646,0.0697999969,,,0.1914000064,,0.4,,,,,0.777,,,,0.92,,,1.595,,,,
Mali,0.014482758939266,,,,,0.019415449351072,,,,,0.022700000554323,,,,,0.02339999936521,,,,,0.039299998432398,0.038499999791384,,,,0.03940000012517,,0.042500000447035,0.054400000721216,,0.0513999984,,,,0.0469999984,0.043,0.063,,,,0.044,,,,0.08,,,0.074,0.049,,,
Malta,0.890577495098114,,,,,,,,,,1.07190001010895,1.02610003948212,,,,1.27629995346069,,,,,,1.17190003395081,1.26610004901886,,1.37950003147125,,,2.03189992904663,2.01500010490417,1.97319996356964,2.2592000961,2.446199894,2.4217998981,2.4525260925,,,,2.465,2.607,2.591,2.654,2.926,,3.183,,,3.88,3.351,,3.073,,
Marshall Islands,,,,,,,,,,,,,,,,,,,,,,,,,,,,,,,,,,,,,0.422,,,,0.47,,,,,,,,0.559,,,
Martinique,,,,,,,,,,,,,,,,,,,,,,,,,,,,,,,,,,,,,,,,,,,,,,,,,,,,
Mauritania,0.024217961356044,,,,,0.027372263371944,,,,,0.055700000375509,,,,,0.055399999022484,,0.068800002336502,,,,,,,0.082500003278256,0.113300003111362,,,,,0.0627000034,,,0.0634000003,,0.138,,,,,,,,,0.11,,,,,0.13,,
Mauritius,0.215151518583298,,,,,0.254980087280273,,,,,0.239700004458427,,,,,0.235400006175041,,,,,0.520699977874756,0.551500022411346,,,,0.528500020503998,,,,0.857999980449676,0.8108000159,0.8350999951,0.8474000096,0.8440999985,0.8454999924,0.85,,,,,,,,,1.06,,,,,,,
Mayotte,,,,,,,,,,,,,,,,,,,,,,,,,,,,,,,,,,,,,,,,,,,,,,,,,,,,
Mexico,,,,,,,,,,,,,,,,,,,,,,,,,,,,,,,1,1.1,1.3,1.4,1.5,1.6,1.6,1.4,1.2,1.7,1.98,1.5,1.5,1.5,2.893,,,,,,,
"Micronesia, Fed. Sts.",,,,,,,,,,,,,,,,,,,,,,,,,,,,,,,,,,0.4508000016,,,,,,0.573,0.598,,,0.55,,0.564,,,,,,
Moldova,,,,,,,,,,,,,,,,,,,,,2.81559991836548,2.89529991149902,3.00690007209778,3.08920001983643,3.19320011138916,3.29670000076294,3.37030005455017,3.44359993934631,3.52040004730225,3.57340002059936,3.5501999855,3.4841001034,3.5095999241,3.5553998947,3.5643000603,3.513,3.562,3.582,3.631,3.245,3.18,2.694,,2.636,,,2.66,2.668,,,,
Monaco,,,,,,,,,,,2.40000009536743,1.95829999446869,2.20830011367798,2.25,2.375,2.35999989509583,2.41669988632202,2.40000009536743,2.3199999332428,2.35999989509583,2.38459992408752,2.23079991340637,2.18519997596741,,,,,,,2.85710000991821,,,3,,,5.81,,,,,,,,,,,,,,,,
Mongolia,0.910323262214661,,,,,1.37751376628876,,,,,1.72930002212524,,,,,,,,,,,,,,,,,,,,2.5383999348,2.6949000359,2.6180000305,,,,,,2.433,2.54,,,2.63,,,,,,2.763,,,
Montenegro,,,,,,,,,,,,,,,,,,,,,,,,,,,,,,,,,,,,,,,,,,,,,,,2.03,1.986,,,,
Montserrat,,,,,,,,,,,,,,,,,,,,,,,,,,,,,,,,,,,,,,,,,,,,,,,,,,,,
Morocco,0.106313437223434,,,,,0.082488931715488,,,,,0.076399996876717,,,,,0.076300002634525,,,,,,0.053899999707937,0.064499996602535,,,,,0.217199996113777,0.214300006628036,,,,,0.2143999934,0.3628000021,,,0.46,,,,0.483,,,0.51,,,0.564,,0.62,,
Mozambique,0.043023724108934,,,,,0.056008636951446,,,,,0.052999999374151,,,,,,,,,,0.025499999523163,0.027000000700355,0.026399999856949,,,0.020600000396371,,,,0.027599999681115,0.0121790003,,,,,,,,,,0.024,,,,0.03,,0.027,,,,,
Myanmar,0.064814813435078,,,,,0.084941439330578,,,,,0.114399999380112,,,,,,,,,,,0.20270000398159,,,,0.269899994134903,,,,0.081399999558926,0.0784000009,,,,,0.293,,,,0.297,0.302,,,,0.36,,,,0.457,,,
Namibia,,,,,,,,,,,,,,,,,,,,,,,,,,,,,,,,0.2313999981,0.2316000015,,,,,0.295,,,,,,,0.3,,,0.374,,,,
Nauru,,,,,,,,,,,,,,,,,,,,,,,,,,,,,,,,,,,,,,,,,,,,,,,,,,,,
Nepal,0.013009452261031,,,,,0.020759962499142,,,,,0.018600000068545,,,,,0.018999999389052,,,,,0.033500000834465,,,,0.031399998813868,0.034099999815226,,0.050999999046326,0.050799999386072,0.053700000047684,0.0507000014,0.0621000007,0.0756999999,0.0737000033,,0.04,0.04,0.04,0.04,,,0.052,,,0.21,,,,,,,
Netherlands,1.1,1.1,1.1,1.1,1.1,1.2,1.2,1.2,1.2,1.2,1.2,1.3,1.4,1.4,1.5,1.6,1.7,1.7,1.8,1.8,1.9,2,2,2.1,2.2,2.2,2.3,2.4,2.4,2.4,2.5,2.6,,,,,,,2.9,3.1,3.2,3.3,3.1,3.1,,3.71,,3.921,,,,
Netherlands Antilles,,,,,,,,,,,,,,,,,,,,,,,,,,,,,,,,,,,,,,,,,,,,,,,,,,,,
New Caledonia,,,,,,,,,,,,,,,,,,,,,,,,0.653400003910065,,,,,,,,,,,,,,,,1.982,,,,,,,,,,,,
New Zealand,,1.1,,,,,1.1,,,,,1.1,,1.2,,,1.3,1.4,1.4,1.5,1.6,1.6,1.6,1.7,1.7,1.7,1.8,1.8,1.9,1.9,1.9,1.9,1.9,1.9,2,2,2,2.2,2.2,2.2,2.2,2.2,2.13,2.2,,,,2.384,,,,
Ngorno-Karabakh,,,,,,,,,,,,,,,,,,,,,,,,,,,,,,,,,,,,,,,,,,,,,,,,,,,,
Nicaragua,0.33981841802597,,,,,0.378109455108643,,,,,0.452699989080429,,,,,0.459600001573563,,,,,0.415600001811981,0.425500005483627,,,0.636900007724762,,,,0.471300005912781,,0.6571000218,,,,,0.82,,0.856,,,,,,0.37,,,,,,,,
Niger,0.010999371297658,,,,,0.015737161040306,,,,,0.01659999974072,,,,,0.016400000080466,,,,,,,,,0.025100000202656,,,,,,0.0184000004,,0.0272000004,,0.0225000009,,0.024,0.035,0.033,,,,0.033,,0.02,,,,0.019,,,
Nigeria,0.017148036509752,,,,,0.042609483003616,,,,,0.050400000065565,,,,,0.049499999731779,,,,,0.112999998033047,,0.149000003933907,,,0.192399993538856,0.186700001358986,,,0.19200000166893,,,0.1850000024,0.1920000017,,,,,,,0.269,,,0.28,,,,,0.395,,,
Niue,,,,,,,,,,,,,,,,,,,,,,,,,,,,,,,,,,,,,,,,,,,,,,,,,,,,
Norfolk Island,,,,,,,,,,,,,,,,,,,,,,,,,,,,,,,,,,,,,,,,,,,,,,,,,,,,
Northern Cyprus,,,,,,,,,,,,,,,,,,,,,,,,,,,,,,,,,,,,,,,,,,,,,,,,,,,,
Northern Mariana Islands,,,,,,,,,,,,,,,,,,,,,,,,,,,,,,,,,,,,,,,,0.445,,,,,,,,,,,,
Norway,1.2,,1.2,1.1,1.2,1.3,1.3,1.3,1.4,1.4,1.4,1.5,1.5,1.6,1.7,1.7,1.8,1.9,1.9,1.9,2,2,2.1,2.1,2.2,2.2,2.3,2.5,,,,2.6,2.6,2.6,2.7,2.8,2.8,2.5,2.7,2.8,2.9,3,3.1,3.1,,,3.77,3.889,4.076,,,
Oman,0.030465949326754,,,,,0.038034863770008,,,,,0.107900001108646,,,,,0.107400000095367,,,,,0.466800004243851,,0.549099981784821,,,0.523299992084503,,0.833500027656555,,0.883099973201752,0.6108999848,,,0.8841999769,,,,1.3,1.33,,,,1.257,,1.319,1.67,,1.84,1.901,,,
Pakistan,0.185295850038528,,,,,,,,,,0.23199999332428,,,,,0.232600003480911,,,,,0.285199999809265,0.343699991703033,0.342299997806549,,,,0.35139998793602,,,,0.461800009,0.4796999991,0.503099978,0.5181000233,0.5953999758,,,0.57,,,,0.662,,,0.739,0.8,,0.777,,0.813,,
Palau,,,,,,,,,,,,,,,,,,,,,,,,,,,,,,,,,,,,,,,1.111,,1.58,,,,,,1.3,,,,,
Panama,0.356127887964249,,,,,0.478127390146256,,,,,0.613499999046326,,,,,0.596599996089935,,,,,,0.992999970912933,,,1.02079999446869,1.00600004196167,,,1.79330003261566,,1.6399999857,,,1.779399991,,1.668,1.17,,,,1.5,,,,,,,,,,,
Papua New Guinea,,,,,,0.079143390059471,,,,,0.085900001227856,,,0.056099999696016,,0.085400000214577,,,,,0.062199998646975,0.062199998646975,,,,0.162200003862381,,,,,0.0727000013,,,,,,,,0.073,,0.05,,,,,,,,0.053,,,
Paraguay,0.533659040927887,,,,,0.532916843891144,,,,,0.43529999256134,,,,,0.438899993896484,,,,0.563199996948242,,0.578599989414215,,,0.700600028038025,0.675000011920929,,,0.639699995517731,,0.6499999762,0.8126999736,,,0.280099988,0.73,,1.098,,,1.17,,1.11,,,,,,,,,
Peru,0.509616374969482,,,,,0.60451728105545,,,,,0.520699977874756,,,,,0.526300013065338,,,,0.691799998283386,0.715799987316132,0.76010000705719,0.846300005912781,0.901700019836426,0.90750002861023,0.928600013256073,0.984099984169006,0.983399987220764,0.965200006961822,1.03480005264282,1.0644999743,,1.0299999714,,,0.98,,0.932,,1.17,,,,,,,,,,0.92,,
Philippines,0.145961925387382,,,,,,,,,,0.110799998044968,,,,,0.112700000405312,,,,,0.128199994564056,0.149900004267693,,,0.153600007295609,0.153600007295609,,,,0.124200001358986,0.1186999977,,0.1084000021,,,,1.23,1.24,,,0.585,,1.15,,1.153,,,,,,,
Pitcairn,,,,,,,,,,,,,,,,,,,,,,,,,,,,,,,,,,,,,,,,,,,,,,,,,,,,
Poland,1,1,1.1,1.1,1.2,1.2,1.3,1.3,1.4,1.4,1.4,1.5,1.5,1.5,1.6,1.6,1.6,1.7,1.7,1.7,1.8,1.8,1.8,1.9,1.9,2,2,2.1,2.1,2.1,2.1,2.2,2.2,2.2,2.3,2.3,2.4,2.4,2.3,2.3,2.2,2.3,2.3,2.5,,1.97,2.012,,2.144,,,
Portugal,0.8,0.8,0.9,0.8,0.8,0.9,0.9,0.9,1,0.9,0.9,1,1,1.1,1.2,1.2,1.3,1.5,1.7,1.9,2,2.1,2.2,2.3,2.4,2.5,2.6,2.6,2.7,2.8,2.8,2.8,2.9,2.9,2.9,2.9,3,3,3.1,3.1,3.2,3.2,3.3,3.3,,3.44,,,,3.755,,
Puerto Rico,,,,,,,,,,,,,,,,,,,,,,,,,,,,,,,,,,,,1.75,,,,,,,,,,,,,,,,
Qatar,,,,,,,,,,,0.513499975204468,,,,,,,,,,,0.737900018692017,,,,,1.67560005187988,,,,1.5,,,,,,1.26,1.26,,,,2.217,,,,2.64,2.757,,,,,
Reunion,,,,,,,,,,,,,,,,,,,,,,,,,,,,,,,,,,,,,,,,,,,,,,,,,,,,
Romania,1.26924955844879,,,,,1.31581437587738,,,,,1.18499994277954,1.20759999752045,,1.24210000038147,,1.31809997558594,1.33210003376007,1.35520005226135,1.37699997425079,1.41349995136261,1.4757000207901,1.5407999753952,1.63469994068146,1.97239995002747,1.72389996051788,1.76240003108978,1.78349995613098,1.78980004787445,1.80519998073578,1.81149995326996,1.8018000126,1.8158999681,1.8659000397,1.7695000172,1.7647999525,1.768,1.81,1.791,1.836,1.909,1.889,1.887,,1.905,,,1.9166,,,,,
Russia,,,,,,,,,,,,,,,,,,,,,,,,,,3.87089991569519,3.93899989128113,4.00419998168945,4.03970003128052,4.08519983291626,4.070400238,4.0455999374,3.8717000484,3.9723000526,3.8350999355,3.859,4.096,4.155,4.209,4.194,4.213,4.172,4,4.252,4,4,4.3089,,,,,
Rwanda,0.007658643182367,,,,,0.013823436573148,,,,,0.01659999974072,,,,,0.016699999570847,,,,,0.031800001859665,0.030899999663234,,0.028699999675155,,0.026900000870228,,,,0.040100000798702,,,,0.0401000008,,,,,,,,,0.019,,0.05,0.024,,,,,,
St. Barthélemy,,,,,,,,,,,,,,,,,,,,,,,,,,,,,,,,,,,,,,,,,,,,,,,,,,,,
St. Helena,,,,,,,,,,,,,,,,,,,,,,,,,,,,,,,,,,,,,,,,,,,,,,,,,,,,
St. Kitts and Nevis,0.235294118523598,,,,,,,,,,0.311800003051758,,,,,,,,,,0.36039999127388,,,,0.458000004291534,,,,,,0.8999999762,,,,,1.07,,1.186,,,1.0952,,,,,,,,,,,
St. Lucia,0.138824611902237,,,,,,,,,,0.187399998307228,,,,,,,,,,,,,,0.284799993038178,,,,,,0.349999994,0.3932999969,,0.5440000296,,0.56,,0.473,,5.17,,,0.473,,,,,,,,,
St. Martin,,,,,,,,,,,,,,,,,,,,,,,,,,,,,,,,,,,,,,,,,,,,,,,,,,,,
St. Vincent and the Grenadines,0.100000001490116,,,,,,,,,,0.181799992918968,,,,,,,,,,,,,,0.266299992799759,,,,,,0.4600000083,0.1345999986,,,,0.46,,0.871,,,0.7542,,,,,,,,,,,
St.-Pierre-et-Miquelon,,,,,,,,,,,,,,,,,,,,,,,,,,,,,,,,,,,,,,,,,,,,,,,,,,,,
Samoa,0.44144144654274,,,,,,,,,,0.350100010633469,,,,,,,,,,0.361299991607666,0.404300004243851,,,,,0.279500007629395,,,0.207399994134903,,,0.3646999896,,,,0.344,,0.33,0.702,,,,0.28,,0.27,,,,,,
San Marino,,,,,,,,,,,,,,,,,,,,,2.05999994277954,2.21799993515015,2.18099999427795,2.24699997901916,2.16599988937378,2.28699994087219,2.3989999294281,2.51900005340576,2.53800010681152,2.42300009727478,,,,,,,,,,,,,,,,,,,,,,
Sao Tome and Principe,0.299684554338455,,,,,,,,,,0.232899993658066,,,,,,,,,,0.438199996948242,0.418700009584427,,0.537000000476837,,,,,,0.545799970626831,0.5303999782,,0.3278999925,,,,0.467,,,,,,,,0.49,,,,,,,
Saudi Arabia,0.061104293912649,,,,,0.106405183672905,,,,,0.13400000333786,,,,,,,,,,,0.549600005149841,,,,,1.34560000896454,,,,1.4334000349,,,1.3351000547,,,,1.66,,,,1.397,,,1.37,,,1.622,0.939,,,
Senegal,0.04392845928669,,,,,0.051296193152666,,,,,0.063299998641014,,,,,0.06140000000596,,,,,,0.07880000025034,0.07660000026226,,,,,,,,0.0549000017,,0.0675999969,,0.0956000015,0.075,0.093,0.093,0.095,,,,,,0.06,,,,0.059,,,
Serbia,,,,,,,,,,,,,,,,,,,,,,,,,,,,,,,,,,,,,,,,,,,,,,,1.99,2.035,,,,
Serbia and Montenegro,,,,,,,,,,,,,,,,,,,,,,,,,,,,,,,,,,,,,,,,,,,,,,,,,,,,
Serbia excluding Kosovo,,,,,,,,,,,,,,,,,,,,,,,,,,,,,,,,,,,,,,,,,,,,,,,,,,,,
Seychelles,0.311750590801239,,,,,,,,,,0.223900005221367,,,,,0.218099996447563,,,,,,,,0.406800001859665,,0.445100009441376,,,,,,,,1.0274000168,,,1.324,,,,,,,,1.51,,,,,,,
Sierra Leone,0.047300312668085,,,,,0.059283655136824,,,,,0.056099999696016,,,,,0.053899999707937,,,,,0.057799998670816,0.052700001746416,,,0.074699997901916,,,,,,,,,,,,0.073,,,,,,,,0.03,,,,0.016,,,
Singapore,0.420413136482239,,,,,0.526232123374939,,,,,0.656899988651276,,,,,0.666800022125244,,,,,0.850899994373322,0.876800000667572,,,,0.998199999332428,0.72299998998642,,1.11099994182587,,1.2657999992,1.320299983,1.3478000164,1.3847999573,1.410599947,,,,1.627,1.348,,1.4,,1.5,,,,,,1.833,,
Slovak Republic,,,,,,,,,,,,,,,,,,,,,,,,,,,,,,,,,,,,,,,,,3.2,3.1,3.1,3.1,3.12,,,3,,,,
Slovenia,,,,,,,,,,,,,,,,,,,,,1.77100002765656,,1.8425999879837,,1.8610999584198,1.87919998168945,1.88209998607636,2.00440001487732,2.02360010147095,2.06319999694824,1.9901000261,2.0785999298,2.0906999111,2.030299902,2.1895000935,2.121,2.135,2.147,2.178,2.135,2.17,2.194,2.253,,,2.4,2.424,,2.473,,,
Solomon Islands,0.186440676450729,,,,,,,,,,0.204999998211861,,,,,,,,,,,,,,,,0.135199993848801,,,0.151999995112419,,,0.1569000036,,,0.14,,,,0.127,,,,0.13,,0.186,,,,,,
Somalia,0.023758865892887,,,,,0.027103686705232,,,,,0.036699999123812,,,,,0.037999998778105,,,,,0.046100001782179,0.041000001132488,,,0.071400001645088,,,,,,,,,0.0421999991,,,,0.04,,,,,,,,,0.035,,,,,
Somaliland,,,,,,,,,,,,,,,,,,,,,,,,,,,,,,,,,,,,,,,,,,,,,,,,,,,,
South Africa,,,,,,0.487948775291443,,,,,,,,,,0.538600027561188,,,0.551199972629547,,,,,,,,,0.612600028514862,,,,,0.6243000031,,,,0.593,,,,,0.692,,,0.77,,,,,,,
South Ossetia,,,,,,,,,,,,,,,,,,,,,,,,,,,,,,,,,,,,,,,,,,,,,,,,,,,,
Spain,,,,,,,,,,,,,,,,,,,,,,,,,,,,,,,,,,,,2.5,2.8,2.9,2.8,2.9,3.2,3.1,2.9,3.3,,,,3.757,,3.705,,
Sri Lanka,0.222570538520813,,,,,0.171891793608665,,,,,0.169400006532669,,,,,0.16949999332428,,,,,0.139400005340576,0.133799999952316,0.13400000333786,,,0.18129999935627,0.137600004673004,,,0.146099999547005,,,,0.1460999995,0.2302999943,,,,,0.365,0.428,,,,0.55,,0.492,,,,,
Sudan,0.029517702758312,,,,,0.041190288960934,,,,,0.068300001323223,,,,,0.068499997258186,,,,,0.109899997711182,0.10080000013113,,,0.096199996769428,,0.089900001883507,,,,,,,,0.1048000008,,0.09,,,,0.158,,,,0.22,,0.3,,0.28,,,
Suriname,0.510344803333282,,,,,,,,,,0.465099990367889,,,,,,,,,,,,,,0.790899991989136,,,,,,0.75,,,0.7620000243,,0.75,0.252,,,,0.45,,,,,,,,,,,
Svalbard,,,,,,,,,,,,,,,,,,,,,,,,,,,,,,,,,,,,,,,,,,,,,,,,,,,,
Swaziland,0.10429447889328,,,,,,,,,,0.124099999666214,,,,,,,,,,,,,0.053199999034405,,,,,,,0.1077999994,,,,,,0.151,,,,0.176,,,,0.16,,,,,,,
Sweden,1,1,1,1,1.1,1.1,1.1,1.2,1.2,1.3,1.3,1.4,1.5,1.5,1.6,1.7,1.8,1.9,2,2,2.2,2.3,2.3,2.4,2.6,2.6,2.8,2.8,2.8,2.8,2.9,,2.7,2.7,2.8,2.9,2.9,2.9,3,3,3.1,3.2,3.3,,3.28,,3.583,,,,,
Switzerland,1.4,1.4,1.4,1.4,1.4,1.4,1.4,1.4,1.4,1.5,1.5,1.6,1.6,1.7,1.8,1.9,2,2.1,2.2,2.4,2.5,2.6,2.6,2.6,2.6,2.7,2.8,2.9,3,2.9,3,3,3,3.1,3.1,3.2,3.2,3.3,3.3,3.4,3.5,3.5,3.6,,,,3.97,,,4.07,,
Syria,0.215961411595345,,,,,0.18516431748867,,,,,0.259400010108948,,,,,0.256399989128113,,,,,0.445800006389618,0.462999999523163,,,,,0.806599974632263,0.783399999141693,,0.862999975681305,0.834800005,,,,,,,1.1,1.44,1.3,,1.399,,,,,0.53,,1.5,,,
Taiwan,,,,,,,,,,,,,,,,,,,,,,,,,,,,,,,,,,,,,,,,,,,,,,,,,,,,
Tajikistan,,,,,,,,,,,,,,,,,,,,,,,,,,2.52740001678467,2.55590009689331,2.58229994773865,2.69709992408752,2.67820000648499,2.5508999825,2.4191999435,2.2657001019,2.1767001152,2.2541000843,2.136,2.086,2.023,2.086,2.102,2.13,2.18,,2.033,,,2.0128,,,,,
Tanzania,0.054875060915947,0.039539363235235,,,,0.045327220112085,,,,,0.043699998408556,,,,,0.044300001114607,,,,,,,,,0.038899999111891,0.035399999469519,,0.038800001144409,,,,,,,0.0419000015,0.041,,,,,,,0.02,,,,0.008,,,,,
Thailand,0.128902703523636,,,,,0.139682129025459,,,,,0.120700001716614,,,,,0.119099996984005,,,,,0.146999999880791,0.145500004291534,,0.159500002861023,0.159999996423721,0.169100001454353,0.182199999690056,0.181400001049042,0.209700003266335,0.232800006866455,0.2252999991,0.2266000062,0.2337000072,0.233099997,,0.24,0.365,,,0.301,0.37,,0.305,,0.298,,,,,,,
Timor-Leste,,,,,,,,,,,,,,,,,,,,,,,,,,,,,,,,,,,,,,,,,,,,,0.1,,,,,,,
Togo,0.020997375249863,,,,,0.042761147022247,,,,,0.034800000488758,,,,,0.03489999845624,,,,,0.05519999936223,0.048599999397993,,,0.117399998009205,,0.085299998521805,,,,,0.0878000036,,,0.056400001,0.076,,,,,,0.057,,,0.04,,,,0.053,,,
Tokelau,,,,,,,,,,,,,,,,,,,,,,,,,,,,,,,,,,,,,,,,,,,,,,,,,,,,
Tonga,0.375,,,,,,,,,,0.255800008773804,,,,,,,,,,0.361699998378754,0.602199971675873,0.599500000476837,,,,,,,0.49210000038147,,0.5083000064,,,,,,0.44,,,0.499,0.343,0.2912,,,,,,,,,
Transnistria,,,,,,,,,,,,,,,,,,,,,,,,,,,,,,,,,,,,,,,,,,,,,,,,,,,,
Trinidad and Tobago,0.417556345462799,,,,,0.26227679848671,,,,,0.444900006055832,,,,,0.453599989414215,,,,,0.726400017738342,0.672999978065491,,,1.04330003261566,,,,,,0.7200000286,0.7315999866,,0.6577000022,0.7879999876,0.79,,0.79,,,,,,,,,,1.175,,,,
Tunisia,0.099739395081997,,,,,0.125054001808166,,,,,0.168500006198883,,,,,0.16949999332428,,,,,0.270700007677078,0.274599999189377,,,,,0.460900008678436,,,,0.5282999873,0.5368999839,0.6453999877,0.6506000161,0.5673000216,0.663,,0.7,,,,,,,1.34,,,,,1.19,,
Turkey,0.3,0.3,0.4,0.4,0.3,0.4,0.4,0.4,0.4,0.4,0.4,0.5,0.5,0.5,0.5,0.5,0.6,0.6,0.6,0.6,0.6,0.6,0.7,0.7,0.7,0.7,0.7,0.7,0.8,0.9,0.9,1,1,1,1.1,1.1,1.1,1.2,1.2,1.2,1.3,1.3,1.4,1.4,1.3,1.3,1.56,,1.451,1.64,,
Turkmenistan,,,,,,,,,,,,,,,,,,,,,2.83879995346069,,,,,3.30430006980896,3.44000005722046,3.52740001678467,3.55019998550415,3.59980010986328,3.613699913,3.6728000641,3.5887000561,3.5697999001,3.53489995,3.17,3.222,3.171,,,,,4.179,,,,2.49,2.438,,,,
Turks and Caicos Islands,,,,,,,,,,,,,,,,,,,,,,,,,,,,,,,,,,,,,,,,,,,,,,,,,,,,
Tuvalu,,,,,,,,,,,,,,,,,,,,,,,,,,,,,,,,,,,,,,,,,,,0.5454546,0.91,,,,,0.636,,,
Uganda,0.073757998645306,,,,,0.090219959616661,,,,,0.108499996364117,,,,,0.107500001788139,,,,,,0.046700000762939,0.045800000429153,,0.044100001454353,,,,,0.044599998742342,,,,0.0399999991,,,,,,,,,0.047,,0.08,0.117,,,,,,
Ukraine,,,,,,,,,,,,,,,,,,,,,3.51460003852844,3.63089990615845,3.74070000648499,3.82010006904602,3.90919995307922,4.0019998550415,4.06020021438599,4.14300012588501,4.2003002166748,4.2746000289917,4.2895002365,4.3452000618,4.2971000671,4.3418002129,4.3141999245,4.407,2.992,2.97,2.99,2.986,2.978,2.974,,2.951,,,3.1254,,,,,
United Arab Emirates,,,,,,,,,,,0.909099996089935,,,,,,,,,,1.06809997558594,,,,0.953199982643128,,,,,,0.8274999857,,0.8399999738,,,,,1.81,,,,2.023,1.69,,,1.545,,1.93,,,,
United Kingdom,0.8,0.9,0.9,0.9,0.9,0.9,0.9,0.9,0.9,0.9,0.9,1,1,1.1,1.1,1.1,1.2,1.2,1.2,1.3,1.3,1.3,1.3,1.4,1.4,1.4,1.4,1.5,1.5,1.5,1.6,1.6,1.6,1.7,1.7,1.7,1.8,2.3,1.9,1.9,1.9,2,2.3,2.2,,,,,,2.739,,
United States,1.1,,,,,1.2,,,,,1.2,,,,,1.3,1.3,1.3,1.4,1.4,1.5,1.5,1.6,1.6,,1.7,1.7,1.8,1.8,1.8,1.8,1.9,1.9,1.9,,2,2,2.1,2.1,2.2,2.56,2.2,2.3,,2.672,,,,,,,
Uruguay,1.06382977962494,,,,,1.13627922534943,,,,,1.09329998493195,,,,,1.11129999160767,,,,,,1.99660003185272,,,1.92569994926453,1.94749999046326,,,,,3.6800000668,,3.2260000706,,,3.56,3.703,,,3.745,,,3.65,,,,,4.181,3.736,,,
USSR,,,,,,,,,,,,,,,,,,,,,,,,,,,,,,,,,,,,,,,,,,,,,,,,,,,,
Uzbekistan,,,,,,,,,,,,,,,,,,,,,2.66910004615784,,,,,2.69440007209778,3.25460004806519,3.31920003890991,3.36350011825562,3.38560009002686,3.3875000477,3.4249999523,3.3210000992,3.3378000259,3.2950000763,3.239,3.171,3.115,3.085,2.975,2.946,2.885,,2.745,,2.65,,2.617,,,,
Wallis et Futuna,,,,,,,,,,,,,,,,,,,,,,,,,,,,,,,,,,,,,,,,,,,,,,,,,,,,
Vanuatu,0.276923090219498,,,,,,,,,,0.30120000243187,,,,,,,,,,0.191200003027916,0.18860000371933,,,,,0.203799992799759,,,0.125400006771088,,0.0989999995,,,,,,0.11,,,,,,,0.14,,,,0.116,,,
Venezuela,0.665655076503754,,,,,0.815152823925018,,,,,0.883400022983551,,,,0.90420001745224,0.90420001745224,0.903999984264374,,,,0.829599976539612,0.995700001716614,0.833299994468689,,1.43579995632172,1.19620001316071,1.39919996261597,1.40110003948212,1.59969997406006,1.69539999961853,1.5643999577,,,,,1.94,,2.029,,,,1.94,,,,,,,,,,
West Bank and Gaza,,,,,,,,,,,,,,,,,,,,,,,,,,,,,,,,,,,,,,,0.5,,,0.837,,,,,,,,,,
West Germany,,,,,,,,,,,,,,,,,,,,,,,,,,,,,,,,,,,,,,,,,,,,,,,,,,,,
Western Sahara,,,,,,,,,,,,,,,,,,,,,,,,,,,,,,,,,,,,,,,,,,,,,,,,,,,,
Vietnam,,,,,,,,,,,,,,,,,,,,,0.240899994969368,0.246999993920326,,,,,1.05599999427795,,,0.390899986028671,0.4038999975,0.4065999985,0.4372000098,,,,,0.569,0.48,0.515,,0.534,0.56,,,,,,1.224,,,
Virgin Islands (U.S.),,,,,,,,,,,,,,,,,,,,,,,,,,,,,,,1.6499999762,,,,,1.645,,,,,,,,,,,,,,,,
North Yemen (former),,,,,,,,,,,,,,,,,,,,,,,,,,,,,,,,,,,,,,,,,,,,,,,,,,,,
South Yemen (former),,,,,,,,,,,,,,,,,,,,,,,,,,,,,,,,,,,,,,,,,,,,,,,,,,,,
Yemen,0.023441966623068,,,,,0.031661815941334,,,,,0.028699999675155,,,,,,,,,,,0.14470000565052,,,,0.171299993991852,,,,,0.0070000002,,,,,0.247,0.23,,0.2,,,0.219,,,0.33,,,,,0.3,,
Yugoslavia,,,,,,,,,,,,,,,,,,,,,,,,,,,,,,,,,,,,,,,,,,,,,,,,,,,,
Zambia,0.106972299516201,,,,,0.087714441120624,,,,,0.073299996554852,,,,,0.074199996888638,,,,,0.075599998235702,0.126399993896484,,0.139500007033348,,0.140900000929832,,,,,0.0916000009,,,,,0.069,,,,,,,,,0.12,,0.055,,,,,
Zimbabwe,0.202096208930016,,,,,0.124799996614456,,,,,0.161500006914139,,,,,0.157800003886223,,,,,0.160899996757507,0.13850000500679,,,,0.162499994039536,,0.134800001978874,,,0.1353999972,,,,,0.139,,,,,,,0.057,,0.16,,,,,,,
Åland,,,,,,,,,,,,,,,,,,,,,,,,,,,,,,,,,,,,,,,,,,,,,,,,,,,,
South Sudan,,,,,,,,,,,,,,,,,,,,,,,,,,,,,,,,,,,,,,,,,,,,,,,,,,,,
Christian,,,,,,,,,,,,,,,,,,,,,,,,,,,,,,,,,,,,,,,,,,,,,,,,,,,,
Coastline,,,,,,,,,,,,,,,,,,,,,,,,,,,,,,,,,,,,,,,,,,,,,,,,,,,,