Total 0-4 years (%),1950,1955,1960,1965,1970,1975,1980,1985,1990,1995,2000,2005,2010,2015,2020,2025,2030,2035,2040,2045,2050
Afghanistan,17.5849797521168,16.9487674656367,17.2872893696692,17.6309837919337,17.9744910887744,18.1811360396188,18.3552018355202,18.6528918896933,18.8965736545035,19.1495244414952,19.1264546915324,18.5839624566415,17.7428218161835,17.439042195941,17.0144502829426,16.3179078921034,15.3329779462576,14.2115704821625,13.1471225620034,12.2176726984546,11.4043036639301
Albania,14.2504118616145,15.8695652173913,17.3805090006207,16.9074371321562,15.0608044901777,13.9941690962099,12.8694350916573,12.2041920216362,11.8237082066869,10.5649537184807,9.45241199478488,7.1405596654873,7.03692016408962,7.27216937710954,7.27762803234501,6.71180453341183,5.91161837869476,5.39906103286385,5.3518628030751,5.43283582089552,5.35876475930972
Algeria,15.8784555631711,16.7490220300597,18.1498286878415,19.5085129581481,19.4501018329939,18.7601448370583,17.8575225943647,17.3824501063493,15.1768056324658,12.8670487511498,9.89706268030422,9.60672105199075,9.70100793359496,9.47255113024758,8.79377814968866,7.79599356358294,6.88845663693071,6.37768889849746,6.21820475089342,6.2337075884152,6.107762704348
Angola,16.9561022672455,18.3844625910395,18.8660411259732,19.197239375227,19.1846128554989,19.0252495596007,19.4805194805195,19.706386626661,19.8255650379818,19.7016830182659,18.6650791427371,18.4438560596943,17.0756107834878,16.6297833102812,15.8294225668231,14.814679835271,13.7070524412297,12.6965114538105,11.8526663001649,11.1198637969151,10.4197227085601
Argentina,11.3521077488193,11.2721332209106,10.9553277895958,10.5065330230893,10.2316280619897,10.6412425034599,11.7105917454003,10.6689162366018,10.2843426883309,9.92752789600828,9.28557892742088,8.57452686478531,8.36325185658781,8.02406750182152,7.5839653304442,7.11374583178955,6.67682475186761,6.29106235279534,6.15552722637042,6.00708119505112,5.83408582309293
Armenia,11.094674556213,15.0351887396033,16.9700214132762,15.6916099773243,11.5965051628276,10.6473293243721,10.6843124596514,11.3241461953265,10.9762979683973,8.96958410924891,6.40233994150146,6.82783404116302,7.34390164995147,7.4203821656051,6.80100755667506,6.00062833804587,5.55205047318612,5.49380755795491,5.57871112536069,5.5537512179279,5.33642691415313
Aruba,18.9189189189189,18.6046511627907,16,15.3846153846154,12.0689655172414,10.1694915254237,8.33333333333333,10.7692307692308,9.52380952380952,8.75,7.86516853932584,6.06060606060606,5.55555555555556,5.45454545454545,5.35714285714286,6.19469026548672,5.30973451327434,5.35714285714286,5.45454545454545,5.45454545454545,5.66037735849057
Australia,10.7677333008882,10.7065217391304,10.6256689695436,10.2751019699731,9.49163196354208,9.20434527304756,7.70225216030482,7.56914119359534,7.37186988064592,7.17006126842192,6.6510172143975,6.3011817780611,6.30375156896472,6.1665044678404,6.03590285110876,5.90616524308788,5.74179465190614,5.60416352391009,5.5447720197766,5.53613469358636,5.52113068300494
Austria,7.43944636678201,6.98645923365024,8.03863087629598,8.80209049649292,8.168184252812,6.61124307205067,5.71163530347204,5.95238095238095,5.70832790303662,5.78449905482042,5.15863102672995,4.83479105928086,4.60290961125686,4.53579021970234,4.59070148729359,4.6046511627907,4.55071792496526,4.44495890728094,4.43515615929409,4.52689301131723,4.69759248385203
Azerbaijan,10.3626943005181,14.5864661654135,18.5831622176591,18.2772190642763,14.5591647331787,12.2868693970821,11.4573190522558,12.1157594841805,13.0633753986964,11.5508158807658,8.60943465944082,7.91528632276384,8.79982086878638,8.73116910672608,7.84951703101169,6.73314246223714,6.02479659046881,5.8947167287666,5.97862075489547,5.87958164515217,5.57814124988182
Bahamas,15.1898734177215,15.9090909090909,17.5925925925926,18.3098591549296,15.7894736842105,14.2857142857143,12.3809523809524,12.4463519313305,11.0671936758893,11.0320284697509,10.1973684210526,8.64197530864198,8.11594202898551,7.62942779291553,7.29166666666667,6.96517412935323,6.49038461538462,6.26450116009281,5.90909090909091,5.79064587973274,5.70175438596491
Bahrain,17.3913043478261,17.7777777777778,17.8343949044586,20.9424083769634,17.5115207373272,14.9090909090909,12.6801152737752,11.864406779661,11.7886178861789,11.5916955017301,9.50920245398773,9.34065934065934,8.65265760197775,7.94551645856981,7.15036803364879,6.66013712047013,6.45161290322581,6.20629370629371,5.92654424040067,5.6406124093473,5.4858934169279
Bangladesh,15.4650762702145,17.2205936996821,17.3925893088034,17.6557473905337,17.8467142733239,18.0700333974294,18.0021018861663,17.115087726112,15.3746367787464,13.7493559015037,12.5796529016034,11.3933805281994,9.90250755672868,9.23592324989442,8.66994702208042,8.05078661825939,7.39807592943434,6.80271136706823,6.41224493586826,6.19657633123699,5.98440414391335
Barbados,12.3222748815166,13.716814159292,13.7931034482759,13.9830508474576,10.9243697478992,8.94308943089431,8.46774193548387,8.23529411764706,7.72200772200772,6.94980694980695,5.92885375494071,5.55555555555556,5.46875,5.42635658914729,5.3639846743295,4.9618320610687,4.61538461538462,4.7244094488189,4.76190476190476,4.89795918367347,4.6218487394958
Belarus,8.50981404958678,10.4062540048699,11.8480517894223,10.607644940165,8.27342108173875,7.97565663036515,7.71301376954136,8.13,7.86549707602339,5.9511054835882,4.70412729985082,4.65424177614828,4.99374478732277,4.93800769559641,4.67515364354697,4.33898305084746,4.04063996262992,3.99564111877951,4.15564790328674,4.30841980822278,4.32930181418362
Belgium,8.03198887343533,7.82942238267148,8.19313961109897,8.24164198053322,7.45586708203531,6.67757439410983,6.1050061050061,6.03158430973,5.9095942816873,5.9494298463064,5.59207299126852,5.42434715821813,5.65420560747664,5.55249126677698,5.5394641564084,5.43342269883825,5.30879490355689,5.22801159827783,5.23647171955591,5.28150601359596,5.30804037591368
Belize,15.9420289855072,20.5128205128205,19.1489361702128,18.0952380952381,18.0327868852459,17.910447761194,16.6666666666667,17.7914110429448,16.7539267015707,15.9817351598174,14.2857142857143,12.7659574468085,11.4649681528662,10.7871720116618,9.89304812834224,8.93300248138958,8.13953488372093,7.28476821192053,6.77966101694915,6.72097759674134,6.32411067193676
Benin,13.7140068326013,14.3596986817326,15.4252974878801,16.5589660743134,17.2951414068165,17.6962676962677,18.1460674157303,18.3207959233196,18.2443703085905,17.8895877009085,17.5551884667367,16.9293340111845,16.5852599587539,15.8809166040571,14.8008213552361,13.7014166363967,12.7077922077922,11.8605332552007,11.0790906179955,10.3164091243561,9.59876262396506
Bhutan,17.8571428571429,16.8367346938776,17.3333333333333,17.578125,17.5675675675676,17.2701949860724,17.25768321513,17.047817047817,16.819012797075,15.9763313609467,12.8342245989305,11.2480739599384,9.74576271186441,9.48051948051948,9.01339829476248,8.09248554913295,7.10321864594895,6.63811563169165,6.52849740932642,6.34441087613293,6.12043435340572
Bolivia,16.8816807961666,17.0269371466578,17.1641791044776,17.0087976539589,17.0268344811209,17.1674721580164,16.1440836132885,15.7559503855179,15.5622188905547,15.463779738038,14.3063236354893,13.4967320261438,12.3952931790985,11.3977702017875,10.4494285468763,9.5877122069523,8.79803635805784,8.07339449541284,7.44199207696661,6.91430925569898,6.48601515862902
Bosnia and Herzegovina,14.457378895982,15.1052274270197,14.3081761006289,13.6591109802767,10.8585858585859,9.82119028556178,8.53565039611551,8.60814742967992,7.91918253599628,6.15061506150615,5.87280108254398,4.81481481481482,4.52247938281458,4.4539844378857,4.32535364526659,4.10313279733851,3.89315146348394,3.72434017595308,3.68116823851536,3.74484290701365,3.85510136257893
Botswana,15.0485436893204,18.5501066098081,19.1570881226054,18.9597315436242,18.7861271676301,18.7270501835985,18.8199389623601,18.1896551724138,16.2842339008142,14.2672692059393,12.7758420441347,11.6304347826087,11.4256825075834,11.1163895486936,10.5074090704984,9.83746792130026,9.16187345932621,8.73709293089754,8.46153846153846,8.1282624906786,7.68672951414068
Brazil,16.6441262019008,17.2817911492041,17.2440338722094,17.119852008206,15.3472721400965,14.265368217592,14.0085019610423,13.5946646688554,11.8264904292944,10.3574741789845,10.008899095737,9.30290050572094,7.7922875388898,6.80751636564398,6.25251133689226,5.75246487437092,5.36735652510293,5.15132031937548,4.94315058848112,4.91280074196658,4.7942447096727
Brunei,14.2857142857143,20.3125,19.5121951219512,18.4466019417476,16.1538461538462,15.527950310559,14.9484536082474,13.7777777777778,13.2295719844358,12.5423728813559,11.377245508982,9.75609756097561,9.06862745098039,8.39002267573696,7.91666666666667,7.6320939334638,7.3394495412844,7.09342560553633,6.77685950413223,6.47709320695103,6.40243902439024
Bulgaria,10.1089504895876,9.29457260968129,8.37782862954488,7.82735918068764,7.61074458058435,7.70642201834862,7.63935906116001,6.56176765985939,6.31590883320104,5.01436093824797,4.18279435634911,4.30232558139535,4.7746065617498,4.81894533939144,4.57525655644242,4.2654028436019,4.06617192331478,4.18755052546483,4.46322907861369,4.66760961810467,4.65504451038576
Burkina Faso,16.1480029404558,15.8679202017886,16.5889830508475,17.1780340042994,17.6743356518637,17.9462261094914,18.7026239067055,19.0989353414697,19.010889292196,18.8981042654028,18.6209850107066,18.2909090909091,19.5713583886023,18.0307174416158,16.4692972429244,15.13467810122,14.124132006586,13.2542101042502,12.3276937810151,11.340424967504,10.4229422280998
Burundi,16.3680781758958,18.2563338301043,17.7891156462585,17.5280199252802,17.4061433447099,17.5638934203371,17.7040445628481,18.5132090927708,18.9403274071466,17.6556420233463,16.3473423980222,14.7058823529412,14.2119469545828,14.0261396238444,13.0851991858098,11.7272890163053,10.5589541607307,9.83438485804416,9.47274352100089,9.1069537592658,8.56122861376802
Cambodia,16.6858457997698,16.7045219905018,16.9304379830696,17.0954086616737,17.2070903588413,15.4713259123573,14.3619386393953,20.6198296085937,18.5242518059856,16.9844477638169,13.6531076103143,11.3418415170524,11.0926602457655,11.0540474443629,10.6404608607252,9.67690929215201,8.64136112631212,7.96799545497586,7.63797709059628,7.37116764514025,6.9633551857455
Cameroon,15.8531124048365,16.3061224489796,16.3861660810061,16.9864373139266,17.4612459783562,17.9297124600639,18.1848221169732,18.3556951184699,17.8124744543448,16.9963005122368,15.7874834562299,15.8408619044947,15.6228078965828,14.5976181883796,13.3522260555282,12.3012425879065,11.534158450458,10.9195028307412,10.2929532858274,9.61891643709826,8.96989165350901
Canada,11.9094416539273,12.3546234509056,12.486039758767,11.5097311855277,8.52827408362498,7.64411027568922,7.30921401476526,7.14727962232025,6.97086747770839,6.77063781865338,5.73225575180864,5.28661631793983,5.29934200820277,5.35331905781585,5.42857142857143,5.41917794045371,5.277597645533,5.12913522925131,5.10139193103936,5.13587519271037,5.21682352411402
Cape Verde,10.2739726027397,14.792899408284,19.2893401015228,17.4672489082969,15.7303370786517,16.1870503597122,16.8965517241379,17.8683385579937,18.0281690140845,16.2907268170426,14.3835616438356,12.9166666666667,11.3060428849903,10.7664233576642,10.3092783505155,9.44625407166124,8.51393188854489,7.81954887218045,7.14285714285714,6.73352435530086,6.26780626780627
Central African Rep.,14.3613000755858,15.1037938439513,15.9121171770972,16.3228155339806,16.5117550574084,16.757560733763,16.8430335097002,17.07410236822,17.0590242238144,16.3216321632163,16.2349799732977,15.7240370550951,14.6980461811723,13.9029835599756,13.0874368095862,12.2782608695652,11.5772357723577,10.8170134638923,10.1317122593718,9.52249896793725,8.98211467648606
Chad,15.0143973673385,16.5421956684093,16.644204851752,16.7119975823512,17.0108695652174,17.7660086663457,18.442178346713,18.6327077747989,18.6210284965608,18.5439753121055,18.5670078552726,18.5148218385068,17.9313342025206,17.2981626896394,16.5558912386707,15.6562370615721,14.617730571038,13.524996459425,12.5155106756236,11.6480938416422,10.8834965437788
Channel Islands,8.82352941176471,7.47663551401869,7.27272727272727,6.95652173913044,7.5,5.55555555555556,5.51181102362205,5.22388059701493,5.71428571428572,5.55555555555556,5.4421768707483,5.36912751677852,4.66666666666667,4.60526315789474,4.54545454545455,4.60526315789474,4.63576158940397,4.63576158940397,4.63576158940397,4.08163265306122,4.22535211267606
Chile,14.2504930966469,14.8159100990685,15.9037405179179,15.6318649554862,13.4844370169208,12.1220846530377,10.5347880522268,10.9257577008836,11.0614101592115,10.3275957801222,8.61275050262663,7.59035405289317,7.28376327769348,7.0281124497992,6.69563817801384,6.41025641025641,6.07684529828109,5.79135263784213,5.60775102759836,5.5105112395009,5.43615064381838
China,13.684874998165,16.4945748018729,14.201317178748,15.3971482780911,15.9466683661151,13.6276884478916,9.99471928622692,9.88836119397884,10.9593035218796,8.87742150720372,7.52758190115821,6.66473106135945,6.48917252767054,6.57114121940003,6.26821953721327,5.63496978955916,5.17631838782114,5.02437856874209,5.06660563812964,5.07010061189194,4.94317748778443
Colombia,17.9363227204534,18.7097707384104,18.4106953207972,18.2381465517241,17.2455819622182,14.9747569574832,14.5242256349236,13.6551540205361,12.8346432980998,12.1828803378953,11.1680997636647,10.3254430997236,9.72375213287544,9.00439386883188,8.40889092926279,7.85520493818169,7.34480048895486,6.8910797488014,6.47909095393925,6.18880949692737,6.01164159165368
Comoros,14.1935483870968,17.5141242937853,18.2291666666667,18.3962264150943,18.2203389830508,18.5873605947955,19.2073170731707,19.7916666666667,16.5137614678899,15.0406504065041,14.519056261343,14.6103896103896,14.5953757225434,13.3159268929504,11.7857142857143,10.7064017660044,10.1642710472279,9.86590038314176,9.34411500449236,8.59574468085106,7.98696006519967
"Congo, Dem. Rep.",17.8146293407766,17.6700029437739,17.8313722940909,18.0369079586357,18.2351491249692,18.4782144838476,18.7523003312477,19.3076874084453,19.7287732663371,19.9523618716887,19.4861403474258,19.1303170331251,17.9208563087901,17.1034785641397,16.1476934311566,14.9510803098247,13.6829504120816,12.5057830940184,11.4881270993817,10.5692113336943,9.68660389253828
"Congo, Rep.",15.9653465346535,16.40625,16.8150346191889,17.3310225303293,17.752808988764,17.9239200515796,17.9812465526751,17.3830892772792,16.6394112837285,16.1812297734628,15.574580177807,15.5490483162518,14.8709763234903,13.6395927066067,12.6862494678587,11.7635506677141,10.9144004380361,10.216982743892,9.5766940286496,9.00213610009155,8.45234625473623
Costa Rica,16.0455486542443,18.3510638297872,18.6656671664168,18.5208596713021,15.6593406593407,13.5964912280702,13.5434412265758,13.6127596439169,13.3441558441558,11.6125323368784,10.1017811704835,9.07621247113164,7.97241973712562,7.82731490821061,7.21767282422396,6.81036044194892,6.38556307478744,6.0656836461126,5.83156865939078,5.65917423880121,5.52416823603264
Cote d'Ivoire,17.2124600638978,17.750257997936,18.5249709639954,19.0104166666667,19.2851681957187,19.5891859235765,19.6602518412925,18.5697918655719,17.3089121471614,16.312908823922,15.6316916488223,15.6100602785284,14.9188687992582,14.0839253262845,13.1010685663402,12.1797027372386,11.3763440860215,10.6482267096555,9.95829945710614,9.2953743629949,8.67590436446637
Croatia,10.0986500519211,9.78069069826065,8.70425321463897,8.37175442853676,7.09661951570367,7.22157092614302,7.21955677404615,7.15243629861422,6.41876936697654,5.65310492505353,5.19538188277087,4.68257541647906,4.76190476190476,4.87637362637363,4.79277610558,4.67905008229485,4.52153110047847,4.46668293873566,4.54431960049938,4.72541507024266,4.83533716675379
Cuba,13.1103226896435,13.6391437308868,12.4632404425151,15.4803822937626,14.0332759609868,12.0271272650207,8.16305784283826,7.79452598175327,8.27195467422096,7.05774518790101,6.43939393939394,5.97641593710917,5.17672259907176,4.95808810415552,4.79721279256745,4.55605381165919,4.29219600725953,4.05255366395263,3.90647276874822,3.80980507974011,3.76349614395887
Cyprus,13.5353535353535,12.241054613936,13.0890052356021,12.0068610634648,9.60912052117264,7.73026315789474,9.32896890343699,9.5679012345679,9.09090909090909,8.34473324213406,6.73443456162643,5.74162679425837,5.68181818181818,5.83783783783784,5.87628865979382,5.81854043392505,5.51330798479088,5.24861878453039,5.20179372197309,5.32751091703057,5.45144804088586
Czech Rep.,9.94846515796549,9.10558605101711,7.55211061066304,7.11710783808837,7.04009794918886,8.44129958142316,8.53919470920054,6.7403743574823,6.27850557981562,5.74612403100775,4.3329420970266,4.59003530796391,5.26416906820365,5.36682843277191,5.07095553453169,4.72813238770686,4.47718631178707,4.52934980369626,4.86606282520717,5.17608359133127,5.23707734162456
Denmark,9.74010770311402,8.44784861455283,8.03493449781659,8.23702458499685,7.87337662337662,7.15273661331753,6.128024980484,5.18286720125171,5.66147859922179,6.48555576812703,6.31559220389805,5.99963079195126,5.74922431100566,5.37751222161869,5.36357091432685,5.54660941134371,5.62878517990737,5.54863951627245,5.38420395792476,5.25089605734767,5.22710886806056
Djibouti,19.3548387096774,17.3913043478261,17.8571428571429,18.8034188034188,18.75,18.3856502242152,17.6470588235294,17.3697270471464,17.3524150268336,16.3723916532905,14.3835616438356,13.2754342431762,12.4004550625711,11.6352201257862,11.0894941634241,10.4504504504504,9.79899497487437,9.08372827804107,8.52017937219731,8.11387900355872,7.77096114519427
Dominican Rep.,18.8632619439868,19.6680790960452,20.1133989853775,19.5344129554656,18.0948238364506,16.4703647416413,15.1561181434599,14.5397016724424,13.7800081378001,13.0124338298658,11.8532774821691,11.2778010910617,10.6308068459658,9.85280588776449,9.12743471045506,8.49482124958236,7.95655671761866,7.47561451424112,7.02463580199832,6.62013060121594,6.27929469533517
Ecuador,15.7863676600767,17.8238341968912,17.7066906961027,17.6287657920311,17.4095174262735,16.8210770121598,16.120527306968,15.0186772137992,13.658916236988,12.4331433581762,11.8430671756965,10.9171642933701,9.95498112111531,9.19366993217784,8.62382934443288,8.04926598656382,7.5110897973864,6.99854439592431,6.5614854473999,6.18897991246774,5.98209818202035
Egypt,17.3430019058244,17.3155023177585,17.5006295190474,16.8239690884905,16.2848227588339,15.7857521654587,16.3861007336724,16.3067082560114,16.1486813871392,12.9173191356091,12.1727730038619,11.7696614650837,11.4319198806733,10.7912571640262,9.80849359786697,8.94151718093569,8.37653847887832,7.99121052676755,7.59256366192782,7.10294911272658,6.59672364012537
El Salvador,16.5758401453224,18.1743421052632,18.7657885239986,18.711467324291,17.9363806468859,17.304060434372,16.8811668811669,15.6831366273255,14.5993619816101,14.0013966480447,12.9710632570659,10.4768190067646,9.80138866462135,9.63647759323096,9.32446728124528,8.90242134261273,8.03733110461067,7.34143049932524,6.83850604944766,6.4973572257316,6.28172588832487
Equatorial Guinea,13.2743362831858,15.1260504201681,14.9606299212598,15.1291512915129,15.358361774744,15.4811715481172,13.5746606334842,15.9235668789809,19.0981432360743,18.3628318584071,16.9811320754717,15.9016393442623,15.5619596541787,15.6209987195903,14.9543378995434,13.903192584964,12.8397375820056,12.0689655172414,11.4649681528662,10.8647450110865,10.1730103806228
Eritrea,18.6351706036745,17.8939034045922,18.3859649122807,18.3107274969174,18.2359307359307,18.3451536643026,20.1619433198381,17.2131147540984,17.0360987967068,17.3424828446662,16.3382594417077,16.4355992844365,16.2581386441976,14.8635153129161,13.2013692513767,11.7893315327481,10.9461966604824,10.4963570127505,10.0980288816275,9.51116356840759,8.76135731503801
Estonia,8.3712465878071,7.85159620362381,7.99011532125206,7.60279286268425,7.11143695014663,7.75139664804469,7.47790618626784,7.47540983606557,7.63844684914067,5.55555555555556,4.59183673469388,4.82912332838039,5.82959641255605,6.29213483146068,6.14692653673163,5.59334845049131,4.99615680245965,4.84753713838937,5.23809523809524,5.62700964630225,5.75831305758313
Ethiopia,18.3726606997559,17.633147755826,17.5351456827354,18.0458506712727,18.1871567238937,18.0730937348227,17.953062780649,18.190012180268,18.7418466444412,18.8427924607771,17.9119285659773,16.8537369407983,16.2620473775257,15.3101198083897,14.261235226557,13.1587952028442,12.0721501379609,11.0664251292202,10.2047841420564,9.40833551386514,8.6317400409638
Fiji,19.0972222222222,19.3452380952381,19.2893401015228,17.2786177105832,14.4787644787645,13.3448873483536,13.7876386687797,14.3864598025388,13.121546961326,12.3537061118336,11.9850187265918,10.9903381642512,10.0702576112412,9.38215102974828,8.79368658399098,8.39779005524862,7.9520697167756,7.55939524838013,7.00431034482759,6.40608034744843,6.04395604395604
Finland,12.4688279301746,10.5076741440378,9.32279909706546,8.58895705521472,7.55700325732899,6.40916808149406,6.69316042668898,6.63129973474801,6.2362141568077,6.38339533972978,5.7026870288034,5.43685616177032,5.5181444070333,5.58011049723757,5.53230209281165,5.42103361040838,5.26695526695527,5.1346953534623,5.14639025277323,5.20928532261013,5.27185892725937
France,9.468375005976,8.88960575128459,8.73563218390805,8.70376445501517,8.13424457881157,7.80026171556449,6.77479147358665,6.94168622495035,6.69059305782798,6.24471991862209,6.21860677501734,6.3082848479882,6.1292588689849,5.73874395530446,5.54443246573233,5.39480286465857,5.34051419373279,5.38323889054578,5.39475049278971,5.31597304327264,5.2150140387173
French Guiana,16,14.2857142857143,15.625,15.3846153846154,14.8936170212766,14.2857142857143,11.7647058823529,10.5882352941176,12.9310344827586,14.2857142857143,13.3333333333333,13.3663366336634,11.587982832618,10.6870229007634,10.3092783505155,9.62732919254658,9.03954802259887,8.57142857142857,7.99031476997579,7.55148741418764,7.14285714285714
French Polynesia,18.3333333333333,17.1428571428571,17.948717948718,17.5824175824176,17.4311926605505,14.0625,13.9072847682119,13.7931034482759,12.8865979381443,10.2325581395349,10.126582278481,8.984375,8.88888888888889,8.30449826989619,7.84313725490196,7.21003134796238,6.68693009118541,6.19469026548672,6.12244897959184,6,5.6657223796034
Gabon,10.4255319148936,11.7154811715481,11.7283950617284,12.4,13.0188679245283,14.4781144781145,15.5653450807636,16.3498098859316,16.3793103448276,16.3753449862006,14.5748987854251,13.1675201170446,12.3251165889407,11.6463414634146,11.0236220472441,10.2818371607516,9.5307917888563,8.91866913123845,8.44327176781003,7.94451450189155,7.48381877022654
Gambia,16.6666666666667,14.5907473309609,15.3605015673981,16.4864864864865,17.2494172494172,17.4757281553398,17.8861788617886,17.687074829932,17.4301675977654,17.5438596491228,17.2546012269939,16.5575916230366,15.7142857142857,14.8614609571788,13.9910313901345,13.1610819539766,12.289685442575,11.4743162108072,10.7088063823259,9.98577524893314,9.33014354066986
Georgia,8.13492063492064,10.390625,11.8000480653689,11.6123269316659,9.26280008497982,9.02791929896067,8.53706624605678,8.67838910947249,8.36996336996337,7.67107079471505,5.82032897511598,5.24076147816349,5.85585585585586,5.80313418217434,5.57788944723618,5.16842375932116,4.86643745040994,4.86205954657198,5.02824858757062,5.04694835680751,4.95716034271726
Germany,6.62366912366912,7.36580163526484,7.82552566162636,8.49755802166844,7.66032570456319,5.5506126391784,5.1284343905274,5.33565038295681,5.55058980524467,5.04024600909058,4.75552252263229,4.40348492937922,4.07770303207566,3.99041121150655,4.07848598642163,4.08665371318984,4.02425083169563,3.95634379263302,3.94303754953987,4.02063419814899,4.1883554357847
Ghana,18.574297188755,17.294402211472,18.0265095729013,18.6147186147186,18.8394185647247,18.6118611861186,18.1620248571169,17.6149469475627,16.9361304115446,16.1554073644535,15.2022529441884,14.5210605576598,14.0185763603485,13.4405407412909,12.6187979842392,11.8407991065889,11.0884958289138,10.5086461858197,10.0316211438389,9.56625491297024,9.08809413221861
Greece,9.8334655035686,9.22787193973635,9.06036241449658,8.42006782832417,8.75995449374289,7.62599469496021,7.44658784484547,6.92710430930326,5.43146708649021,4.90159325210872,4.79714912280702,4.6641959685438,4.81981579182688,4.57290001775884,4.3424317617866,4.17775412453433,4.14775255896751,4.23706087422902,4.37752808988764,4.47139753801593,4.51553930530165
Grenada,20,18.2926829268293,20.4545454545455,19.3548387096774,13.8297872340426,14.2857142857143,13.4831460674157,14.8514851485149,15.625,12,9.9009900990099,8.82352941176471,9.80392156862745,9.34579439252336,9.1743119266055,7.27272727272727,6.48148148148148,5.60747663551402,5.8252427184466,5.94059405940594,6.12244897959184
Guadeloupe,17.1428571428571,16.5254237288136,16.4233576642336,16.1716171617162,15.3846153846154,13.719512195122,9.20245398773006,9.03954802259887,7.53246753246753,7.16049382716049,6.75990675990676,7.69230769230769,7.05128205128205,6.73684210526316,6.39175257731959,5.95482546201232,5.70264765784114,5.47667342799189,5.51020408163265,5.34979423868313,5.0314465408805
Guam,14.0350877192982,14.5161290322581,16.4179104477612,15.0684931506849,14.1176470588235,12.7659574468085,12.5,11.6666666666667,11.3636363636364,12.2448979591837,10.9677419354839,10.1796407185629,8.88888888888889,8.37696335078534,7.92079207920792,7.58293838862559,7.3394495412844,7.04845814977974,6.41025641025641,6.32911392405063,5.83333333333333
Guatemala,19.1293295201779,19.0384084001105,18.1115672542864,17.9649567236648,17.770806421849,17.8640463917526,18.0302166476625,17.8175403225806,17.0613985856999,17.0614692653673,16.5924474527966,16.0214038401007,15.0667779632721,13.9907550077042,12.8516942125919,11.7165939083747,10.6352572376913,9.63860580628586,8.72744806525495,7.93040432498287,7.22681125141006
Guinea,15.9342758884219,16.7660470010523,17.0669228306116,17.2793053545586,17.4128058302967,17.6703841387856,17.9420665801989,18.1317638124169,18.0901252643566,17.7587590264777,17.2154617036507,16.818477553676,16.4503003293935,15.6801486109938,14.6750835499443,13.6090771159047,12.6191180822729,11.756829137654,10.9666699247385,10.2203237410072,9.50950950950951
Guinea-Bissau,15.8301158301158,19.2579505300353,15.3456998313659,15.3589315525876,13.2890365448505,20.2877697841727,17.2661870503597,15.8868335146899,16.1606268364349,16.7238421955403,17.101226993865,16.9836956521739,16.676810712112,16.0994057266343,15.3995157384988,14.6840958605664,13.8406940063091,13.0434782608696,12.2859025032938,11.5968427443837,10.9735509285312
Guyana,18.2033096926714,19.9588477366255,20.2464788732394,18.167701863354,17.2316384180791,15.0068212824011,13.7886597938144,13.3766233766234,11.4973262032086,10.935441370224,10.8322324966975,10.2228047182176,8.38794233289646,7.81456953642384,7.6510067114094,7.52393980848153,7.15287517531557,6.41399416909621,5.87326120556414,5.4635761589404,5.3763440860215
Haiti,14.8090655076063,16.0170697012802,16.2574308606875,16.4248947122134,15.8676283411116,15.2216174183515,16.0604463187489,17.3974318822424,16.2633652222848,15.1380231522707,14.2328592900913,13.134962805526,12.4165685119749,11.7083409381274,11.0390718307456,10.371914075024,9.67032967032967,9.01550667147494,8.43240254354437,7.92751981879955,7.45189203151233
Honduras,17.7538668459987,19.3830034924331,19.3709435846231,19.2258613356019,19.3236714975845,18.6353395558416,18.4920198128784,18.0637544273908,17.2413793103448,16.5025953105423,15.1276698249558,13.711549622751,12.7182044887781,11.7443662811494,10.7498631636563,9.74098527171153,8.79717880289744,7.94181423924828,7.18236819360415,6.76597869507324,6.47528425127006
"Hong Kong, China",15.9919028340081,16.4526484751204,16.0052049446975,14.2779734489298,10.8039563783921,8.96473265073948,8.17947190788168,7.73318673263698,6.59186535764376,6.06596942880129,4.96400719856029,3.41420892052884,3.31022775498656,3.90698931999459,3.81768601480327,3.66419877023466,3.38465298142718,3.18677369114652,3.27152474312035,3.5167659773338,3.7221706864564
Hungary,8.90983079888627,9.5470737913486,8.01201802704056,6.33684832955553,6.88721222673631,7.5002373492832,7.88416627744045,6.14482889014937,5.9436510999614,5.72866266692472,4.85607989034658,4.72409686383486,4.94384275972724,4.94227263520356,4.82236101156957,4.71698113207547,4.60616258281628,4.54302512025655,4.66355038591151,4.8438706829968,4.95803021824287
Iceland,12.5874125874126,13.2911392405063,13.0681818181818,11.9791666666667,10.3448275862069,9.67741935483871,9.21052631578947,9.09090909090909,8.23529411764706,8.58208955223881,7.5,7.0945945945946,6.96969696969697,6.79886685552408,6.46900269541779,6.00522193211488,5.64102564102564,5.31645569620253,5.22388059701493,5.18518518518518,5.15970515970516
India,14.3915150406876,16.6030590665421,16.3746838153616,15.9591658499971,15.5149621222396,15.1267105150211,14.9274870602843,14.4755574198961,13.8864692639327,13.2710625516053,12.1862626991191,11.3057637504444,10.3459548031438,9.56556744970229,8.7680584893185,7.9888966054019,7.25219402680454,6.70008122381579,6.4701171998571,6.21651584746629,5.93172131828147
Indonesia,14.3240440699935,15.5884422290328,16.7141275964711,16.7158753209783,16.4658188007287,15.7460709064328,14.6974751505973,13.5499886046555,12.0623950029878,10.9293897713862,10.0921676945411,9.64135175081656,8.8423642142295,7.99657646442144,7.21942277660424,6.86741084823786,6.65301341505639,6.42603894634371,6.14636279942575,5.84478771750541,5.61658527442548
Iran,16.6499142671318,17.4821877619447,17.4207519351272,17.5681105842642,17.7156743620899,17.2804702495202,17.9998982912937,18.6777098479841,16.214263052138,12.0603176644589,9.17284467296425,8.45038577848119,8.88954007219255,8.4918127698136,7.677426288826,6.5577909632401,6.02532884130002,5.98868467454917,6.0143939634127,5.82371894813429,5.47254447022428
Iraq,14.2857142857143,19.7437829691032,16.6911274182789,17.4209978006714,19.0205680705191,18.3921438082557,17.9062967981174,17.1875970919033,17.0925987387985,16.6809728183119,16.5679513184584,15.3132414916599,14.386500143007,13.0357242378643,12.0985383315104,11.3602291289074,10.6424306861863,9.84626992360653,9.0993728810582,8.46302378162494,7.94943117889736
Ireland,10.5759514988212,10.2704553235193,10.6563161609033,10.9527121001391,10.5245346869712,10.9468386284995,10.2028815054396,9.97175141242938,8.05120910384068,7.06762749445676,6.99080157687254,7.3100812231247,7.60514273262149,7.20425706099058,6.37388262728333,5.75418994413408,5.4907590166876,5.57865557865558,5.7315233785822,5.69568755085435,5.44876886417792
Israel,13.9793486894361,14.2938822184105,12.4881740775781,11.812865497076,12.0124266482568,12.6601131963062,12.0849933598938,11.3087984401657,10.8156028368794,10.0130281034804,10.2054231717338,10.0597907324365,9.59637561779242,8.78067484662577,8.12763395544852,7.68616717983806,7.43030697472611,7.17247097844113,6.81750224259942,6.38564676376965,5.981220657277
Italy,9.42285295259457,8.34943388386829,8.30337305594829,8.84740890373708,8.45234079238352,7.78043651656878,6.36699463645082,5.29507937345077,4.86148879804909,4.78446316819914,4.61533074202472,4.78975548204481,4.81380411993744,4.41555012870438,4.06899748377698,3.98200599800067,4.04366078925273,4.19933284792658,4.35213505801138,4.40950323974082,4.40024533426794
Jamaica,13.4519572953737,14.7116007777058,17.3726212400246,18.125,17.2284644194757,14.7540983606557,13.2676980778247,13.1040487592512,12.3096446700508,11.7146331576814,11.024542267238,9.74512743628186,9.2606149341142,8.90165111270639,8.57445306986591,8.02792321116928,7.38161559888579,6.82773109243698,6.42527511537096,6.19565217391304,6.00298284862043
Japan,13.5291773825479,10.398769216948,8.36812001674053,8.30792138784918,8.56789981617647,8.96352771481558,7.28627081638769,6.17246170642141,5.25204967935709,4.78707291018957,4.65498054505418,4.43710375996485,4.1001291379256,3.77133499216955,3.53457756501488,3.4696293598033,3.50269110233002,3.56536801104341,3.59182186603524,3.58324979667493,3.59047000727931
Jordan,18.6440677966102,17.4962292609351,17.3913043478261,18.7895212285456,18.977202711029,19.5764462809917,18.6882300089847,17.7383592017738,17.7989548109437,14.9628252788104,14.2386152895116,12.706685837527,11.9919641477361,11.1398591346845,9.87900545140274,8.91333910248486,8.1485780615206,7.51813585403385,6.99968517158149,6.72718103883006,6.39585977931842
Kazakhstan,11.0547516037595,13.7119979982485,15.2176088044022,14.7463889821968,11.892592875124,11.5953307392996,11.4544235924933,11.5272496831432,11.350435624395,9.18053375196232,7.46957335829878,7.89179227275719,9.40198070086338,8.92572130141191,8.02941528159751,7.06566427816281,6.54064710657544,6.51725323856471,6.64097914777878,6.52210549969103,6.10712684894666
Kenya,17.3798551678736,19.4985673352436,19.8790720631787,20.1199621172261,20.2862476664592,20.660237388724,20.5804587099551,20.2036141511835,19.0057606144655,16.8267132256656,16.318936454424,16.6071029707393,16.8342999779752,15.7369917298415,14.2848906484222,13.105328979365,12.3328639017675,11.7447376437991,11.0856576373818,10.3238361359214,9.58669944971315
"Korea, Dem. Rep.",15.783528445266,10.3623715086699,15.4822798684691,14.2775974025974,16.1016354320208,13.5523613963039,8.84093282283328,10.0304438391283,9.3815149409312,9.62335389999079,8.37270341207349,7.03842230533832,6.47353063776574,6.44262295081967,6.58388098213926,6.42734906674096,5.99557347245277,5.58915372149097,5.43849884710185,5.4982127796297,5.5695790245094
"Korea, Rep.",15.8398834001353,14.3525298814192,14.5438589492999,15.1391334977105,13.7445130097334,12.2951527893782,10.240529645746,9.27562709855817,7.54036573449351,7.64786240566143,6.68719848380427,5.1256175759487,4.67197228980248,4.49413057188778,4.29905408682998,4.1872120281303,4.04305538599276,3.86402593915863,3.69180022835878,3.61671941503874,3.67538625587041
Kuwait,15.0326797385621,17.1717171717172,15.8273381294964,17.27078891258,18.5234899328859,18.0555555555556,15.6136528685548,14.5348837209302,14.1989724427837,10.5507246376812,9.38061041292639,8.52167469433123,8.45347313237222,7.7287533313592,6.96476964769648,6.44110275689223,6.15492628130119,6.07394366197183,6.01456815816858,5.85549821357682,5.66793893129771
Kyrgyzstan,9.60322024151811,13.8874276696476,16.6666666666667,16.6407465007776,14.0640809443508,14.2424242424242,13.4472306420502,14.0792424619985,14.3149749658625,13.0065359477124,11.0191725529768,9.70892378399081,10.3802486934583,9.88936170212766,8.8354718206919,7.6983380370022,6.90814611034694,6.74846625766871,6.66666666666667,6.38111888111888,6.00203458799593
Laos,16.3265306122449,17.3636844891477,16.6666666666667,16.46418098031,16.5676077265973,16.8307086614173,16.9292554834724,17.0951859956236,17.3086067522587,16.7602412143897,15.7534246575342,12.9443782956285,12.4456183965196,11.9789443733106,11.5178454699961,10.7833655705996,9.7932904100305,8.92914224826851,8.36455696202532,7.97599457942116,7.58421738321236
Latvia,7.69625448948178,7.69230769230769,7.78301886792453,7.50220653133274,6.78253497244595,7.24460724460724,6.88146380270485,7.43897714064316,7.81661029688087,5.57561171279583,4.04892450442851,4.41240716470074,5.08474576271186,5.41894353369763,5.39033457249071,5,4.443359375,4.26921145153189,4.63439752832132,5.06062203479178,5.34557235421166
Lebanon,13.5828135828136,15.818858560794,17.037037037037,16.491067338525,15.2618657937807,14.1709276844412,13.7522441651706,13.3217993079585,12.2435250588631,11.1747851002865,10.548635038431,8.25777995589316,7.57468830863326,7.45425796250282,7.30324831044256,7.03273495248152,6.56784023059502,6.06796116504854,5.76345807484491,5.67164179104478,5.6637519872814
Lesotho,16.2346521145975,16.1783439490446,16.6471277842907,16.8983957219251,17.0708050436469,17.304347826087,17.3745173745174,17.0169491525424,16.4794007490637,15.5052264808362,14.7245762711864,13.7274549098196,12.9976019184652,12.5519150899862,12.0160213618158,11.4384748700173,10.8474576271186,10.3247293921732,9.92209922099221,9.48136142625608,9.03977501004419
Liberia,16.767922235723,16.7763157894737,19.187145557656,19.3181818181818,18.4744576627012,16.8807339449541,18.2818229439497,18.3664259927798,18.1146025878004,17.7195685670262,17.4220963172805,16.7767106842737,16.020482809071,15.195027861123,14.2041127189642,13.1808092880314,12.225656877898,11.3902611150318,10.6371911573472,9.93233446109232,9.26470588235294
Libya,16.7152575315841,17.4067495559503,17.6426982950334,18.0024660912454,19.1478696741855,19.5131845841785,18.6888454011742,18.2597402597403,13.4707903780069,11.274306992139,11.0321615557218,11.1955420466059,10.9566014669927,10.1005867560771,8.74139498636186,7.39194499017682,6.58759981211836,6.45706558485463,6.63198959687906,6.58500837520938,6.2429982686628
Lithuania,8.6482275029217,9.95819080197644,9.71572508096438,9.62962962962963,8.56415154409424,8.30051499545592,7.58863170231468,7.81161872532431,7.84207679826934,6.61521499448732,5.31580451557588,4.50819672131148,4.7019053472649,4.9618320610687,5.0670153644982,4.99329758713137,4.70952217256789,4.35090201627167,4.37956204379562,4.66867469879518,4.99806276636962
Luxembourg,6.4406779661017,6.9078947368421,7.98722044728434,7.78443113772455,7.12166172106825,5.83333333333333,5.49450549450549,5.70652173913044,6.03674540682415,6.61764705882353,6.4367816091954,5.85683297180043,5.69105691056911,5.5984555984556,5.83941605839416,6.01374570446735,6.02605863192182,5.87326120556414,5.62962962962963,5.53977272727273,5.57065217391304
"Macao, China",12.6315789473684,16.7597765363128,13.2947976878613,13.9423076923077,9.41176470588235,9.48616600790514,7.90513833992095,11.8032786885246,10.752688172043,8.23244552058112,5.42986425339367,3.69609856262834,4.1970802919708,4.21792618629174,4.26621160409556,3.82059800664452,3.27332242225859,3.09951060358891,3.09951060358891,3.32778702163062,3.53535353535354
"Macedonia, FYR",14.2392188771359,14.2540620384047,13.3524766690596,12.753036437247,11.0050890585242,10.6738223017293,9.8159509202454,9.25013683634373,8.58638743455497,7.83715012722646,6.66998506719761,5.79567779960707,5.34051935325821,5.38423886441508,5.32746823069404,5.1495831289848,4.90827962320278,4.63709677419355,4.57348406988695,4.6768260641093,4.79267635971998
Madagascar,15.4618965939721,17.9419525065963,18.2085456683653,18.2685634975711,18.4053765083244,18.7758367782371,18.5960018596002,17.0671847837202,18.1052071320855,18.2912887737215,17.8330605564648,16.6515271942773,15.6152280736586,14.6589069268805,13.699536730642,12.7500349699259,11.8497843187008,11.024010684319,10.2850095181918,9.62128966223132,9.0200028106994
Malawi,19.2921582234559,18.4659090909091,18.9801699716714,19.341046277666,19.6503651250277,19.6171341925701,20.01287001287,19.5981282686485,18.7850566197481,18.5626971608833,18.8625031691034,18.066642255584,17.0820319969405,16.3629292143572,15.6400642742367,14.6934552039321,13.5884465382091,12.5572772744762,11.7124032495362,11.0102558057291,10.3425649998633
Malaysia,16.6884816753927,18.2623606744784,18.6140803538518,18.0421052631579,16.3641389477564,15.2823107049608,13.5706501997821,15.2972697116611,13.6828150030382,12.8386908808391,11.4161725530635,10.6573044665496,9.75461221565466,9.04037546183803,8.31693681876386,7.57818052594172,6.93956230865178,6.68213457076566,6.47497225011893,6.23825822889055,5.96777853415022
Maldives,12.3456790123457,16.6666666666667,16.4948453608247,15.5963302752294,15.8333333333333,16.9117647058824,17.7215189873418,18.9189189189189,18.4331797235023,15.8536585365854,11.3553113553114,8.9041095890411,8.94568690095847,8.92857142857143,8.58725761772853,7.83289817232376,6.94789081885856,6.2200956937799,6.03248259860789,6.06741573033708,5.92105263157895
Mali,16.1237403327865,15.7291215923842,16.8346176644932,17.0466883821933,17.3653686826843,17.0960897241588,17.2072950020883,17.9689488419445,18.209127671866,17.9828236279849,17.5,17.3034657650042,17.3296307415191,16.6677782965384,15.5860423501342,14.4646312620942,13.3818643736564,12.5726029845411,11.9063270336894,11.2293368801064,10.5307855626327
Malta,15.112540192926,13.6942675159236,13.3333333333333,10.4918032786885,7.54098360655738,8.22368421052632,8.38509316770186,8.13953488372093,7.54189944134078,6.87830687830688,5.92783505154639,4.97512437810945,4.41176470588235,4.56730769230769,4.72813238770686,4.46009389671362,4.4392523364486,4.23529411764706,4.03800475059382,4.05727923627685,4.32692307692308
Martinique,15.3846153846154,17.1428571428571,15.8450704225352,16.4516129032258,14.9390243902439,12.1212121212121,7.95107033639144,8.52941176470588,8.35654596100278,7.85907859078591,7.29166666666667,6.80100755667506,6.1576354679803,5.78313253012048,5.5421686746988,5.51558752997602,5.2757793764988,5.07246376811594,4.8780487804878,4.73815461346633,4.60358056265985
Mauritania,17.6923076923077,17.2043010752688,18.1606519208382,18.2459677419355,18.1026979982594,17.9003021148036,17.7588466579292,17.4285714285714,17.1112229491696,16.5198237885463,15.8602150537634,15.2144772117962,14.4725111441308,13.5656836461126,12.3716381418093,11.4137775776677,10.7031087001878,10.1031730582052,9.52468007312614,8.87696833362174,8.24810293632465
Mauritius,18.052738336714,18.7719298245614,18.6646433990895,17.9282868525896,13.9225181598063,11.4221724524076,11.2836438923395,10.2463054187192,9.28030303030303,9.84042553191489,8.61204013377926,7.66773162939297,6.78488820354665,6.87593423019432,6.7006554989075,6.49536045681656,6.12676056338028,5.88235294117647,5.73426573426573,5.66037735849057,5.61009817671809
Mayotte,12.5,15.7894736842105,17.3913043478261,19.3548387096774,18.9189189189189,19.5652173913043,20,18.3098591549296,18.4782608695652,17.8861788617886,16.8918918918919,14.367816091954,12.1212121212121,11.2612612612613,10.5263157894737,9.81818181818182,8.94039735099338,7.97546012269939,7.22543352601156,6.81198910081744,6.75324675324675
Mexico,17.2055801881691,18.9100378200756,18.9000263782643,18.4379923475129,18.2735836335266,18.0704947873573,15.9687536299222,14.2466838249852,13.1685910578756,12.4683571927374,11.0278308047825,10.0569638279692,9.07570923748498,8.13461322069401,7.33790106951872,6.86580472581364,6.57530563507251,6.2131395936128,5.82990714648681,5.50040783661911,5.26585144576351
"Micronesia, Fed. Sts.",15.625,18.9189189189189,18.1818181818182,16.9811320754717,18.0327868852459,17.741935483871,18.0555555555556,17.6470588235294,15.7894736842105,14.9532710280374,14.018691588785,12.7272727272727,11.7117117117117,11.5044247787611,10.1694915254237,9.91735537190083,8.8,8.59375,6.92307692307692,7.03125,6.25
Moldova,8.66780529461998,12.2239146991622,13.2578281145903,11.784107946027,9.46021146355036,9.66145833333333,9.43349139006738,9.93833017077799,9.78684391473757,7.55934547130675,6.21951219512195,5.00266098988824,5.98434004474273,6.20848974877274,5.95026642984014,5.31430306711206,4.77386934673367,4.72774698402348,5.0778605280975,5.34082923401265,5.22851919561243
Mongolia,16.7325428194993,16.8433451118963,17.0655567117586,17.291857273559,17.2386272944932,17.1507607192254,16.4161154539988,15.9685863874346,15.9603246167719,12.6928162185985,9.96649916247906,8.5423197492163,8.8180807706558,8.58745180511742,8.16122584943371,7.55980861244019,6.73671199011125,6.13293051359517,5.96793349168646,6.03221083455344,6.01219866395585
Montenegro,13.0982367758186,13.1147540983607,13.0620985010707,11.6370808678501,10.597302504817,9.83606557377049,9.35875216637782,8.8695652173913,8.53242320819113,6.7524115755627,6.67678300455235,6.41025641025641,5.92,6.08,5.85443037974684,5.85443037974684,5.66929133858268,5.5379746835443,5.3968253968254,5.27156549520767,5.31400966183575
Morocco,17.8467723922269,17.900138148806,18.0270061064763,18.4226324478463,18.4715871979099,18.537994799191,15.9656564624112,15.6785361915867,13.9505824499174,12.2101435832746,10.7083391147495,9.72026366707113,9.61336544994132,9.31492485145054,8.69060773480663,7.88855143272151,7.18088493771811,6.73086444202396,6.47722321731132,6.34735665533068,6.13610745820026
Mozambique,17.0754424091897,17.1711375699326,17.5124247972796,17.7171860245515,17.7864776214157,17.8349349915206,17.9354094579008,17.7887863093898,17.4272633289027,17.442298043151,17.3469946852227,17.6961843052556,16.4979281472938,15.2482952575413,14.2546855841654,13.4726987078778,12.767024666588,12.0130136424529,11.2370160528801,10.5119290252967,9.8847086004213
Myanmar,14.0043126056297,17.1402915698289,16.7647337951979,16.2178259944693,15.9786396000606,16.0018739124615,14.8787174444246,14.1785065698109,12.4051314694217,10.9355765285187,9.72904554523416,9.52321853345744,9.17534756604745,8.67665065461053,7.9790972159654,7.30398541286794,6.80650324319771,6.48317137736562,6.27107432683155,6.12699473374382,5.92198693470508
Namibia,15.6701030927835,16.4794007490637,16.6666666666667,16.8374816983895,17.201540436457,18.2522123893805,18.5404339250493,17.6215277777778,16.5371024734982,15.9975293390982,14.4188596491228,13.4328358208955,12.6976954360596,11.9867274989631,11.3618974751339,10.7193732193732,9.9966566365764,9.37005381449826,8.88485947416138,8.45396641574986,8.02451936472555
Nepal,15.0012306177701,15.7490974729242,16.1816305469556,16.4574747096291,16.5587419056429,16.6292303084756,16.6876950660734,16.4721141374838,16.1536850921273,15.9004717417445,15.0880065493246,13.3862317243406,11.6776095403993,10.9562488462248,10.5758598202387,9.97081328389998,9.16426796565552,8.40340038091699,7.82996774336088,7.39581129680558,6.9895982051805
Netherlands,11.9339529365236,10.3246209654916,10.0583471218323,9.88447770907908,9.11252588785764,7.52176776176191,6.25574326712377,5.99765339222859,6.2725692122509,6.30502330398757,6.17066733693603,6.11019182447754,5.57857443103345,5.30858358950106,5.33193326332983,5.4588425178695,5.46348154074751,5.38387115132889,5.25027048573544,5.15723270440252,5.17271107534916
Netherlands Antilles,14.4144144144144,18.0327868852459,16.2962962962963,13.6986301369863,11.4649681528662,10.7784431137725,9.03954802259887,9.39226519337017,8.994708994709,9.42408376963351,7.73480662983425,7.02702702702703,6.46766169154229,5.85365853658537,5.26315789473684,4.71698113207547,4.28571428571429,4.39024390243902,4.45544554455446,4.54545454545455,4.66321243523316
New Caledonia,14.2857142857143,13.2352941176471,15.5844155844156,15.2173913043478,14.9532710280374,13.953488372093,12.7659574468085,11.6129032258065,11.1111111111111,10.9375,10.1851851851852,8.47457627118644,7.84313725490196,7.38007380073801,7.24137931034483,6.9078947368421,6.25,6.06060606060606,5.79710144927536,5.64971751412429,5.50964187327824
New Zealand,12.1593291404612,11.8445692883895,12.1838111298482,11.5296803652968,10.5281814959234,9.8280895231917,8.16132105430295,7.6993583868011,8.09214412285883,7.95115332428765,7.23701214784182,6.88564476885645,6.76115241635688,6.59095969717212,6.33968729920754,6.0637417218543,5.79010856453558,5.61775682577097,5.54806395684839,5.51658767772512,5.47765937558422
Nicaragua,16.306027820711,20.2783300198807,20.5633802816901,19.0014541929229,18.5493955814923,18.9063616869192,18.7019378652722,18.167115902965,16.7311411992263,15.7973814123202,13.8262404393018,12.2778083195895,11.7161999656416,10.9497206703911,10.059880239521,9.15403145812668,8.36831415030467,7.73545525697887,7.19989859297756,6.7213318424649,6.29834254143646
Niger,20.0974421437272,18.5421089879689,19.4075902499229,20.1274561869357,20.3923357664234,20.2161100196464,20.2903443619176,20.3956043956044,20.3188259109312,20.2300333225841,20.2501812907904,20.3175087772859,21.5265542411276,20.4960835509138,19.5755436440493,18.8608981380066,18.2415625095968,17.4001301236174,16.1906888467121,14.7898963579443,13.4717784877529
Nigeria,16.7121046892039,17.4940898345154,17.5884294225786,17.6356243181593,17.6704978128819,18.1884998514395,18.7510063872041,18.7946260804209,18.1992829184602,17.5900189227607,17.1094895188357,16.7768084668403,16.2872253710689,15.1736486102427,13.8488287253365,12.6731061273261,11.8013518521787,11.1318551172813,10.4852265367178,9.78676176267239,9.09392804142755
Norway,9.77029096477795,8.87073241902539,8.59854829704076,8.38033843674456,8.51173587825638,7.73839241138292,6.38610227550771,6.11606067902721,6.60377358490566,6.97407662307869,6.66815343443354,6.16778089281863,6.11488573193329,5.83680762358547,5.8099268949596,5.81438688035781,5.74587638209172,5.59391042662418,5.45044263148759,5.37909836065574,5.36314727639543
Oman,17.1806167400881,18.6878727634195,18.9380530973451,19.1588785046729,19.4369973190349,19.4989106753813,19.2923336141533,19.0974493132767,17.4172544763972,14.6869244935543,13.0724396336386,11.1238532110092,10.3614457831325,10.2251407129456,9.73096737263881,9.01162790697674,8.2242529019511,7.5308929820471,7.0572569906791,6.76020408163265,6.49989747795776
Pakistan,13.735156268972,14.3868401537113,15.0064576969598,15.7830725855492,16.9775877704366,17.5776972963868,17.2947257562735,17.1644220205884,17.4801558167857,15.9731275978956,14.5410849782626,13.7586240169827,13.2457930317776,12.6840614689881,11.6420853449343,10.622972385875,9.7898702638007,9.18470621310093,8.69280916242297,8.1824746554295,7.62688098903328
Panama,16.1627906976744,16.6837256908905,17.2291296625222,17.3312883435583,17.0099667774086,15.768115942029,13.9201637666325,12.9995406522738,12.5155408205553,11.5557217651458,11.2127371273713,10.6060606060606,9.80895352152837,9.06440498277233,8.49267444747951,8.03655107778819,7.57744595498106,7.08947256032458,6.65704863973619,6.26003210272873,6.02906520031422
Papua New Guinea,15.2777777777778,16.71875,16.7788461538462,19.9650502402796,16.8820994907951,17.0272156315422,16.2863394810878,16.0385144429161,15.8518877057115,15.859872611465,15.9858893427404,15.004903563256,14.0928882438316,13.1431548782076,12.1605667060213,11.4624932541824,10.7984488416029,10.0932680764614,9.41257894281512,8.77981051943809,8.23684823995648
Paraguay,18.2496607869742,19.0334128878282,18.4058730991085,17.9604960955443,17.2566371681416,15.7463484146776,15.9737417943107,16.414686825054,15.4750705550329,14.3511768381587,13.2922041503085,12.3475609756098,11.4723641430562,10.6765629460462,9.88719309887193,9.13737222637746,8.48956490979837,7.95773856356075,7.521312183015,7.13168595558336,6.80182463253928
Peru,16.8042993839297,17.5181639949256,17.7021447991139,17.8425045783553,17.1378761464413,16.4072804009496,15.7193144439956,14.3954524504532,13.6618295371051,12.6686437492168,11.5588710297624,10.71633855439,10.0284784377543,9.17395903452255,8.48818466591649,7.92064871126557,7.43209465089152,6.98709867768152,6.59191655801825,6.24792629080422,5.96324509138447
Philippines,17.5026253938091,18.8495651425127,18.4344740926898,17.9468499572392,17.3467155280862,16.6587373328893,16.2489088415014,15.5390793945011,15.0354019158684,14.2826515736215,13.1846207313777,12.1819989473069,11.6208767732012,10.8340295866713,10.1329297423461,9.44998720900486,8.79929251919444,8.23402695022458,7.7379820699943,7.27627720762377,6.83990503362822
Poland,11.8836609732517,12.9210806055496,11.8462784263446,9.00069970103683,7.80393717662187,8.42519916512332,9.11339742508574,9.20136555468939,7.74862240881658,6.4383242220898,5.21193827899352,4.65207602492277,4.86355749513644,4.895604541004,4.68583315553659,4.29889348808268,3.96827590018515,3.86514558147454,3.98491404514092,4.14188679245283,4.19829444288258
Portugal,10.5294467578822,10.2787456445993,10.1805869074492,10.5134474327628,9.47113722779122,9.14989552402947,8.29408150727012,7.11935387376608,5.59118236472946,5.47863333001295,5.24102864965288,5.24319711766379,4.88213919686947,4.58843159065628,4.33732701773939,4.16511019798282,4.16156670746634,4.24317381790505,4.30635838150289,4.30865648256953,4.31352970544184
Puerto Rico,16.5389815232086,15.7707685473123,15.0783566285472,13.926499032882,11.7365710080942,11.1942837699898,10.6662496090084,9.683150725496,8.58600170019836,8.53823291002432,7.75681341719078,6.64451827242525,6.40640640640641,6.28220858895706,6.04302634759488,5.7922450933461,5.53039332538737,5.27320448580291,5.17613227893602,5.16409266409266,5.14508656425262
Qatar,16.6666666666667,17.1428571428571,15.5555555555556,15.7142857142857,14.5454545454545,12.8654970760234,11.7391304347826,11.0803324099723,11.134903640257,9.71428571428571,9.23824959481362,6.77200902934537,5.76540755467197,5.39546290619252,5.57471264367816,4.98374864572048,4.71553049718093,4.58536585365854,4.61323392357875,4.65532676812892,4.6160483175151
Reunion,16.9354838709677,19.1126279863481,17.0658682634731,16.7525773195876,16.4859002169197,12.8364389233954,11.4624505928854,11.4130434782609,10.5785123966942,9.93975903614458,9.39226519337017,9.42675159235669,8.93921334922527,8.2392776523702,7.83261802575107,7.41503604531411,7.0506454816286,6.73724735322425,6.39097744360902,6.18081180811808,6.03290676416819
Romania,9.96934396076027,10.6313622326433,9.83811386353759,7.56620428751576,10.0725818397274,9.07422224314021,9.03562902571956,7.5822918500264,7.7788312359938,5.42304131211146,5.13642934586194,4.94591846168069,4.96460594620104,4.80565710987108,4.60300323878693,4.32321410680293,4.15105957206629,4.15195742662943,4.24597364568082,4.3186395166704,4.33474159384224
Russia,9.77683005199509,11.3437042755451,11.2271279168682,9.56630137202458,7.18060018559278,7.52577626795399,7.69979733579512,8.14465452620139,7.79122541603631,5.42162184002478,4.40779426202684,4.88782722878775,5.40297933274915,5.62686166936027,5.37502584857168,4.89402697495183,4.58305526671116,4.70858455354579,5.08649414230395,5.34685721002872,5.36787886096229
Rwanda,19.1755442334414,19.2679002413516,19.8407202216066,20.0625,20.1536016949153,20.1859832161488,19.3188377910333,21.6238336880013,20.1342281879195,16.6360294117647,16.522176152783,16.8260676156584,16.9618528610354,16.7220093656875,15.2247827729505,13.5459253202507,12.3928970569974,11.7988394584139,11.3710099424385,10.74179950579,9.90444273357185
Saint Lucia,14.2857142857143,15.2941176470588,17.9775280898876,18.9473684210526,18.6274509803922,15.5963302752294,14.406779661017,13.3858267716535,13.0434782608696,12.1621621621622,10.1910828025478,8.53658536585366,8.72093023255814,8.19672131147541,7.8125,7.07070707070707,6.89655172413793,6.25,6.10328638497653,6.04651162790698,5.52995391705069
Saint Vincent and the Grenadines,20.5882352941176,20.2702702702703,20,19.3181818181818,18.6813186813187,17.0212765957447,15.1515151515152,13.4615384615385,12.2641509433962,10.9090909090909,10.2803738317757,9.34579439252336,8.49056603773585,8.10810810810811,7.40740740740741,7.20720720720721,7.20720720720721,6.25,6.14035087719298,5.98290598290598,5.98290598290598
Samoa,18.2926829268293,20.2127659574468,20.3703703703704,19.8412698412698,17.4825174825175,16,14.9350649350649,15.9235668789809,14.2857142857143,14.4578313253012,14.7727272727273,14.0449438202247,11.0497237569061,10.4972375690608,10.3825136612022,10.6382978723404,11.0526315789474,9.64467005076142,8.2051282051282,7.17948717948718,6.77083333333333
Sao Tome and Principe,16.6666666666667,17.2413793103448,15.625,19.047619047619,19.4444444444444,19.7530864197531,19.5876288659794,18.0952380952381,16.3793103448276,15.625,15.7142857142857,15.1315789473684,14.0243902439024,12.8491620111732,12.0603015075377,11.1627906976744,10.6837606837607,9.52380952380952,8.95522388059701,8.15602836879433,7.74410774410774
Saudi Arabia,17.2133708216182,17.4832962138085,17.7755953842377,18.322203672788,18.3321727019499,18.0777716492002,18.9380530973451,16.9050209855433,16.3786210714066,15.192855577471,13.2923254361094,12.0442129335536,10.9506572680511,10.3000138255219,9.61465451784358,8.85683354302601,8.07771240935832,7.34175249728275,6.77455219271155,6.59992408426646,6.43380668804398
Senegal,16.887417218543,16.3515016685206,17.6890619928595,18.1971830985915,18.8729016786571,19.1489361702128,19.2546583850932,18.848810437452,18.4182590233546,18.1293302540416,17.4141414141414,16.8143946108846,16.5940902021773,15.3745524648857,13.9364001234949,12.718316166592,11.8258110735851,11.1430050350572,10.4726639076454,9.72832275906946,8.98747270428686
Serbia,11.0929610929611,11.1403630317306,9.41455696202532,9.1001267427123,8.35576217274284,8.59988283538371,8.33985466741196,8.20750647109577,7.54598662207358,6.68496373260145,5.9804598835488,6.00649350649351,5.7325487012987,5.64655610947197,5.54078920466162,5.38065843621399,5.26807010266515,5.26315789473684,5.25647805393971,5.19717102443206,5.13266637668552
Sierra Leone,15.9897172236504,14.7580258744609,15.1286601597161,15.5828220858896,15.9355080614923,16.3425452064142,16.7433302667893,16.6620765629303,16.4259485924113,16.1023325808879,16.5721040189125,17.2083007047768,16.7952013710368,16.0921293471629,15.0628758884636,14.2152632227839,13.4101330947321,12.6708834931647,11.9359670473694,11.2321660181582,10.5736782902137
Singapore,16.1290322580645,18.0428134556575,18.4822521419829,15.0531914893617,11.3198458574181,9.92939099735216,8.02980132450331,7.96753965326448,7.59283819628647,8.59442368496694,6.84590490415733,5.01288357929257,4.07108906798925,3.91304347826087,4.15708812260536,4.40052209584188,4.32234432234432,3.90154968094804,3.51167494024637,3.46441947565543,3.73491668262785
Slovak Republic,10.995670995671,12.7928402211108,11.4809454896286,9.81201283814764,8.39779005524862,9.49968334388854,9.66639871382637,8.86986967516048,7.77862305058958,6.70651970857463,5.35415504740658,4.80876346082436,5.04527813712807,5.13433934486566,4.90628445424476,4.52614077221504,4.20639371845205,4.09134157944814,4.21359223300971,4.38666137356094,4.47336315575437
Slovenia,10.1016949152542,9.99346832135859,8.73417721518987,8.52760736196319,8.02875973636908,8.09414466130884,7.96943231441048,7.11630377057886,6.22729631551635,4.98474059003052,4.57976849521892,4.44333499750374,4.79012345679012,4.9412915851272,4.72249269717624,4.39238653001464,4.22396856581532,4.21209117938553,4.45891783567134,4.70647773279352,4.85685071574642
Solomon Islands,15.5555555555556,17.6470588235294,18.6440677966102,18.5185185185185,16.875,20.7253886010363,19.2139737991266,17.948717948718,16.8253968253968,16.5289256198347,15.6626506024096,14.7991543340381,13.8576779026217,12.7090301003344,11.631419939577,10.8965517241379,10.1651842439644,9.56316410861865,8.91089108910891,8.22060353798127,7.74577954319762
Somalia,17.1895713654441,18.7301587301587,18.6657203690561,18.5943901670344,18.8281033046376,18.974732750243,19.0861050668325,16.9811320754717,17.8165276724792,17.5920245398773,18.1203515889114,18.3167724170957,17.811732022652,17.2770478054235,16.5441776906745,15.9304747540042,15.22581464778,14.3027008663156,13.249694002448,12.2559703222815,11.4280855405808
South Africa,15.2609267650928,16.2267585489533,16.3313405380547,16.0492581003331,16.2289472514776,16.1186130676733,15.491504436954,14.8548196243818,13.8650774212861,12.2271903323263,11.3104524180967,10.898009277557,10.2117209007546,9.89068395085615,9.35862383230804,8.90525610980917,8.54469702507127,8.23164687009967,7.91399000713776,7.54840652624493,7.27615224816028
Spain,9.78971045021243,9.51842718180573,9.90378616228286,9.58946843024707,9.50026644561549,9.21956003923217,8.31467860569236,6.516421173164,5.30109935377565,4.84640771769485,4.6216504830258,5.07907754476416,5.43945980537105,5.4107876784882,4.99752903385224,4.55283562700442,4.39796676913186,4.55830248019428,4.83537270201572,4.93682275163322,4.85544848035582
Sri Lanka,15.6432038834951,15.6149137451308,16.1760303362938,14.9928520371694,14.185303514377,13.0538835303503,12.7033667574208,11.8203748376322,10.2012491325468,9.53660542911982,8.43944802600032,8.9433807719873,8.725687129489,8.1396447467876,7.32246476927328,6.58527729872016,6.24915521513854,6.18932038834952,6.08041107004417,5.87941296742242,5.56528148898922
Sudan,17.9978237214363,17.6829268292683,17.8449161246149,17.8949757869249,18.0851063829787,18.1787000514492,18.0116046613682,17.6526836569243,17.0905466760179,16.665045553286,16.0148975791434,14.7733733009458,13.7032921239061,12.6883027090448,11.8547832071576,11.1361992626435,10.4418394950406,9.74542439503746,9.09591422776007,8.52728124053213,8.03463180644141
Suriname,17.2093023255814,18.8755020080321,20.4152249134948,19.2192192192192,17.1122994652406,15.4269972451791,12.6027397260274,13.2978723404255,11.6336633663366,10.6235565819861,10.6837606837607,10.4208416833667,9.10815939278937,8.57664233576642,8.11287477954145,7.67918088737201,7.30897009966777,6.84039087947883,6.31067961165048,5.94855305466238,5.8252427184466
Swaziland,17.8832116788321,17.9153094462541,18.1034482758621,18.5750636132316,19.1011235955056,19.5736434108527,19.6013289036545,19.6883852691218,19.3063583815029,17.1487603305785,14.6950092421442,14.0694568121104,13.4166666666667,13.0637636080871,12.4909222948439,11.6838487972509,10.8923884514436,10.3339634530561,9.95749848208865,9.60518562168533,9.10652920962199
Sweden,8.63863150392017,7.38088680804186,6.7379679144385,7.17610550814585,7.22457100223825,6.72443251159385,5.8604091456077,5.11438495628219,6.46103516765977,6.7293531211057,5.18058690744921,5.41703442188879,5.84247901872176,5.73805011581386,5.79635539997941,5.72811617587737,5.48937859837205,5.32405137758604,5.38103548574753,5.48903151642878,5.52507095553453
Switzerland,8.95331485823918,8.29668132746901,8.33333333333333,8.79439890710383,8.11772315653299,6.69086318447215,5.63469452358341,5.68778979907264,5.80702799285289,5.98096320500071,5.46972860125261,4.89115829078205,4.83085428458602,4.76990692864529,4.89847715736041,5.01246882793017,5.02025285381122,4.97940392536952,4.99820208558073,5.12759643916914,5.3218984962406
Syria,16.4639321074965,18.8674517664746,19.047619047619,19.2108188217858,19.3032015065913,19.5277261873176,19.9576554490751,19.8946103355829,17.877358490566,15.0355871886121,13.7544667191569,13.5296271115527,12.9437902688291,11.950353162128,10.386373078521,9.09917470974962,8.29515706806283,7.80690931523751,7.31142446718068,6.93033178016056,6.5102543957086
Tajikistan,11.2198303979126,15.712682379349,18.9150264042247,19.8406374501992,17.0292318150918,17.0058139534884,15.9797724399494,16.8418747262374,17.6093514328808,15.8878504672897,14.3135029988653,13.1599081866871,12.5512367491166,12.2648801855192,11.449206725077,10.2468047598061,9.01434809731753,8.09363221583019,7.48902881129556,7.07024029574861,6.84906849068491
Tanzania,19.0955430662658,18.5240274599542,18.8505062537225,18.9415995889707,18.9954405059568,18.9405798008891,18.9281886387996,18.5448377040161,18.2150292650352,17.6464700387028,17.3771644546014,17.6732977850697,17.789027287462,17.2225207245932,15.9877185329351,14.8406433616238,13.8841792942672,13.064781478744,12.2729780306554,11.4592304417981,10.6650464591461
Thailand,16.4426110167435,17.780765514054,17.9907387309167,17.8873151944341,16.8539930088734,14.9520539836628,12.9845125253893,11.1240103532278,9.54741949713277,8.94427908678229,7.96535407811372,7.34225969339015,7.11780331381441,6.88457084030369,6.5519847712894,6.26617833342512,6.04121858920258,5.89086874754773,5.8076372186039,5.74421377852458,5.67195103665435
Timor-Leste,16.3218390804598,16.414686825054,16.6,16.6969147005445,16.3636363636364,16.4933135215453,13.4020618556701,17.7811550151976,16.0810810810811,17.0789163722026,20.0738916256158,16.7507568113017,17.1794871794872,17.1841155234657,16.9240271772699,15.7754010695187,14.2251530852567,12.8775167785235,12.0754716981132,11.5437158469945,10.9452736318408
Togo,16.8547780285929,17.1527777777778,17.3469387755102,17.8154205607477,18.3481933364618,18.8316993464052,19.0441969098096,18.5893604303646,17.7834394904459,16.8772563176895,16.0380952380952,15.251126314033,14.3046748267217,13.5252365930599,12.5296068214117,11.6113744075829,10.8255066732575,10.1344553187597,9.49620663200068,8.888532991672,8.31438532666364
Tonga,20,20,19.1176470588235,19.7530864197531,17.3469387755102,15.9574468085106,15.4639175257732,15.0537634408602,13.9784946236559,13.6842105263158,13.1313131313131,13.4615384615385,13.4615384615385,11.6504854368932,10.1851851851852,9.73451327433628,10.5263157894737,9.83606557377049,9.01639344262295,8.19672131147541,7.31707317073171
Trinidad and Tobago,16.6666666666667,16.504854368932,16.6073546856465,16.2764771460424,12.962962962963,12.2650840751731,11.8628359592215,13.0841121495327,11.5953947368421,8.63024544734758,7.1870170015456,6.90440060698027,7.06845238095238,7.10102489019034,6.64259927797834,6.12833453496756,5.71635311143271,5.56368960468521,5.58451228592703,5.62737642585551,5.55990602975724
Tunisia,16.3080407701019,16.5025906735751,18.1193747039318,18.5313174946004,17.0403587443946,16.0077656194846,15.5359355638166,14.8138043923066,13.4493670886076,10.8337996642417,8.66574965612104,7.75460619558615,7.682668208984,7.66332812643573,7.30248108393454,6.85825703628348,6.17630081636019,5.7105880449729,5.57594128908743,5.5884910283772,5.56254917387884
Turkey,15.9420964438652,16.8637490349059,16.7717483706432,15.8769846230779,15.665046398586,15.4206401203562,14.6939040769464,13.7746149346851,11.8284746367121,11.2492647539377,10.4231243793072,9.20216951438849,8.67710190872466,8.09604201838304,7.54611248226443,7.03722357034934,6.61126847835709,6.33683825349506,6.11655905370817,5.92627158189454,5.74602881228886
Turkmenistan,11.7258464079273,15.288035450517,17.964824120603,18.5714285714286,16.1791590493601,15.8270527568425,15.2797202797203,15.3965303593556,15.7894736842105,14.1151182230714,10.9531215285492,10.5926078876729,10.0444272744833,9.54801234343801,8.74871089721554,7.74172294514907,6.96414342629482,6.69559826410415,6.58991061960309,6.42952820360173,6.16539140670983
Uganda,18.3139534883721,19.1388370910324,19.053934571176,19.1314114563834,19.3623556826607,19.5464561145795,19.4626629790597,19.5674214261575,19.7653429602888,20.0524934383202,19.8428290766208,19.6299780495453,19.3833772228304,18.6532020448765,17.6238179541431,16.3636363636364,15.0615781771544,13.8649446278818,12.7799511644393,11.7629520083961,10.7791254423736
Ukraine,8.01158301158301,9.48402703309309,9.76578935066149,9.01411557123952,7.32717627913858,7.54212738177812,7.24991007553655,7.39482264210237,7.10505399065584,5.59309088772693,4.31348475547371,4.22499201022691,4.94761862840039,5.39102477018521,5.31843055070439,4.88994617454825,4.52882773036056,4.53091134275983,4.9133025194368,5.29077152482465,5.34159362777286
United Arab Emirates,17.3913043478261,17.5,17.5824175824176,15.2777777777778,14.6666666666667,12.0527306967985,13.3004926108374,12.7569099929128,12.6805778491172,10.0781571369807,7.87037037037037,7.31767009300049,6.56190273943512,6.23796688486716,5.51334157978441,5.04339282790241,4.94279176201373,4.99571795603768,4.95767835550181,4.80732544830217,4.6043862837756
United Kingdom,8.5880237864749,7.52749077130413,7.90880623233789,8.72325157776592,8.31581783885745,6.9882432456468,6.05344934742076,6.37432587746442,6.68075962193609,6.51252541263223,6.0160586667572,5.71855293727182,5.9904037221926,5.91068645815297,5.9166052114061,5.8527649734989,5.66967833073369,5.50653783846332,5.48721453385728,5.53483284720664,5.56069923305465
United States,10.9224900514536,11.2596479132462,11.1991885190473,10.0480316066021,8.47834701116665,7.53239284915589,7.26462949082225,7.52584046448417,7.6864222235301,7.60204100483649,7.0285086957428,6.91154125652375,6.91506107543131,6.60660660660661,6.34341940292471,6.08473130508956,5.88030196145208,5.79712051873821,5.76587325055476,5.72605950625685,5.64747123904212
Uruguay,9.82142857142857,9.73861720067454,10.0787401574803,10.0852799406748,9.46956212175151,9.75265017667844,9.49931412894376,8.73173970783532,8.70822622107969,8.70777812209482,8.16019271303824,7.66917293233083,7.32285798991995,6.99708454810496,6.70103092783505,6.4033850493653,6.13496932515337,5.96520298260149,5.77240241891149,5.62723030469393,5.47455295735901
Uzbekistan,10.4846373139056,14.8842337375965,18.3103528861884,18.5087462132317,16.004009355162,15.6829076339701,15.1391675025075,15.7156220767072,15.9380026319637,14.4247131201187,11.5393929609299,9.89854466694532,9.35847155758644,9.31590561874045,8.89879425346332,8.11529526837022,7.20832228214422,6.48366163211394,6.22448692322851,6.21326383497837,6.11998463142873
Vanuatu,19.1489361702128,18.5185185185185,18.4615384615385,19.1780821917808,17.6470588235294,16.8316831683168,16.9491525423729,16.793893129771,16.7785234899329,16.2790697674419,15.2631578947368,14.2857142857143,13.8211382113821,12.9496402877698,12.012987012987,10.9144542772861,10.3260869565217,9.79899497487437,9.09090909090909,8.57142857142857,7.88381742738589
Venezuela,18.3549273655281,18.6326432354357,18.4061221797071,18.8716595183108,17.2307692307692,15.3779731533087,15.2016957011327,14.4663164578884,13.8095238095238,12.4343653811334,11.3974353721988,10.7116132894343,10.1019143368682,9.4212393339938,8.7238881905788,8.09488803438136,7.55997092318876,7.09635753035391,6.67399066190607,6.29238060517681,6.09390609390609
Vietnam,12.3848852506943,16.2956307610396,17.6147170708512,18.0529672694821,17.0637325749452,15.9666492965086,15.593817990847,15.0701657550973,14.6799100336619,12.8145731673886,9.93224260452818,8.97650906928338,8.07040402565456,7.66068320394674,7.26157801834525,6.90222823211241,6.39367271071998,5.98950864565312,5.74982270470787,5.62851951136139,5.53605330085611
Virgin Islands (U.S.),14.2857142857143,16.6666666666667,15.1515151515152,18,14.0625,18.8235294117647,11.2244897959184,13.2075471698113,9,10.377358490566,7.3394495412844,7.3394495412844,6.30630630630631,6.48148148148148,5.71428571428572,5.8252427184466,5.20833333333333,5.43478260869565,4.49438202247191,4.8780487804878,4
West Bank and Gaza,18.5884691848907,17.4664107485605,17.3636363636364,18.796992481203,18.5557586837294,19.074221867518,18.4834123222749,17.9372197309417,18.4014869888476,18.2339449541284,18.7043505874881,17.5611052072264,16.281179138322,15.0294695481336,13.9166379607303,12.9406378757821,12.0508266156579,11.156462585034,10.3065957687521,9.5442191093456,8.88542478565861
Western Sahara,15.3846153846154,16.6666666666667,15.625,17.3076923076923,16.6666666666667,17.1052631578947,15.3333333333333,16.9398907103825,15.5963302752294,13.7931034482759,12.3028391167192,10.8843537414966,10.3969754253308,9.88835725677831,9.25414364640884,8.39793281653747,7.46634026927785,6.8075117370892,6.53889515219842,6.45514223194748,6.41025641025641
"Yemen, Rep.",17.5011590171535,18.6852673853308,18.9080459770115,19.1305847852337,19.8748043818466,20.7839819514946,21.0978520286396,21.677355698076,21.3206627680312,19.595465086318,18.0317949282139,16.5509039010466,16.1513727430126,15.3575151885538,14.3037774616722,13.036498817168,11.835417302023,10.860494227827,10.0537909836066,9.28225678463736,8.4823424228878
Zambia,18.5549380076956,17.8975131876413,18.3968462549277,18.9762443438914,19.4390715667311,19.3633952254642,19.2241080706616,18.2756079587325,17.9691451694487,17.7646025472112,18.1696599159343,18.2399045834043,17.8725009430404,17.0038053274584,15.9238680695118,14.805992271452,13.7501795375114,12.8656247271457,12.0914377381191,11.3497273839991,10.6126536814477
Zimbabwe,16.0785740269189,19.2007492975336,19.3496801705757,19.5883284324813,19.5079761675956,19.6984435797665,19.9148468616948,18.9216683621567,17.0314441364809,15.6236660121233,14.1687404672072,13.6513026052104,13.6913707189749,13.1513293891225,12.5826963838397,11.5256257449344,10.36503683858,9.5421052631579,9.05649098336156,8.65434607931181,8.13004464084412