Total above 60 (%),1950,1955,1960,1965,1970,1975,1980,1985,1990,1995,2000,2005,2010,2015,2020,2025,2030,2035,2040,2045,2050
Afghanistan,4.50362007608296,4.38486879472907,4.25421260661535,4.14624952883528,4.07128980488217,4.00690327905755,3.97935039793504,3.93720003253884,3.89538119087368,3.84317628843176,3.78341529921605,3.73801265047949,3.80546778403627,3.77865381807563,3.81467259498787,3.92492606017479,4.12446445142056,4.41421334183583,4.79974315755679,5.30533174833796,5.94965984554418
Albania,10.1317957166392,8.6231884057971,7.51086281812539,6.79507758159444,6.64172123479888,6.87213660974594,7.66928544706322,7.43745774171738,7.81155015197568,9.41589530801149,10.9517601043025,12.3190736571245,13.663616282739,15.2500767106474,17.6400119796346,19.7821607300559,21.5393620134621,22.6819248826291,23.7729154346541,26,29.0644868301544
Algeria,6.80831619830934,6.4237183446572,5.85239374016113,5.09100058710056,6.27000290951411,6.08065925833437,5.90111642743222,5.48038195230122,5.45447353848588,5.82678836765018,6.26147390506163,6.45318397662243,6.89178124735312,7.96030349969808,9.20233319386675,11.0678389030107,13.2693898540032,15.6891146903038,18.4675215471936,21.6260596481865,24.3080892579975
Angola,4.94452484322238,4.70094901787685,4.57177081253743,4.54050127134036,4.50435640309058,4.50675278919554,4.45632798573975,4.35062151735962,4.22020069398856,4.07593523171413,3.97814820002801,3.92947406426766,3.94376579612468,4.14015675426464,4.39910222403591,4.73413754145559,5.11260891007726,5.52777361880521,6.10225398570643,6.8482707798643,7.79349832016278
Argentina,7.04332108914932,8.04700674536256,9.03113517694837,9.99194558797208,10.9731711381436,11.7368906658465,12.1368189244868,12.7100701336509,13.2477843426883,13.5367537098815,13.7253309510274,14.104980506571,14.7322087247332,15.5475121630197,16.4341820151679,17.3332170956563,18.2951347004423,19.6438163712243,21.6920617576236,23.3341289732267,24.9420910054572
Armenia,12.2041420118343,10.2367242482406,8.61884368308351,8.20861678004535,8.33995234312947,8.34807216130173,7.68237572627502,8.05871779508688,10.0169300225734,12.5077591558038,15.1446213844654,14.37438745508,14.4936913620188,16.1783439490446,19.1120906801008,21.7090794847628,22.397476340694,22.7056208320102,23.7576146200705,26.3072426112374,29.7315213788532
Aruba,0,2.32558139534884,4,3.84615384615385,6.89655172413793,6.77966101694915,10,9.23076923076923,9.52380952380952,10,11.2359550561798,11.1111111111111,13.8888888888889,16.3636363636364,21.4285714285714,24.7787610619469,28.3185840707965,29.4642857142857,30,30,28.3018867924528
Australia,12.4589366102932,12.445652173913,12.250656806461,12.2103618849258,12.2416908933763,12.7935995302408,13.6354358032251,14.8218467185621,15.5277322724081,16.0125848650439,16.6614501825769,17.5697543274653,19.5202454558133,21.3792798372114,23.3284054910243,25.1912723151034,26.545567942621,27.7945391461759,28.3647683574437,28.9826639081116,29.5272575367263
Austria,15.4411764705882,16.6954768078364,18.1792359039909,19.447118690689,20.0856989823246,20.2823964106624,19.1094619666048,19.8015873015873,20.174638342239,19.773156899811,20.6095428428678,21.9509232264334,23.0741712377772,24.4153082919915,26.6307530155756,29.6976744186046,32.4687355257064,33.9043870818382,34.5059793335655,35.3401003383502,35.8073987081621
Azerbaijan,11.0880829015544,10.015037593985,8.82956878850103,8.19851333624836,8.08197989172467,7.87484619441026,7.12431028886725,7.15249662618084,7.34988212453196,8.08171656173712,8.92967114176623,8.92096545196403,8.68786386027765,10.0042435815829,12.6588713777326,15.8752097936618,17.9581557535839,19.3465176268272,20.471100179737,22.4159050221427,25.2150893448048
Bahamas,6.32911392405063,6.81818181818182,5.55555555555556,5.63380281690141,5.26315789473684,5.82010582010582,5.71428571428571,6.00858369098712,5.92885375494071,7.11743772241993,7.89473684210526,8.95061728395062,9.85507246376812,11.716621253406,14.0625,16.6666666666667,18.9903846153846,21.3457076566125,22.9545454545455,24.9443207126949,26.3157894736842
Bahrain,4.34782608695652,4.44444444444444,4.45859872611465,3.1413612565445,3.2258064516129,4,3.45821325648415,3.6319612590799,3.65853658536585,3.80622837370242,4.4478527607362,3.84615384615385,3.70828182941904,4.65380249716232,6.62460567823344,9.69637610186092,13.5483870967742,17.2202797202797,20.2003338898164,22.32070910556,24.294670846395
Bangladesh,5.3836449134075,5.44362330209323,5.36406959991134,5.28622070504825,5.1721645609876,4.94636170428094,4.7491564798938,4.77420357118583,4.89397398643974,5.03489842761894,5.2995375336549,5.65750633473525,6.17796780255804,7.11799016082822,8.23124888843378,9.59428137755625,11.2688531850503,13.3734417499083,15.9437721163938,18.7003902745584,21.2054203465246
Barbados,8.53080568720379,9.29203539823009,9.91379310344827,11.0169491525424,11.7647058823529,13.8211382113821,14.1129032258064,13.3333333333333,13.5135135135135,13.1274131274131,13.4387351778656,13.8888888888889,15.625,18.2170542635659,22.2222222222222,25.9541984732824,29.6153846153846,32.2834645669291,33.7301587301587,34.6938775510204,35.7142857142857
Belarus,12.5645661157025,12.2004357298475,11.7381214119946,12.3387940048798,13.1843822585997,14.2216527866752,13.7384822445388,14.58,16.5204678362573,17.775396902698,19.0253605171556,18.0975659435788,18.2964970809008,19.5917058572039,22.0478489903424,24.361581920904,25.6335396473199,27.388303668725,29.3539856441254,32.1292525942467,35.0329851566795
Belgium,15.9133055169217,16.6064981949458,17.631636443085,18.4299619128227,18.9615784008307,19.1839656406586,18.3760683760684,19.490575649516,20.5577368368066,21.437778879524,22.0347297164721,22.0238095238095,23.3738317757009,25.0045964331679,26.9913106444605,29.0795352993744,30.667138559547,31.6404533872243,32.0744820351429,32.2903956771832,32.3442394709363
Belize,5.79710144927536,5.12820512820513,6.38297872340426,5.71428571428571,5.73770491803279,6.71641791044776,6.25,5.52147239263804,6.28272251308901,5.47945205479452,5.95238095238095,5.31914893617021,6.05095541401274,6.12244897959184,7.75401069518717,9.42928039702233,11.1627906976744,13.2450331125828,15.0423728813559,17.1079429735234,19.5652173913043
Benin,11.0785749145925,9.6045197740113,8.81445570736007,8.2794830371567,7.72298767222625,7.14285714285714,6.54494382022472,5.92089298713904,5.42118432026689,5.0314465408805,4.94068178405166,5.00762582613116,5.01465320742429,5.10894064613073,5.35523613963039,5.79004722121322,6.35714285714286,6.99091708174626,7.74362258512114,8.61417709099828,9.59421344736603
Bhutan,4.16666666666667,3.57142857142857,4.44444444444444,4.296875,4.05405405405405,4.73537604456825,4.72813238770686,4.98960498960499,5.30164533820841,6.11439842209073,6.77361853832442,6.62557781201849,7.06214689265537,7.79220779220779,8.76979293544458,9.59537572254335,11.0987791342952,12.7408993576017,15.2331606217617,18.6304128902316,21.6189536031589
Bolivia,5.60265388868411,5.55370801463252,5.49253731343284,5.54518794988003,5.53312752315364,5.56839672200042,5.52444942142591,5.63191418035535,5.99700149925037,6.22828120823309,6.46790093772542,6.69934640522876,7.17989629038692,7.78586565926472,8.584686774942,9.50687146321746,10.6389506788372,12.1100917431193,13.6601584606678,15.4078549848943,17.5062043061238
Bosnia and Herzegovina,6.08336462636125,5.60081466395112,6.0062893081761,6.56461583750368,7.74410774410774,8.1131571924206,7.99897776641963,8.70514064015519,10.4505341384115,13.2313231323132,16.5899864682003,17.6719576719577,19.1008246874169,21.7064663268044,24.5375408052231,27.4466315497643,29.8096050014209,31.8768328445748,33.9519318527533,36.4328784512853,39.1824526420738
Botswana,7.03883495145631,6.60980810234542,5.55555555555556,5.36912751677852,4.6242774566474,4.16156670746634,3.86571719226857,4.05172413793104,4.14507772020725,4.32537120723047,4.76190476190476,5.3804347826087,5.91506572295248,6.88836104513064,7.58868432869331,7.91274593669803,7.92933442892358,7.9825258141382,8.80769230769231,10.4399701715138,12.4002900652647
Brazil,4.86874038942513,5.03919729037798,5.32277576157484,5.42399411827485,5.69949266077028,6.01041348759352,6.19228903378584,6.31514003040786,6.8074693623764,7.343682355124,8.1280321515717,8.89606655523967,10.1527959718356,11.9064989352473,14.0223485065917,16.5459953976539,18.8836082635646,21.2071882281592,23.9135471034737,26.8794668024514,29.300450318518
Brunei,6.12244897959184,7.8125,6.09756097560976,5.8252427184466,5.38461538461538,4.96894409937888,4.63917525773196,4.44444444444444,4.28015564202335,4.06779661016949,4.49101796407186,4.8780487804878,5.88235294117647,7.93650793650794,10,11.1545988258317,13.5779816513761,15.3979238754325,17.1900826446281,19.1153238546603,20.7317073170732
Bulgaria,10.1641152944422,10.6414188558474,11.3907958301551,12.9480614484272,14.7148916116871,16.0894495412844,15.6510945610472,17.4868876241491,19.2765619684772,21.3499281953088,22.162567111999,22.8811369509044,24.5265404107762,25.9396943411813,27.3232611174458,28.64336492891,30.1793444650588,32.2392886014551,34.7252747252747,36.5806223479491,38.2047477744807
Burkina Faso,3.77358490566038,4.3338683788122,4.68220338983051,4.86613249951143,4.88674870697343,4.89148040168448,4.75218658892128,4.50532329265126,4.17422867513612,3.85071090047393,3.60599571734475,3.49818181818182,3.27929255711127,3.22953923837576,3.42919848200814,3.80078109272456,4.28806643281552,4.86287089013633,5.5225050059491,6.2684033212192,7.0776087968065
Burundi,5.17100977198697,4.95529061102832,5.10204081632653,5.19925280199253,5.34698521046644,5.4921152800435,5.40082344393316,5.07884497235306,4.68227424749164,4.45849546044098,4.38813349814586,4.36432637571158,4.43609904940735,4.96227818510254,5.50547639817776,6.01146747894642,6.47783457638482,7.1608832807571,8.34822758415252,10.215319449347,12.2996093223764
Cambodia,4.53394706559264,4.52199050175511,4.54545454545455,4.59133832627808,4.62602680501513,4.64985205016204,4.75767007558915,4.50672922583035,4.437564499484,4.46357965029435,4.6241868484991,5.1986444588651,5.85851876453006,6.54194179505992,7.35343951202982,8.29072893058557,9.2681956121586,10.0700691222422,10.6804907864355,13.4116112198304,16.1959993276181
Cameroon,5.70980743394536,5.75510204081633,5.77029776216016,5.8220310949388,5.82041532611875,5.77635782747604,5.6834453133605,5.6047197640118,5.50968691244993,5.44963005122368,5.44526375496313,5.43740530834409,5.43140595250025,5.53951642006496,5.70067356661738,5.95233598972693,6.29326620516048,6.82631613197111,7.68317193495341,8.87281910009183,10.2085261610497
Canada,11.3270728688942,11.0708611375914,10.6935447844539,10.9456781340515,11.4109412414809,12.3455189698384,13.288738426398,14.6118721461187,15.533735244215,16.1007405385114,16.7014273610115,17.8345920515043,19.9699035142073,22.3148878620534,25.0026954177898,27.5175250265139,28.8372325036165,29.7422131940414,30.5259191219765,31.2317356588969,31.8142927905615
Cape Verde,6.16438356164384,7.10059171597633,6.5989847715736,7.4235807860262,7.86516853932584,8.27338129496403,8.27586206896552,6.89655172413793,6.76056338028169,6.51629072681704,6.62100456621004,5.83333333333333,5.65302144249513,5.65693430656934,6.70103092783505,8.63192182410423,10.9907120743034,12.1804511278195,14.2857142857143,17.0487106017192,20.3703703703704
Central African Rep.,7.78533635676493,7.15819613457409,6.85752330226365,6.73543689320388,6.56096227446692,6.54437283093704,6.39329805996473,6.22612681436211,6.24360286591607,6.06060606060606,5.98130841121495,5.89956118966358,5.8392539964476,5.90623097219403,6.10372589402734,6.4,6.68292682926829,7.1297429620563,7.80141843971631,8.77941378835833,9.9947396107312
Chad,6.91073632250103,6.42270351008215,6.36792452830189,6.25566636446056,6.14130434782609,6.01829561868079,5.81471034931655,5.591727307545,5.35538814281035,5.09187824379296,4.85598666984051,4.62121968260306,4.43285528031291,4.4751086376458,4.55857670359181,4.65487667829893,4.79019875907035,5.05594108483218,5.53249753968594,6.18181818181818,6.9844470046083
Channel Islands,16.6666666666667,18.6915887850467,19.0909090909091,20,20,19.8412698412698,19.6850393700787,20.1492537313433,19.2857142857143,19.4444444444444,19.047619047619,20.1342281879195,22,24.3421052631579,26.6233766233766,29.6052631578947,33.112582781457,35.0993377483444,35.7615894039735,36.0544217687075,36.6197183098592
Chile,6.85404339250493,7.28966435014047,7.4810358357311,7.52688172043011,7.72926676415291,7.87023706689702,8.2006796637453,8.51432818564704,9.02956785443518,9.55719044975014,10.3054672806278,11.6463152727496,13.1551301505778,15.0044622936189,17.5223992703471,20.3519152911865,22.5783619817998,24.3752479174931,25.4795458993932,26.9116861678885,28.6620195565882
China,7.49368751743273,7.58173736725357,7.22698885011596,6.97503312303059,6.83607226414331,6.93045292465596,7.38963512102825,8.02284047557106,8.46273801779021,9.19113669939247,9.98639256042445,10.8380942365447,12.2951110218381,14.7975856698935,16.7280156740425,19.6115997082181,23.407213012524,26.4230861284918,27.4948678986459,28.6963639885662,31.0814625375077
Colombia,5.28421403567261,5.0697909886454,5.12900605984882,5.23706896551724,5.40477194956171,5.63691742813035,5.78961067935894,6.0608081077477,6.28783087903153,6.51929458873865,6.85875194850908,7.44965039838324,8.58333873301799,10.1848664628344,12.0107884769884,14.1280795353156,16.2856893390378,17.9417921534202,19.7414941375738,21.4697011242117,23.1225547886383
Comoros,5.80645161290323,5.64971751412429,5.20833333333333,4.71698113207547,4.66101694915254,4.83271375464684,5.18292682926829,4.6875,4.58715596330275,4.47154471544715,4.53720508166969,4.70779220779221,4.76878612716763,5.09138381201044,6.07142857142857,6.73289183222958,7.59753593429158,8.90804597701149,10.3324348607367,12.4255319148936,13.6919315403423
"Congo, Dem. Rep.",5.58246449388392,4.98969679128643,4.72599622960411,4.62777809518368,4.59452797633719,4.58327998975803,4.5748987854251,4.53155849945863,4.46821730556231,4.38983126307822,4.29462335976078,4.25024120245773,4.21224899006281,4.19287753335831,4.2423066829452,4.38850387280881,4.67240664855656,5.09669333198745,5.67773666286548,6.48475004511821,7.54848725197101
"Congo, Rep.",5.69306930693069,5.80357142857143,5.83580613254204,5.89254766031196,5.99250936329588,5.86718246292714,5.84666298952013,5.7628719886632,5.76451349141455,5.68140956490471,5.82811985512018,5.71010248901903,5.66640063846768,5.63580393085484,5.70455512984249,5.95051060487038,6.47928454097463,7.29540406629079,8.53050056333494,9.99389685688129,11.5272515301661
Costa Rica,7.66045548654244,7.3581560283688,7.19640179910045,7.01643489254109,6.81318681318681,6.92007797270955,7.19761499148211,6.97329376854599,7.20779220779221,7.35843633227939,7.65903307888041,8.31408775981524,9.4807153630683,11.2164615694977,13.521234050657,16.0840427458794,18.3758459135867,20.073726541555,22.0557093989249,24.3264785589032,26.6792215944758
Cote d'Ivoire,3.99361022364217,4.05916752665979,4.12311265969802,4.14299242424242,4.16666666666667,4.18365805769521,4.21715371822286,4.34409012793584,4.55915001585791,4.85248965425177,5.2780832224087,5.74724589482436,6.06397774687065,6.32744093837766,6.55981003265064,6.78256775842356,7.06605222734255,7.60223994569829,8.534186577146,9.67512740101921,11.0091531597999
Croatia,11.3447559709242,10.8646332240988,11.7457962413452,13.030817762679,14.9604411412131,15.4982415005862,14.7589673292209,15.6236030397854,17.1093404161133,19.7644539614561,21.7362344582593,21.8820351193156,23.469387755102,25.4349816849817,27.4600601991202,29.1088643310604,30.3827751196172,31.5352697095436,32.9837702871411,34.3550446998723,35.0496602195504
Cuba,6.9606352424396,6.80428134556575,7.25388601036269,8.14889336016096,9.06483075157774,9.90780968528134,10.8264714852089,11.3645378817929,12.1246458923513,12.5939505041247,14.3759018759019,15.2224405931749,17.2973937879329,19.5826645264848,21.8688583169555,26.0448430493274,30.8802177858439,34.5022205773501,35.7950765136394,36.7198267375468,38.745501285347
Cyprus,8.88888888888889,9.98116760828625,9.59860383944154,10.1200686106346,13.8436482084691,13.8157894736842,14.075286415712,14.3518518518519,14.6627565982405,14.6374829001368,15.3748411689962,16.9856459330144,18.4090909090909,19.7837837837838,21.8556701030928,23.5700197238659,24.7148288973384,25.6906077348066,26.9955156950673,28.646288209607,30.0681431005111
Czech Rep.,12.5028008066323,13.077171456248,14.5490730072274,16.4589556081986,18.1818181818182,18.7263304763803,16.8157945924917,17.4279895257492,17.7680737506065,18.0038759689922,18.3392018779343,19.9391918399372,22.209414024976,24.3505566657151,25.4683065279092,26.5153664302601,27.6235741444867,30.0201091640333,32.5399884370784,33.5719814241486,34.4636610959969
Denmark,13.3926480917818,14.2374408650597,15.4585152838428,16.4530363521748,17.6136363636364,18.711717051966,19.4769711163154,20.3011930373558,20.3696498054475,19.858427396212,19.7526236881559,21.2110023998523,23.3984303705056,24.877783813145,26.2778977681785,27.9835390946502,29.426433915212,30.3041081273342,30.2906043858085,29.5340501792115,29.2718096611392
Djibouti,3.2258064516129,2.89855072463768,3.57142857142857,3.41880341880342,3.75,3.1390134529148,3.52941176470588,3.72208436724566,3.93559928443649,4.01284109149278,4.38356164383562,5.08684863523573,5.46075085324232,5.9748427672956,6.51750972762646,7.11711711711712,7.95644891122278,8.92575039494471,10.0149476831091,11.4590747330961,13.1561008861622
Dominican Rep.,4.36573311367381,4.16666666666667,4.08833184124142,4.12449392712551,4.21922575032623,4.44528875379939,4.75949367088608,5.28853397619406,5.94059405940594,6.64779022528622,7.34744707347447,8.01510700797314,8.76283618581907,9.80680772769089,11.214953271028,12.9218175743401,14.6661303298471,16.3090128755365,17.8781176111662,19.620205659386,21.4195372368127
Ecuador,8.17350250811449,7.53886010362694,7.02861004730795,6.68610301263363,6.30026809651474,6.13781123335264,5.96359070935342,5.96572181938036,6.22628660375523,6.68128014028934,7.44050036552676,8.37544020823764,9.44670345628812,10.9269027882442,12.4479708636837,14.0768847972132,15.801462654358,17.5312954876274,19.2743635017372,21.0806867916059,22.961027408684
Egypt,5.21545112257705,5.35750912745621,5.39587754955214,5.42534997149553,5.4676299440587,5.55317053460946,5.63532430121078,5.77052157776286,5.95625389354191,6.22768556216724,6.50107591238796,6.68386126808025,7.45199706418543,8.14683257425527,9.09579375297803,10.2228234464757,11.3691898471665,12.5284327442212,14.260107384537,16.5121742166915,19.1810644309602
El Salvador,6.03996366939146,5.79769736842105,5.66582461205341,5.54870530209618,5.45308740978348,5.547686496695,5.79150579150579,6.28125625125025,6.83054982173016,7.4895251396648,8.37819650067295,9.28889622174559,10.1727757145164,11.0310247571294,11.8784947861569,12.8606640568363,14.0548822955843,15.4116059379217,16.7806417674908,18.2415882428774,20.2791878172589
Equatorial Guinea,8.8495575221239,8.40336134453782,7.8740157480315,7.38007380073801,7.16723549488055,8.36820083682008,9.04977375565611,7.32484076433121,6.36604774535809,5.53097345132743,5.28301886792453,4.59016393442623,4.32276657060519,4.86555697823304,6.16438356164384,7.41503604531411,8.05998125585754,7.93103448275862,7.40445859872612,7.53880266075388,8.37370242214533
Eritrea,5.16185476815398,4.67141726049089,4.49122807017544,4.25400739827374,4.16666666666667,4.16075650118203,5.78947368421053,4.77548111190306,4.30652311589614,4.08608858390518,3.96825396825397,4.02504472271914,4.09804672539257,4.0612516644474,4.09287096294091,4.13234301147873,4.63821892393321,6.05646630236794,8.0004216295984,9.49149208222681,10.8195809382533
Estonia,14.7406733393995,14.5815358067299,14.99176276771,15.9813809154383,16.7155425219941,17.1787709497207,15.9075458871516,16.1311475409836,17.1865054105665,19.0972222222222,21.1370262390671,21.6939078751857,22.6457399103139,23.7453183520599,24.8875562218891,25.7747543461829,26.5180630284397,27.443315089914,28.4920634920635,29.8231511254019,31.7923763179238
Ethiopia,4.8006509357201,4.46371384933734,4.25296021996541,4.38878856873675,4.50101903347266,4.595677513356,4.65700810528397,4.63337393422655,4.61971714327128,4.61900249201502,4.71495077463176,4.8781141173319,5.05901596902691,5.18615501314463,5.36845615205068,5.68681616744978,6.1219680903625,6.67888342554188,7.3743074814733,8.30021967590198,9.58334292223782
Fiji,4.16666666666667,4.16666666666667,3.80710659898477,3.45572354211663,3.86100386100386,4.50606585788562,4.43740095087163,4.51339915373766,4.83425414364641,5.07152145643693,5.86766541822722,6.76328502415459,8.07962529274005,9.49656750572082,11.1612175873732,12.707182320442,13.5076252723312,14.0388768898488,15.625,17.6981541802389,19.5604395604396
Finland,10.1745635910224,10.3659976387249,11.1512415349887,12.2480280455741,14.1585233441911,15.53480475382,16.3564107927212,17.4250153029994,18.4680168437939,18.9543763461915,19.853083317224,21.365890881343,24.6913580246914,27.0718232044199,28.8080072793449,30.3216479942176,31.1507936507936,31.1336105586693,31.3875250045463,31.7126667885213,31.86994856723
France,16.2403786393842,16.3459987557317,16.8757525998905,17.5551545968999,18.1454710180608,18.3181930247113,17.2845227062094,18.288499729193,19.3205608627575,20.33585627834,20.6937374215698,20.8833893304925,23.1775074240828,25.242961548694,27.0845525951024,28.8959508568127,30.3747386156785,31.5717268118103,31.8823825826627,32.294868763301,32.5624353480124
French Guiana,8,10.7142857142857,9.375,7.69230769230769,6.38297872340426,5.35714285714286,5.88235294117647,5.88235294117647,5.17241379310345,5.71428571428571,5.45454545454546,5.44554455445545,6.86695278969957,7.63358778625954,9.62199312714777,11.4906832298137,12.9943502824859,14.2857142857143,15.0121065375303,16.0183066361556,17.3160173160173
French Polynesia,3.33333333333333,4.28571428571429,3.84615384615385,4.3956043956044,3.6697247706422,4.6875,4.63576158940397,4.59770114942529,5.6701030927835,5.58139534883721,7.17299578059072,7.8125,8.88888888888889,10.7266435986159,12.4183006535948,14.7335423197492,17.9331306990881,19.76401179941,20.4081632653061,22.2857142857143,25.2124645892351
Gabon,11.4893617021277,11.2970711297071,11.1111111111111,11,10.9433962264151,9.93265993265993,9.39794419970632,8.74524714828897,8.08189655172414,7.26770929162834,6.72064777327935,6.29114850036576,6.46235842771486,7.01219512195122,7.64904386951631,8.45511482254697,9.2375366568915,10.1201478743068,11.0817941952507,12.442202606137,14.1181229773463
Gambia,4.65116279069767,4.98220640569395,5.64263322884012,5.13513513513514,5.12820512820513,4.66019417475728,4.71544715447154,4.76190476190476,4.58100558659218,4.70914127423823,4.83128834355828,4.90837696335079,4.85714285714286,4.93702770780856,5.15695067264574,5.45014129995963,5.96196049743965,6.57104736490994,7.18011660018411,7.96586059743954,8.85167464114832
Georgia,14.9092970521542,13.59375,12.1845710165826,11.7686467172845,11.9821542383684,12.3904626044426,12.2239747634069,12.8190584231424,14.981684981685,16.1506606192073,18.3888654576128,18.073908174692,19.1322901849218,20.7394711067581,23.0402010050251,25.7135510413988,26.9240941549855,27.9158699808795,28.8135593220339,30.0176056338028,32.4357405140759
Germany,14.6001521001521,15.7867045858514,17.2730144342356,18.7525505838369,19.8710486254142,20.4280848034979,19.2849570182273,19.9253395121323,20.4159480316745,20.8103108192544,23.1964226968674,24.8701645391448,25.9773813005752,27.8775585469297,30.276541244933,33.5928234373817,36.5470823218116,37.5223003463113,38.0587089406865,38.789809795727,39.5333664279129
Ghana,4.11646586345382,4.23289564616448,4.34462444771723,4.41813088871912,4.44088359848918,4.5004500450045,4.55411412501134,4.65938797478087,4.77017637626937,4.94636126413453,5.18689196108551,5.44425683384292,5.75373993095512,5.94592587090544,6.33814725876822,6.92393597220499,7.66275836367285,8.53161386587088,9.52867066703184,10.6283922889762,11.8019153783204
Greece,9.96563573883162,10.7721280602637,12.0604824192968,13.2382177523097,16.2684869169511,17.3850574712644,17.4445135863929,17.8010471204188,19.9744170028535,21.3683223992502,22.359283625731,22.9774925427099,24.2779218456586,25.6171195169597,27.3307337823467,29.1289693099166,31.588785046729,33.8517922588719,36.0629213483146,37.4185372918175,37.5959780621572
Grenada,6.66666666666667,7.31707317073171,6.81818181818182,6.45161290322581,8.51063829787234,7.69230769230769,8.98876404494382,7.92079207920792,10.4166666666667,10,9.9009900990099,9.80392156862745,7.84313725490196,10.2803738317757,10.0917431192661,14.5454545454545,14.8148148148148,16.8224299065421,19.4174757281553,21.7821782178218,28.5714285714286
Guadeloupe,6.66666666666667,6.77966101694915,7.2992700729927,6.6006600660066,7.38461538461538,8.53658536585366,9.50920245398773,10.4519774011299,11.4285714285714,12.8395061728395,13.7529137529138,16.7032967032967,17.948717948718,19.578947368421,21.8556701030928,25.0513347022587,27.6985743380855,29.4117647058824,29.3877551020408,31.4814814814815,33.1236897274633
Guam,0,1.61290322580645,1.49253731343284,2.73972602739726,2.35294117647059,3.19148936170213,3.84615384615385,5.83333333333333,6.06060606060606,7.48299319727891,8.38709677419355,8.98203592814371,11.1111111111111,12.565445026178,14.8514851485148,16.5876777251185,18.348623853211,19.8237885462555,20.5128205128205,21.0970464135021,22.0833333333333
Guatemala,4.25802351445821,4.25531914893617,4.39507365370683,4.51762719020477,4.46576859199114,4.54252577319588,4.64652223489168,4.95211693548387,5.3541362666966,5.67716141929036,5.91378696116851,6.11425873465534,6.44824707846411,6.71186440677966,6.92056823835056,7.2808470068744,7.8462105845473,8.71799263509463,9.94896934142323,11.5396329856088,13.3437647829409
Guinea,8.10087886893389,6.87478077867415,6.05187319884726,5.6150506512301,5.41384695471109,5.40272614622057,5.42585386943364,5.33510537307765,5.17325524646169,4.90772933939556,4.85564304461942,5.06397744523964,5.1540399147452,5.38714852655577,5.67396955068697,6.02282472458606,6.42793725954424,6.95232994108195,7.6629850454501,8.56564748201439,9.69302635969303
Guinea-Bissau,5.79150579150579,5.12367491166078,5.05902192242833,5.17529215358932,5.48172757475083,5.75539568345324,5.75539568345324,5.65832426550598,5.68070519098923,5.5746140651801,5.3680981595092,5.43478260869565,5.4169202678028,6.05078336034576,5.95641646489104,5.92592592592592,5.63880126182965,6.50377290693496,6.94993412384717,7.34669095324833,7.8503095104108
Guyana,6.6193853427896,5.76131687242798,4.92957746478873,5.27950310559006,5.22598870056497,5.45702592087312,5.6701030927835,5.97402597402597,6.55080213903743,6.71936758893281,7.00132100396301,8.12581913499345,9.30537352555701,11.2582781456954,13.8255033557047,16.5526675786594,19.2145862552595,21.5743440233236,22.8748068006182,24.8344370860927,25.2688172043011
Haiti,5.5883266066439,5.23470839260313,5.40191263892479,5.7323350491343,6.04582095884599,6.2597200622084,6.29063433491478,6.0601315377388,5.90883511536297,5.94072001017682,6.16256214591282,6.38682252922423,6.43894778170396,6.82606315020989,7.26838423477222,7.89515870471305,8.57900719969686,9.41218896501983,10.8446226154271,13.1636799680234,15.5753583882216
Honduras,6.18695359784802,5.41327124563446,5.14228657014478,4.80646533390047,4.83091787439614,4.92436433859028,4.76059438635113,4.93506493506494,5.06019179759233,5.28011455163773,5.60462502007387,5.83284968078932,6.20816380102376,6.83200190771432,7.59715380405036,8.55256475368207,9.72169271826153,11.0860137332851,12.9299913569576,15.1631158455393,17.6518022740102
"Hong Kong, China",3.79554655870445,4.17335473515249,4.8145738451529,5.66242210782986,6.44179558711641,8.82821387940842,10.0456621004566,11.2699285321605,12.6227208976157,13.869670152856,14.8020395920816,15.6908324858347,18.3477153769982,21.7250236582398,26.2693156732892,30.7566821433053,33.5654936461388,35.8092727926201,37.4040392110547,38.707792966468,39.4596474953618
Hungary,11.3193403298351,12.3664122137405,13.9809714571858,15.6302355375973,17.1986844650803,18.2948827494541,17.1695469406819,18.1319720173946,18.9598610575068,19.6342171472808,20.2369297043274,21.2882096069869,22.4328118732451,24.4581729795422,25.6373502610832,25.8034418411777,26.7220527920917,28.5195082843399,31.0359821719752,32.1858104380448,33.0498041410185
Iceland,10.4895104895105,10.7594936708861,11.3636363636364,11.4583333333333,12.3152709359606,12.9032258064516,13.1578947368421,14.0495867768595,14.9019607843137,15.2985074626866,15.3571428571429,15.5405405405405,16.6666666666667,18.1303116147309,20.4851752021563,22.976501305483,24.8717948717949,27.0886075949367,29.3532338308458,31.358024691358,32.9238329238329
India,5.39238096262552,5.07672256922245,5.19992683699372,5.25237605571732,5.46329501250536,5.63091260399948,5.82370223855277,5.96198896453809,6.13584670184176,6.35808252434824,6.69379776556889,7.02288482935881,7.54677985779747,8.65341672114073,9.83986530371029,11.0924253497234,12.4350750606729,13.9231103027272,15.6419214922643,17.5295557740341,19.5585197156026
Indonesia,6.22683084899546,5.72880021942116,5.24076123749449,5.08564229315535,5.20351348346319,5.36671539961014,5.44606127586419,5.65825053742909,6.19496465335483,6.8892230890539,7.68080359317608,8.34990785175994,8.93870125625223,10.0003276110602,11.6628706970816,13.6820275972608,15.9809345601615,18.3714522797728,20.7177399726985,22.9895681107154,24.8487562085446
Iran,8.25400579435937,7.23491198658843,6.48728345005529,6.07972353933939,5.75941676792224,5.49424184261036,5.408360455655,5.53536021150033,5.45175732365072,6.29702269950486,6.68121487504484,6.94825198541672,7.1286812206135,8.03871471184222,9.54991103309091,11.4594929590396,13.6362120150772,15.8425374022349,18.942540397155,23.7677996050307,28.0886826501676
Iraq,4.51127819548872,4.82290881688018,5.45697131420947,6.13496932515337,6.37610186092067,6.31657789613848,5.91171646580618,5.33151059466849,5.01161632923996,4.9451597520267,5.07910750507099,5.06427736657577,4.73511933136302,5.49517917850973,5.80690066620265,6.34803427983263,7.43641122106813,8.69565217391304,10.079575596817,11.47162213457,13.0266283285411
Ireland,14.7861232738296,14.8579253680246,15.8080451658433,15.4728789986092,15.7021996615905,15.5080213903743,14.8485739488386,14.4915254237288,15.1351351351351,15.2439024390244,15.137976346912,15.145723841376,16.081935062105,17.396643471142,18.8301593470657,20.5959031657356,22.4654584604342,24.8267498267498,27.3504273504274,29.1944670463792,30.1032565528197
Israel,6.19539316918189,7.08976558033162,8.04162724692526,9.35672514619883,10.6316879530549,11.7664581471552,11.7662682602922,12.4299293200097,12.3448581560284,13.0653266331658,13.2128184059162,13.1988041853513,14.5661724327293,15.9509202453988,17.1342564720048,18.0978446801232,19.0801605380193,20.5016583747927,21.8678361407356,23.0828590720556,24.2629107981221
Italy,12.0282103265324,12.8783629375714,13.9446576449202,14.9871804832569,16.4830016117546,17.6872598071206,17.3640464604127,18.954696482253,20.8986122563554,22.7371254763486,24.4038239310852,25.2105855471814,26.6498053179806,27.7902448683255,29.3967686399152,31.9110296567811,34.7875734676742,37.4451800802614,38.9487893648651,39.3365010799136,39.0940155962499
Jamaica,5.76512455516014,6.28645495787427,6.62983425414365,8.06818181818182,8.45371856607812,8.44510680576254,9.28270042194093,9.36003482803657,9.72927241962775,9.56627482772598,9.93377483443708,10.2698650674663,10.7247437774524,11.5218951902369,13.0557515878617,15.4624781849913,17.7576601671309,19.4677871148459,20.376286829961,21.4492753623188,23.0425055928412
Japan,7.69611571944314,8.08206717649833,8.8241922156524,9.63682165403719,10.5832567401961,11.6996210322615,12.8395907359048,14.6450193535581,17.4169981329653,20.3727619138725,23.3135758427188,26.5088506685079,30.4797001480362,33.0405195920217,34.503169879674,35.9993708140507,37.8942975882273,40.7339998065645,42.5244752060471,43.6846286243877,44.1814712073816
Jordan,7.41525423728814,6.63650075414781,6.13154960981048,5.420054200542,4.74430067775724,4.28719008264463,4.62713387241689,5.13673318551367,4.7340916077467,4.11245353159851,4.71873068205234,5.39180445722502,5.54782877453253,5.87897082075607,6.54168328679697,7.80071702311781,9.64596633778294,11.9037151022203,14.2932102004408,16.9440242057489,19.0801679523484
Kazakhstan,10.1894674026555,9.1580132616039,8.25412706353176,8.05340947262345,8.20047295751011,8.5390873717722,8.2171581769437,8.30798479087452,9.60188770571152,10.0156985871272,11.1608934064464,10.2810504837754,10.2082275266633,11.3321055862492,12.8542389094822,14.4661106542934,15.5108430940508,16.8061446749971,18.1436990027199,19.8921408909612,22.3722545943523
Kenya,6.33640552995392,6.07449856733524,5.86130306021718,5.62980111543723,5.3160280913859,4.93323442136498,4.57480169710386,4.29116823619242,4.16471090249627,4.17939764295068,4.14731887284524,4.01775742684834,4.14066514940166,4.46890075809786,4.81608179267402,5.14486208573612,5.49393167397187,6.05370432158763,6.93138279345176,8.05598523027793,9.29516450064395
"Korea, Dem. Rep.",3.93304579995892,3.36413664209324,2.71282426013884,2.31331168831169,2.42858145574507,3.40364631945741,4.6525118923309,6.22763446028948,7.79311029484761,9.53586886453633,11.6447944006999,13.3500510030602,14.3059608170071,13.6065573770492,15.1030117324517,16.6474310502647,19.9035649355782,22.5621566069805,22.7081179931621,23.8081850676734,24.692614607931
"Korea, Rep.",5.20535110093176,5.6597533897104,5.98348557979975,5.31877421627334,5.41701126025829,5.60179718326085,6.05461971755786,6.8042662453091,7.68693871853334,9.24238013123418,11.2465541006203,13.3123094712499,15.5952331862604,18.4485178931093,22.7706362680896,27.0814808827096,31.123590933138,34.8547117985998,37.3704909713706,39.7773654916512,40.7967874401615
Kuwait,3.92156862745098,4.04040404040404,3.59712230215827,2.3454157782516,2.5503355704698,2.67857142857143,2.32389251997095,2.03488372093023,2.05511443250817,2.14492753623188,2.64811490125673,3.07521304186736,4.06290956749672,5.41901095647024,7.66937669376694,10.4511278195489,14.1118652000936,17.9577464788732,21.4568158168574,23.7594283445812,24.9427480916031
Kyrgyzstan,12.4209315698677,11.3098369279327,10.1289134438306,9.52566096423017,8.97133220910624,8.48484848484848,7.74317993937724,7.69997508098679,8.28402366863905,7.93028322440087,8.19374369323915,7.31520490233627,7.26256983240224,8.17021276595745,9.7774890368686,11.6023831922233,12.975699220541,14.6790363609158,16.3208241353937,18.4294871794872,21.1306496148816
Laos,3.84153661464586,4.2350449973531,4.5668549905838,4.8596564725597,5.08915304606241,5.249343832021,5.6533827618165,5.68927789934354,5.58725630052306,5.44811811187357,5.38689374305813,5.40908317741112,5.54692355500311,6.03215251102575,6.61524382272192,7.42263056092843,8.35874844685417,9.49387320191795,10.6835443037975,12.2350208111509,14.3495254048018
Latvia,15.5977424320164,15.2357320099256,14.9528301886792,16.107678729038,17.2530733361594,17.7859177859178,16.5473349244232,16.582719876017,17.4370537391958,19.3341355796229,21.2568536482497,22.3241590214067,22.5245316681534,23.4972677595628,24.7676579925651,26.2857142857143,27.294921875,28.7292817679558,30.0720906282183,31.9978914074855,34.6652267818574
Lebanon,10.3257103257103,9.49131513647643,8.46560846560846,7.69583142464498,7.36497545008183,7.30460189919649,7.18132854578097,7.37024221453287,7.90447359569458,9.34097421203439,10.0450569838325,10.0465572163685,10.4210773935545,11.3846848881861,12.971441028995,14.8468848996832,16.9034383364217,19.1747572815534,21.4528717230338,23.7810945273632,25.7551669316375
Lesotho,6.95770804911323,6.7515923566879,6.68229777256741,6.63101604278075,6.49854510184287,6.43478260869565,6.33204633204633,6.4406779661017,6.6167290886392,6.91056910569106,6.99152542372881,6.81362725450902,7.05035971223022,7.19889247808029,7.52113929684023,7.32235701906412,6.77966101694915,6.49458784346378,6.88806888068881,7.90113452188006,9.32101245480112
Liberia,4.98177399756987,4.93421052631579,4.91493383742911,4.78896103896104,4.82855143456963,5.01529051987768,4.92404400209534,4.9187725631769,4.71349353049908,4.72521828454032,4.6742209631728,4.7719087635054,4.87685930260912,5.01500214316331,5.54074638233054,6.14649137783848,6.70788253477589,7.1136203246295,7.85435630689207,8.79652005799903,9.92081447963801
Libya,7.19144800777454,6.57193605683837,5.93031875463306,5.42540073982737,4.41102756892231,3.65111561866126,3.71819960861057,3.79220779220779,4.14662084765178,4.69590401323955,5.32909498878085,5.97771023302938,6.64731051344743,7.54400670578374,8.79334978568645,10.3388998035363,12.353217472992,15.0664863646608,18.0537494581708,21.3777219430486,23.1489968428557
Lithuania,13.2450331125828,12.8088179399468,11.8387909319899,13.6363636363636,14.9633874562241,15.0863374734929,14.3275710518605,14.692611393119,16.143861546782,17.5303197353914,19.1483280937411,20.2868852459016,21.5119852489244,22.7099236641221,24.7466492317751,26.9436997319035,28.5321416294259,29.7842235585426,30.4379562043796,31.7018072289157,33.7466098411468
Luxembourg,14.2372881355932,15.1315789473684,15.9744408945687,17.6646706586826,18.3976261127596,18.6111111111111,17.8571428571429,17.9347826086957,18.8976377952756,19.1176470588235,18.8505747126437,18.6550976138829,19.1056910569106,19.6911196911197,20.985401459854,23.0240549828179,24.4299674267101,25.3477588871716,25.9259259259259,26.2784090909091,26.7663043478261
"Macao, China",4.73684210526316,6.14525139664804,8.67052023121388,7.21153846153846,7.05882352941176,8.300395256917,11.0671936758893,9.50819672131148,9.40860215053763,9.44309927360775,9.72850678733032,9.85626283367556,11.8613138686131,15.9929701230228,21.6723549488055,26.9102990033223,31.7512274959084,36.0522022838499,38.6623164763458,40.765391014975,43.6026936026936
"Macedonia, FYR",11.2286411716843,8.78877400295421,7.82483847810481,7.75978407557355,8.96946564885496,9.24269528920692,9.14668153931958,10.2900930487137,11.4659685863874,13.2824427480916,14.4848183175709,15.5206286836935,16.8054875061244,18.8937836514929,21.0166177908113,22.952427660618,24.7892910262766,26.6129032258065,28.7769784172662,31.0036784025223,32.9563812600969
Madagascar,5.36633178142612,5.45294635004398,5.50764406115249,5.79458709229702,6.09439437910493,5.76076810241366,5.32310553231055,5.18457920032723,5.00310476359443,4.90054111729289,4.75941080196399,4.62700124900647,4.62599890802601,5.00590732070188,5.50083699926033,6.06728213736187,6.73369703121035,7.54870365531458,8.45108185644958,9.17442644231969,10.3129245327212
Malawi,4.92713393476752,4.5770202020202,4.22096317280453,3.9989939637827,3.69550785572029,4.26459438968916,4.48841698841699,4.19763281034957,4.26500158746957,4.82058359621451,4.69027296543565,4.70889783961919,4.85053222002677,4.9172130236693,5.01046890977261,5.12632577390704,5.18592887207012,5.25726678092973,5.79223437599949,6.44229635742072,7.2504579380485
Malaysia,7.32984293193717,5.93026579022578,5.29549084654134,4.98947368421053,5.54685340458859,5.58909921671018,5.71739920087178,5.62643531513141,5.66756891123018,5.78809361950083,6.15708515940534,6.68227033352838,7.7807630306287,9.3166461405319,11.2245854024173,13.2314617389244,14.9761877763919,16.6398253036714,18.256778899519,20.2614715495278,22.2297859466001
Maldives,8.64197530864198,7.77777777777778,7.21649484536082,7.3394495412844,6.66666666666667,6.61764705882353,6.9620253164557,5.4054054054054,5.06912442396313,4.87804878048781,5.49450549450549,5.82191780821918,5.75079872204473,6.25,7.4792243767313,8.61618798955614,10.9181141439206,13.3971291866029,16.4733178654292,20.4494382022472,24.5614035087719
Mali,4.94492617764237,5.14928602336651,5.19660146216163,5.15743756786102,5.07042253521127,5.04698393452561,4.98398997633301,4.8740137439552,4.66782206816869,4.46166736489317,4.29657794676806,4.03212172442942,3.78264785349745,3.57500166744481,3.69221592603639,3.9453880885831,4.37267930427985,4.91466356893933,5.50534100246508,6.34619038571157,7.33899504600142
Malta,9.0032154340836,9.87261146496815,11.1111111111111,11.4754098360656,13.4426229508197,13.1578947368421,13.3540372670807,13.953488372093,14.5251396648045,15.8730158730159,17.0103092783505,18.407960199005,21.8137254901961,24.5192307692308,26.9503546099291,28.4037558685446,28.9719626168224,30.3529411764706,33.0166270783848,35.0835322195704,37.0192307692308
Martinique,7.23981900452489,6.53061224489796,7.04225352112676,6.7741935483871,7.92682926829268,9.6969696969697,11.3149847094801,12.3529411764706,13.3704735376045,14.6341463414634,15.8854166666667,17.632241813602,19.2118226600985,21.6867469879518,24.3373493975904,27.8177458033573,30.4556354916067,32.6086956521739,32.9268292682927,33.4164588528678,34.7826086956522
Mauritania,2.76923076923077,3.49462365591398,4.07450523864959,4.13306451612903,4.43864229765013,4.45619335347432,4.521625163827,4.57142857142857,4.52944136889784,4.49339207048458,4.41628264208909,4.3230563002681,4.39821693907875,4.6112600536193,5.13447432762836,5.83070688878883,6.7389943667849,7.78664590227759,9.0127970749543,10.2439868489358,11.5638403167272
Mauritius,4.46247464503043,4.03508771929824,3.9453717754173,3.85126162018592,4.11622276029056,4.59126539753639,5.90062111801242,6.50246305418719,7.1969696969697,7.89007092198582,8.77926421404682,9.82428115015974,11.6422513492675,13.6023916292975,15.5863073561544,17.9157744468237,20.6338028169014,22.8291316526611,24.3356643356643,25.5066387141859,26.1570827489481
Mayotte,12.5,10.5263157894737,8.69565217391304,9.67741935483871,8.10810810810811,6.52173913043478,5.45454545454545,4.22535211267606,4.34782608695652,4.0650406504065,4.05405405405405,4.59770114942529,5.05050505050505,4.95495495495495,6.07287449392712,7.27272727272727,8.60927152317881,10.1226993865031,11.849710982659,14.441416893733,16.3636363636364
Mexico,5.36029703327205,5.18321036642073,5.34423634924822,5.55030384875084,5.54217795842885,5.54194936289922,5.52474154954118,5.97901405662245,6.4709902521492,6.95923533519553,7.45202451522154,8.32431406057154,9.3667248095294,11.0100319394794,12.8927139037433,15.0253313338467,17.6880861629948,21.0357822759237,23.916324047982,26.2015790202687,28.2453106705024
"Micronesia, Fed. Sts.",6.25,5.4054054054054,4.54545454545455,5.66037735849057,4.91803278688525,6.45161290322581,4.16666666666667,4.70588235294118,5.26315789473684,4.67289719626168,5.60747663551402,5.45454545454545,5.4054054054054,7.07964601769912,8.47457627118644,9.09090909090909,9.6,9.375,10.7692307692308,12.5,15.625
Moldova,11.2297181895816,9.86290936785986,9.02731512325116,9.23538230884558,9.7384529771842,10.8072916666667,10.8310456700774,11.7884250474383,12.789365115746,13.0905738649458,14.3170731707317,14.8483235763704,15.9675615212528,18.2789488882472,20.6927175843694,22.7148496811418,23.3040201005025,23.7691555265732,24.7461069735951,27.1257905832748,31.1882998171846
Mongolia,5.40184453227932,5.30035335689046,5.20291363163372,4.94053064958829,4.70869912210694,4.63347164591978,4.7504509921828,4.86910994764398,5.86113615870153,5.68532393124724,5.23450586264657,5.72100313479624,5.96517228603186,6.69470732562215,8.3944037308461,10.6539074960128,12.8553770086527,15.3776435045317,18.0522565320665,20.8491947291362,24.2811501597444
Montenegro,10.3274559193955,10.0702576112412,10.0642398286938,10.4536489151874,10.7899807321773,11.2932604735883,10.7452339688042,11.1304347826087,12.9692832764505,13.5048231511254,14.4157814871017,16.8269230769231,17.6,19.52,21.5189873417722,22.626582278481,23.7795275590551,24.6835443037975,26.031746031746,27.6357827476038,29.4685990338164
Morocco,4.59012731740004,4.35168738898757,4.32613743872022,5.28290559807894,6.2050947093403,5.19503033805259,6.31164716103644,5.78527222172392,6.25579426820912,6.57440730159908,7.18398778964895,7.4738464565638,8.063121487246,9.18676453454503,11.0220994475138,12.6475637131916,14.2726138013603,16.0931775423309,18.0302076777848,20.5522128944803,22.9334961487883
Mozambique,4.70350822725862,4.70520728733324,4.73450170023542,4.80406043437205,4.8883716008888,4.93687582438289,4.9349151425276,4.98386249343241,5.17648796337321,4.96111389864526,4.95863240370391,4.97240220782337,5.0963304711863,5.29722232923682,5.54913294797688,5.78088428612652,5.96896022660215,6.19241599912513,6.48495521016768,6.97038724373576,7.72157919771682
Myanmar,5.69963284573693,5.89478132262835,6.11654171016418,6.39863858753457,6.5823360096955,6.69254450542096,6.96704213600334,7.16536694797564,7.47196787935171,7.67792823599143,7.68240619569648,7.76915916847657,8.18315047332356,9.61100122445135,11.2172267771871,12.9617087783277,14.9338724623031,17.264341735313,19.4682412919672,21.7650708796716,23.6153627670654
Namibia,6.39175257731959,5.80524344569288,5.83333333333333,5.85651537335286,5.5198973042362,5.30973451327434,5.52268244575937,5.46875,5.22968197879859,5.06485484867202,5.15350877192982,5.32338308457712,5.69362855851785,6.18000829531315,6.77123182861515,7.47863247863248,7.99063858241391,8.5153529597974,9.27772741009368,10.5095541401274,12.0646419615492
Nepal,3.77799655427024,4.264440433213,4.56140350877193,4.79580367178719,4.9449163232697,5.01647199760407,5.06009695198884,5.12911213300318,5.22403685092127,5.34178151882342,5.58739255014327,5.93637499081625,6.1838402787083,6.63651467601994,7.24432220930562,8.03292051221372,9.01665559573892,10.2452733776188,11.7891387919226,13.585783795219,15.6006526616357
Netherlands,11.4593632588491,12.3337363966143,13.1324566750849,13.8626749105109,14.5278821814835,15.1240213653326,15.6994415777197,16.7644419904755,17.3465293566939,17.7369238736406,18.1978132461983,19.2437335294478,21.9179727376449,24.0837077323244,26.3563178158908,28.7756513719161,30.8378100354326,31.7682545102726,31.6553727008712,31.3550600343053,31.2949020058624
Netherlands Antilles,8.10810810810811,7.37704918032787,6.66666666666667,7.53424657534247,7.64331210191083,8.98203592814371,9.6045197740113,9.94475138121547,10.0529100529101,10.9947643979058,12.707182320442,14.0540540540541,14.9253731343284,17.5609756097561,21.0526315789474,25,28.5714285714286,32.1951219512195,35.1485148514851,37.8787878787879,39.3782383419689
New Caledonia,4.76190476190476,5.88235294117647,5.1948051948052,5.43478260869565,5.60747663551402,6.2015503875969,5.67375886524823,6.45161290322581,7.01754385964912,7.29166666666667,8.33333333333333,10.1694915254237,11.3725490196078,12.5461254612546,14.4827586206897,16.7763157894737,19.0625,21.2121212121212,22.8985507246377,24.2937853107345,25.8953168044077
New Zealand,13.1027253668763,12.6404494382022,12.2259696458685,11.8340943683409,12.4778447359093,12.7473240350308,13.6868847253096,14.3904674610449,15.2982870643828,15.4409769335142,15.7921943654691,16.4963503649635,18.1923791821561,19.8842128701848,22.0389805097451,24.5033112582782,26.2565339766787,27.224513847967,27.6632633403968,28.303317535545,29.2017199476538
Nicaragua,4.63678516228748,4.30748840291584,4.05633802816901,3.97479398933592,4.08503543142976,4.18155825589707,4.33712703783451,4.5822102425876,4.85976789168279,5.06546469199399,5.39321435575603,5.95565328935312,6.23604191719636,7.29449321628093,8.562874251497,9.89088847952388,11.2931618144888,13.0054787372815,15.0842945874002,17.6667909057026,20.1964395334561
Niger,1.62403572878603,2.01698513800425,2.49922863313792,2.84121083377589,3.05656934306569,3.22200392927308,3.27481431465226,3.38461538461538,3.50455465587045,3.49349672148769,3.47171863669326,3.53381163181194,3.4860307072741,3.37859007832898,3.48629450472829,3.7166849215042,3.74965451586156,3.86467143786597,4.0884224628782,4.36930017306084,4.78374385928751
Nigeria,5.11177753544166,5.19848305752561,5.23156659062216,5.10165625309928,4.98521260205076,4.88060425039486,4.78369384359401,4.79730364524615,4.76376375348011,4.7306901827993,4.77800116946885,4.8722662710553,4.92420652221991,5.10259762405502,5.33813537834216,5.62270600164716,5.97656318938284,6.5351843931967,7.38249082441477,8.43273534441978,9.58859566283732
Norway,13.8744257274119,14.7067405894368,16.1920714684534,17.1098576416868,18.1325767345886,19.0963554667998,20.25935894299,21.2376595232362,20.9433962264151,20.0045882083047,19.157002676182,19.6031917187837,21.1035618694668,22.3744292237443,23.8553289726818,25.4565784569512,27.2068152981693,28.5006195786865,28.9185905224787,29.1325136612022,29.6234028244788
Oman,4.84581497797357,4.57256461232604,4.7787610619469,4.67289719626168,4.42359249329759,4.2483660130719,3.62257792754844,3.20470896010464,3.03852414541508,3.13075506445672,3.49708576186511,4.20489296636086,4.81927710843373,5.90994371482176,7.24098454493417,9.03805496828752,10.9162756236108,12.5437164840289,14.9578339991123,18.0059523809524,20.6274348985032
Pakistan,10.4859272930377,9.71707229375941,9.09407736935977,8.64429579670886,8.12929135898432,7.32474241275724,6.60460724618383,6.03816576473939,5.65138153519266,5.56850775342424,5.65576647854616,5.94695324938486,6.20179374624499,6.55468073303423,7.11266733867402,7.85871767490773,8.78608017523984,9.88930278324431,11.178591951176,12.7906068004414,14.8578741989761
Panama,6.51162790697674,6.55066530194473,6.74955595026643,6.59509202453988,6.37873754152824,6.4927536231884,6.7553735926305,6.98208543867708,7.25238292581848,7.62902019446522,7.99457994579946,8.8126159554731,9.72341032221272,10.9196925523456,12.4658554755401,14.2924086223055,16.3137954089592,18.3215887251762,19.9299258037922,21.3483146067416,22.8397486252946
Papua New Guinea,6.05555555555556,4.58333333333333,4.13461538461538,3.6260375709917,3.76028202115159,3.69853454291696,3.62613316661457,3.68638239339752,3.67860600193611,3.67303609341826,3.82473078351281,3.9228506047728,4.25253991291727,4.76748729972646,5.45454545454545,6.40043173232596,7.33817241722183,8.32948564041001,9.09248204862012,9.97223129696178,11.0109565622815
Paraguay,4.54545454545454,4.77326968973747,5.03408495018353,5.23656407900781,5.43041029766694,5.62878517990738,5.8455767427321,5.96652267818574,6.13828786453434,6.14455321807957,6.50588895120583,6.97831978319783,7.66372503483511,8.64972880388239,9.71466489714665,10.7579157317377,11.8146444994694,12.7458693941778,14.1361821517212,16.1714106975289,18.2868727825646
Peru,5.66260322453795,5.63948794833352,5.6489779478401,5.5550710735153,5.55597665428636,5.57900290160907,5.5744705407121,5.7561325344395,6.10304922850845,6.61626498475419,7.21756517726678,7.8603247593045,8.70626525630594,9.79901913645543,11.1006356254372,12.6817260353316,14.3948230850414,16.264785559102,18.3494132985658,20.3287307623593,22.4551876712673
Philippines,5.52082812421863,5.06759665891673,4.81927710843374,4.71001868803649,4.85150139473828,4.95741947761549,4.92580122209752,4.93012775082229,4.88578476916669,5.14964411285482,5.51944290697525,6.04596760044447,6.66766364723979,7.65911436575417,8.77810397330464,10.0017054660186,11.2995940024923,12.6707305894216,14.2365122775202,15.9474737791812,17.8657197397319
Poland,8.23799548823719,8.47109710054617,9.36635400499359,10.9884867374849,12.7851085325904,13.7666460887203,13.2006521616911,13.8383376790946,14.8596168984518,15.7810192502008,16.7026619135594,17.1815278286821,19.399022030601,22.6018153430893,25.5787283976958,27.0946622297974,28.0294028242186,29.7917021397355,32.4961992749386,35.7433962264151,38.0314247337019
Portugal,10.4699583581202,10.7200929152149,11.5237020316027,12.4360969104245,14.0453969351308,14.8685802265479,15.6563587958222,16.8411606341609,18.7775551102204,20.3406713816117,21.5312408330889,22.271736038684,23.6280629833225,25.2039302929181,27.0920404941024,29.4172581247665,31.6448545334714,34.2403196651127,36.6570327552986,38.1316098707403,38.4223664503245
Puerto Rico,6.08382154123479,6.97467792092403,7.70859805167302,8.20116054158607,9.56585724797645,9.2208234093229,11.1979981232405,11.992893100385,13.2615471805044,14.2393947581735,15.4350104821803,17.2757475083056,19.5695695695696,21.4969325153374,23.4952864394489,25.3949258018191,26.9368295589988,28.2748747315676,29.7627606038821,31.1052123552124,32.1141185076811
Qatar,4.16666666666667,2.85714285714286,4.44444444444444,2.85714285714286,2.72727272727273,3.50877192982456,2.17391304347826,1.66204986149584,2.14132762312634,2.28571428571429,2.59319286871961,2.37020316027088,2.05434062292909,3.31085223789086,2.98850574712644,4.49620801733478,6.35571501793952,8.87804878048781,12.0689655172414,16.1593554162936,19.5858498705781
Reunion,6.04838709677419,5.80204778156997,5.08982035928144,5.15463917525773,5.42299349240781,6.2111801242236,6.71936758893281,7.60869565217391,8.09917355371901,8.58433734939759,9.39226519337017,10.3184713375796,11.2038140643623,12.7539503386005,14.6995708154506,17.4047373841401,19.8609731876862,21.2704523580366,21.8984962406015,22.7859778597786,23.8574040219378
Romania,8.67565910484366,9.84787830264211,10.609517601043,12.1899957965532,13.2276699748185,14.2655433708288,13.256159632449,14.3504664671713,15.6481641096363,17.4551386623165,19.0187929165161,19.2705925857447,20.2878716375649,22.147392726573,23.8394346844636,24.1358581304478,26.8715685771461,29.3482269877233,32.4657014261699,34.3868874468561,36.9870941605417
Russia,9.19066814667679,9.13546557032702,9.3456540957083,10.3828887468737,11.9308551839439,13.5973538351511,13.4955608605656,13.8781680623093,16.0133455802896,16.6507293027516,18.3606959746918,17.1926074930852,18.0790356707773,20.0694298490372,22.4904729550087,24.3326155124863,24.985644002297,26.0112610457141,27.3007114378577,29.4673294261868,31.7361194852624
Rwanda,3.75173691523854,3.82139983909895,3.77423822714681,3.75,3.76059322033898,3.78770696303017,3.71368096979026,4.1905385496808,4.29250559284116,4.09926470588235,4.05829878125393,3.87010676156584,3.82444530945893,4.05278842060451,4.56365697015489,5.00136276914691,5.30237178691171,5.67755148481056,6.42072213500785,7.94612142061146,9.61460078800779
Saint Lucia,5.95238095238095,4.70588235294118,5.61797752808989,6.31578947368421,6.86274509803922,7.3394495412844,6.77966101694915,7.8740157480315,9.42028985507246,10.8108108108108,10.1910828025478,9.14634146341463,9.30232558139535,9.83606557377049,11.9791666666667,14.1414141414141,15.7635467980296,18.2692307692308,20.18779342723,22.7906976744186,25.3456221198157
Saint Vincent and the Grenadines,5.88235294117647,6.75675675675676,6.25,6.81818181818182,7.69230769230769,8.51063829787234,8.08080808080808,7.69230769230769,8.49056603773585,9.09090909090909,8.41121495327103,9.34579439252336,8.49056603773585,10.8108108108108,11.1111111111111,15.3153153153153,17.1171171171171,18.75,20.1754385964912,22.2222222222222,22.2222222222222
Samoa,3.65853658536585,2.12765957446808,2.77777777777778,1.58730158730159,2.7972027972028,2.66666666666667,3.24675324675325,4.45859872611465,6.2111801242236,6.02409638554217,6.81818181818182,6.74157303370787,7.18232044198895,7.18232044198895,8.19672131147541,10.1063829787234,10.5263157894737,11.1675126903553,10.7692307692308,11.2820512820513,13.0208333333333
Sao Tome and Principe,5,5.17241379310345,4.6875,3.17460317460317,6.94444444444444,6.17283950617284,7.21649484536082,6.66666666666667,6.03448275862069,6.25,5.71428571428571,5.92105263157895,4.8780487804878,5.58659217877095,5.52763819095477,6.04651162790698,6.41025641025641,7.53968253968254,9.70149253731343,11.7021276595745,13.1313131313131
Saudi Arabia,5.59200249921899,5.54008908685969,5.47507979376381,5.30050083472454,5.10097493036212,4.82625482625483,4.3623112961999,3.86289445048966,3.53650285995449,3.63247863247863,4.05113172185112,4.17566594672426,4.61421223090112,5.50601410203235,6.79574791192103,8.63153582818855,10.8414283759748,12.9185859945137,15.1402100061767,16.7702600113874,18.6120018323408
Senegal,5.4635761589404,5.19095291064145,4.90100616682895,4.73239436619718,4.53237410071942,4.4189852700491,4.36557231588288,4.32847275518035,4.27282377919321,4.26096997690531,4.19191919191919,4.1216096436802,3.91912908242613,3.7592949600661,3.87774004322322,4.22637707120466,4.83573840957937,5.68914404028046,6.74362883903289,7.93883195054498,9.26713404589511
Serbia,10.9296109296109,9.79631425800194,10.3507383966245,11.3688212927757,12.9801810619036,13.0404217926186,12.5544997205143,13.5677308024159,15.3323578595318,17.5357772985689,18.9085167275239,18.9630681818182,19.6834415584416,21.5790009156577,22.6742997342057,23.5390946502058,24.5877838846832,25.9704928324788,27.5727128503437,29.2541791684526,30.7198782079165
Sierra Leone,5.24421593830334,5.55821753713464,5.72315882874889,5.72597137014315,5.73678290213723,5.59535994541112,5.42778288868445,5.26025888185073,4.87148102815177,4.43942814145974,4.04255319148936,3.64134690681284,3.4790059982862,3.30994508846858,3.37616183706944,3.61237825175687,3.97047310144279,4.49908182003673,5.17693315858453,5.94033722438392,6.70094809577374
Singapore,3.71456500488759,3.36391437308868,3.67197062423501,4.68085106382979,5.73217726396917,6.75198587819947,7.24337748344371,7.81999262264847,8.38859416445623,9.3130209830411,10.555140652228,12.2745373623799,16.0363711510643,20.8893280632411,26.5325670498084,31.7732612343837,35.5677655677656,37.6481312670921,38.3342526199669,38.8014981273408,39.5901168358552
Slovak Republic,9.92784992784993,9.84469597262438,10.5161601543657,11.6689591930307,13.9447513812155,13.8273168672155,13.3842443729904,13.6743824158724,14.7965005705591,15.0382962824584,15.3188324967466,16.0787226141849,17.6492330437997,20.2981229297019,22.6938625505329,24.6074265656752,26.0048607216302,28.3349191246432,31.4563106796116,34.1603811036125,36.1935746238308
Slovenia,10.5762711864407,10.9079033311561,12.3417721518987,13.7423312883436,14.919113241462,15.3272101033295,14.4650655021834,15.0823154540627,16.2947586922678,17.853509664293,19.3256165072974,20.4692960559161,22.4197530864198,25,27.3612463485881,29.5754026354319,31.385068762279,33.1020812685828,35.1202404809619,36.4372469635628,37.0654396728016
Solomon Islands,3.33333333333333,3.92156862745098,5.08474576271186,4.44444444444444,5,5.18134715025907,4.80349344978166,5.49450549450549,5.07936507936508,4.6831955922865,4.57831325301205,4.65116279069767,4.68164794007491,5.18394648829432,5.74018126888218,6.48275862068966,7.36975857687421,8.85478158205431,10.4510451045104,11.8626430801249,13.2075471698113
Somalia,4.63985859478568,4.76190476190476,4.89709013484741,4.94799873936338,4.915301305193,4.85908649173955,4.72489897419956,4.71698113207547,4.6398786959818,4.46319018404908,4.46247464503043,4.34574404405603,4.3380703066567,4.5662100456621,4.78523599542708,5.02765208647562,5.34205678714349,5.74146424324784,6.2984496124031,6.55692093670299,7.07878066408741
South Africa,5.94942259903523,6.07203224548173,6.05886410669119,6.0361360654083,5.54148335777452,5.18348445343814,5.0526243378964,4.98801541308899,5.12967044928838,5.48398791540785,5.90817918431023,6.53173298941194,7.3161553544196,8.46280352133114,9.61304777094251,10.4694416545772,11.0573057525035,11.470593536526,11.9735902926481,12.9461992240784,14.1914017112074
Spain,10.9357706451498,11.5324016988629,12.3271927232128,12.783878213127,14.2133933329386,14.9222362337116,15.4541093700032,17.0093166085463,18.9670708787106,20.8123889312008,21.5983311396429,21.6005945330825,22.4043957013924,23.1981695690861,24.7467259698542,27.1749279421914,30.0785566471782,33.2238544528046,36.1214557348624,37.5112467237805,37.52487222504
Sri Lanka,12.1601941747573,8.60322760155815,6.7059175730965,5.98641887062187,5.93450479233227,6.33838566973675,6.84640414370144,7.60809055483392,8.33333333333333,8.9991774060872,9.47306729181096,10.1105764308385,12.2874920386066,14.7156084656085,17.1364096896012,19.6559862031406,21.8562739355711,22.5188781014024,23.7131524384747,26.1438502430824,27.8448355293467
Sudan,5.34276387377584,5.1490514905149,4.89558370421089,4.74424939467312,4.70079787234043,4.69902246612931,4.72475498561607,4.77279341454288,4.84293676866856,4.94115358428168,5.12534020913909,5.3852912295209,5.74385331296013,6.12206415386872,6.60701995870612,7.18834341759424,7.92196081646036,8.85333497113377,9.99130686757462,11.2870796265183,12.7180960413262
Suriname,8.37209302325582,6.82730923694779,5.88235294117647,6.00600600600601,5.61497326203208,5.50964187327824,6.02739726027397,6.64893617021277,7.17821782178218,7.62124711316397,8.54700854700854,8.81763527054108,9.4876660341556,10.036496350365,11.6402116402116,14.1638225255973,16.1129568106312,18.2410423452769,19.2556634304207,21.0610932475884,22.6537216828479
Swaziland,4.37956204379562,4.56026058631922,4.59770114942529,4.58015267175573,4.26966292134831,4.26356589147287,4.31893687707641,4.39093484419263,4.27745664739884,4.44214876033058,4.80591497227357,4.80854853072128,5.25,5.59875583203732,6.02759622367466,6.04810996563574,5.90551181102362,5.4820415879017,5.52519732847602,6.18738951090159,7.78923253150057
Sweden,14.9536707056308,15.7670063343432,17.2593582887701,18.2570468063098,19.5722457100224,21.0275811569441,21.9494584837545,23.5836627140975,22.7596681855357,22.0346663645633,22.1106094808126,23.278905560459,24.9838605551969,25.9423036428722,26.7476577782354,27.7833803953207,28.8663887234465,29.5421119717619,29.6005429513283,29.5909569882173,30.1986754966887
Switzerland,13.8989554465999,14.3542582966813,15.1276276276276,15.5054644808743,16.4133247089263,17.468833833044,18.2494460272238,19.1035548686244,19.4312090530077,19.6050575365819,20.2783576896312,21.580220370868,23.2855074371462,24.7931747673216,26.7005076142132,29.0897755610973,30.9684546458819,31.7421856069784,31.7751408366295,31.8219584569733,31.8139097744361
Syria,6.73267326732673,6.28915058882486,5.64935064935065,5.07595405705817,4.62962962962963,4.32475457681083,4.16759527523958,4.15087362484977,4.22955974842767,4.37311798521763,4.5787656713706,4.68594738768893,4.86558542546101,5.4627852855918,6.32246855761604,7.60945586795356,9.21138743455497,11.2029611351018,13.6261030166222,16.3925223151631,18.902224269188
Tajikistan,7.43639921722114,7.4635241301908,7.53720595295247,7.60956175298805,7.47790618626785,6.71511627906977,6.19469026548672,5.93517301795883,6.24057315233786,5.88438906195916,5.52763819095477,5.09563886763581,5.01766784452297,5.46250966245813,6.5356381719157,7.96606434552666,9.01434809731753,10.0079349335449,11.0188895248998,12.7634011090573,15.5881558815588
Tanzania,3.77728401516142,3.87871853546911,3.98054397458805,4.05035108751499,4.11825268421827,4.18884227662638,4.23365487674169,4.28204657986429,4.34065286561653,4.42412918724143,4.5823444962058,4.74005332239541,4.86245254113102,4.89330672397912,4.95285393107614,5.05519615407443,5.25193387729151,5.62814429794235,6.19057405864982,6.86603510230749,7.66187609067071
Thailand,5.05217180296045,4.99978992479308,5.14072787786701,5.25220524288732,5.38585641301425,5.5498993725583,5.76125592417062,6.28235383678441,7.3895015438906,8.54021516819368,9.6318870799583,10.252172198887,11.5455172515006,13.7248173408256,16.3932590560439,19.1289860659801,21.5580844518254,23.4349420248677,24.656108964138,25.6084340614667,26.3518763375636
Timor-Leste,5.51724137931034,4.53563714902808,4.4,4.71869328493648,4.46280991735537,4.45765230312036,3.78006872852234,3.49544072948328,3.51351351351351,3.76914016489988,4.1871921182266,4.54086781029263,4.78632478632479,4.83754512635379,5.1266213712168,5.29411764705882,5.27555346208196,5.49496644295302,5.54716981132076,6.38661202185792,7.46268656716418
Togo,6.77200902934537,6.18055555555556,5.73979591836735,5.31542056074766,5.16189582355702,5.14705882352941,5.03054257994969,4.96114763897191,4.89171974522293,4.89620938628159,5.02857142857143,5.2060737527115,5.48591653148503,5.83596214511041,6.26480341070583,6.77509694097372,7.45427582797825,8.36001097594439,9.58145085670446,11.0105701473414,12.5284220100045
Tonga,2.22222222222222,1.81818181818182,2.94117647058824,2.46913580246914,3.06122448979592,3.19148936170213,4.12371134020618,5.3763440860215,6.45161290322581,7.36842105263158,8.08080808080808,8.65384615384615,7.69230769230769,8.7378640776699,8.33333333333333,8.84955752212389,10.5263157894737,12.2950819672131,11.4754098360656,12.2950819672131,13.0081300813008
Trinidad and Tobago,6.13207547169811,6.10263522884882,5.81257413997628,5.79710144927536,6.68724279835391,7.6162215628091,8.06302131603336,7.98640611724724,7.97697368421053,8.07600950118765,8.57805255023184,9.33232169954476,10.5654761904762,12.2254758418741,14.6570397111913,17.6640230713771,19.6092619392185,21.5226939970717,23.6783320923306,27.2243346007605,30.0704776820673
Tunisia,8.06908267270668,6.81347150259067,6.25296068214116,5.57235421166307,6.18054201598752,5.82421461348394,5.8550185873606,6.27472377574683,7.1445959104187,8.61779518746503,9.0678235107396,9.21239117230208,9.7165991902834,11.0998805476431,12.8981171916241,14.7846727704307,16.9209202605756,19.3399660276632,22.2239948947033,25.2865386135483,28.2218725413061
Turkey,5.77173710668404,5.85558129139746,6.06758288466988,6.24453056632079,6.78579319487406,6.65841644221203,6.30821888133096,6.29752388379801,6.70054381741999,7.41291418861512,7.80793884859611,8.24246852517986,8.99808467076151,10.0619020821609,11.5296109501496,13.4025456709858,15.5074356023723,18.012850178116,20.4868389176208,22.7987763778711,24.421649262237
Turkmenistan,9.49628406275805,8.6410635155096,7.72613065326633,7.40740740740741,7.22120658135283,6.78302261007537,6.01398601398601,5.88599752168525,6.19034633215162,6.20969668020062,6.57631637413908,6.04996902746232,6.14255360247247,7.00671628244691,8.62839463733242,10.5089771042662,12.1593625498008,13.871667699938,15.6339948492653,17.7407352284566,20.4973513831666
Uganda,4.72868217054264,4.35667062213935,4.24403183023873,4.2181455135405,4.2262472195742,4.25082629452809,4.29079415250889,4.31902669820885,4.33212996389892,4.37127177284658,4.13801571709234,4.02425002613149,3.8494540935586,3.68178498577149,3.49756034371087,3.43226289673252,3.62563099133466,4.10834818689186,4.74833932837976,5.55886842858506,6.50932956425511
Ukraine,10.9395109395109,10.8855582433477,11.1004628114628,12.3224525805029,13.9822896633345,15.7860377820392,15.4869909276208,16.4218093255293,18.4886493612237,18.4987172708223,20.9310415387763,20.594439117929,20.8997270886522,22.0848616582892,23.858423565025,25.3964821222607,26.1552243262747,27.3273815667252,28.7664645061316,30.8665157121555,32.751877123362
United Arab Emirates,5.79710144927536,5,4.3956043956044,4.16666666666667,4.88888888888889,3.57815442561205,1.97044334975369,2.19702338766832,2.08667736757624,1.89222542163719,1.85185185185185,1.786588350465,2.05988532597154,2.90720061609549,4.18801908464393,5.37088586867529,7.97864225781846,12.3751070510991,15.7463388418648,17.2453262113697,17.5572519083969
United Kingdom,15.5185016891558,16.1819566788414,16.865882532651,17.5789802940256,18.8035569927243,19.6930081994913,19.9662612092693,20.7461762885687,20.8109855168679,20.7487681334206,20.7981802441053,21.2661798871557,22.6821111811176,23.296447291788,24.242563913471,25.8119247458747,27.1741369669502,27.7829206202268,27.8190671450538,28.1902064168723,28.8371450286741
United States,12.500316832687,13.1123978241436,13.2547255884847,13.461384192688,14.0793362073493,14.8073772175239,15.6392176686945,16.3990839986534,16.5817197339768,16.259315502252,16.1859631325519,16.7368038580961,18.1910338748268,20.0831091612655,22.2770789879649,24.1791968422285,25.2767033982826,25.8924365590436,26.2812123144489,26.7518556324273,27.3584975726172
Uruguay,11.8303571428571,11.7200674536256,11.8503937007874,12.3470522803115,12.9227483090068,14.1342756183746,14.7462277091907,15.5710491367862,16.5488431876607,17.167647970251,17.3441734417344,17.8947368421053,18.3812629706493,19.067055393586,20.1317296678121,21.2976022566996,22.2810931399888,23.6122618061309,25.1511819681144,26.1048586329948,27.4002751031637
Uzbekistan,9.12258473234083,8.88919514884234,8.77541481654592,8.93188703215089,8.71199465419312,7.74128926092867,6.70762286860582,6.40510647664117,6.45805917044402,6.32226536934421,6.57087504036164,6.18991526389786,6.32173568884252,7.2721099983025,8.96934325295023,10.936544809879,12.5335219402941,14.3312467696549,16.1707159145294,18.495619385605,21.4940446786322
Vanuatu,4.25531914893617,3.7037037037037,3.07692307692308,2.73972602739726,3.52941176470588,4.95049504950495,4.23728813559322,4.58015267175573,5.36912751677852,4.65116279069767,4.73684210526316,5.06912442396313,4.8780487804878,6.11510791366906,6.49350649350649,7.37463126843658,8.42391304347826,9.54773869346734,10.4895104895105,11.8681318681319,13.6929460580913
Venezuela,3.41578327444052,4.01219707912053,4.1826098429872,4.45397558561531,4.8018648018648,4.96899285658215,5.06060806782805,5.32240374069157,5.79533941236069,6.2466051059207,6.7352206153468,7.49401376833284,8.63173116650599,10.0188552618964,11.507152690489,13.3199502375028,15.0203268448968,16.5021958150349,18.2816908441737,20.1385344513307,22.0898149469578
Vietnam,7.00555474345856,7.2310405643739,7.38231098430813,7.64062048872674,7.52016411021493,7.48931735278791,7.04103833745968,6.98479602589192,7.03880930457228,7.50041120675476,7.8029060676557,8.46387154326494,8.73535589527008,10.0259485087616,12.2845861094389,15.1899974523292,18.1634549730673,20.8504103100223,22.9247358754751,24.4733101847687,26.6387864025504
Virgin Islands (U.S.),10.7142857142857,10,9.09090909090909,6,4.6875,4.70588235294118,6.12244897959184,7.54716981132075,8,10.377358490566,12.8440366972477,17.4311926605505,20.7207207207207,23.1481481481482,27.6190476190476,31.0679611650485,32.2916666666667,32.6086956521739,31.4606741573034,31.7073170731707,34.6666666666667
West Bank and Gaza,7.3558648111332,6.81381957773512,6.18181818181818,5.26315789473684,5.21023765996344,4.8683160415004,5.01015572105619,5.38116591928251,5.11152416356877,5.58103975535168,4.82692918386789,4.48990435706695,4.39909297052154,4.55795677799607,5.09817430244574,5.87517167709446,6.61292526301407,7.53246753246753,8.43986876343478,9.41877482751411,10.8437256430242
Western Sahara,0,0,3.125,3.84615384615385,3.84615384615385,3.94736842105263,4.66666666666667,4.37158469945355,3.6697247706422,3.83141762452107,3.78548895899054,3.6281179138322,3.96975425330813,5.26315789473684,6.9060773480663,8.78552971576227,11.3831089351285,14.0845070422535,16.9109357384442,19.6936542669584,21.7948717948718
"Yemen, Rep.",6.16597125637459,5.34770661593743,4.77011494252874,4.34707607383129,4.05320813771518,3.80710659898477,3.55608591885442,3.31524420325604,3.09454191033138,3.90363308425664,3.73507893723527,3.7488106565176,3.84615384615385,4.11618794262501,4.4855381697487,4.91156922383688,5.35478296228525,5.98312392785943,6.96507855191257,8.37367084589748,10.130755476084
Zambia,4.36083796494228,4.18236623963828,4.20499342969777,4.29864253393665,4.32785299806576,4.40726382370945,4.4163491513682,4.42151805453206,4.41325240263025,4.45761967501098,4.55674436377532,4.67711705571648,4.76046774801962,4.71326523799987,4.60456318713796,4.4518553808692,4.38550294441519,4.54466078756658,4.98897132544616,5.53021030377212,6.30611962978312
Zimbabwe,5.34739905420153,5.36996565719638,5.2771855010661,5.11196561863832,4.88179896213723,4.71789883268482,4.69715698393078,4.54391319091217,4.5398069387365,4.72978741569197,5.12161836718311,5.63527054108216,5.78976508740014,5.86641955948393,5.62656561115036,5.24433849821216,4.87273945077026,5.07894736842105,6.4312045431902,8.9757527059602,12.0124453262389